
     Program GIPAW v.7.3.1 starts on 27Mar2026 at  5:23:48 

     This program is part of the open-source Quantum ESPRESSO suite
     for quantum simulation of materials; please cite
         "P. Giannozzi et al., J. Phys.:Condens. Matter 21 395502 (2009);
         "P. Giannozzi et al., J. Phys.:Condens. Matter 29 465901 (2017);
         "P. Giannozzi et al., J. Chem. Phys. 152 154105 (2020);
          URL http://www.quantum-espresso.org", 
     in publications or presentations arising from this work. More details at
     http://www.quantum-espresso.org/quote

     Parallel version (MPI), running on     4 processors

     MPI processes distributed on     1 nodes
     R & G space division:  proc/nbgrp/npool/nimage =       4
     1422 MiB available memory on the printing compute node when the environment starts


     ***** This is GIPAW git revision b4cd71f0ca61dff27ae0a550d98bccde8453d2ba *****
     ***** you can cite: N. Varini et al., Comp. Phys. Comm. 184, 1827 (2013)  *****
     ***** in publications or presentations arising from this work.            *****

     Parallelizing q-star over 1 images
     Waiting for input...
     Reading input from standard input

     ------------------- Input file: --------------------
&inputgipaw
      job = 'nmr'
      prefix = 'alglycine'
      tmp_dir = '/home/thiago/Documents/spyn/tmp/'
      diagonalization = 'david'
      verbosity = 'high'
      q_gipaw = 0.01
      use_nmr_macroscopic_shape = .true.
/



     Reading xml data from directory:

     /home/thiago/Documents/spyn/tmp/alglycine.save/

     IMPORTANT: XC functional enforced from input :
     Exchange-correlation= PBE
                           (   1   4   3   4   0   0   0)
     Any further DFT definition will be discarded
     Please, verify this is what you really want


     Parallelization info
     --------------------
     sticks:   dense  smooth     PW     G-vecs:    dense   smooth      PW
     Min        1294    1294    343                45647    45647    6316
     Max        1295    1295    344                45648    45648    6317
     Sum        5179    5179   1373               182591   182591   25265

     Using Slab Decomposition

     Reading collected, re-writing distributed wavefunctions
     Subspace diagonalization in iterative solution of the eigenvalue problem:
     a serial algorithm will be used

     GIPAW projectors -----------------------------------------------
     atom=O      l=0  rc=    1.4500  rs=    0.9667
     atom=O      l=0  rc=    1.4500  rs=    0.9667
     atom=O      l=1  rc=    1.4500  rs=    0.9667
     atom=O      l=1  rc=    1.4500  rs=    0.9667
     projs nearly linearly dependent: l=1  n1,n2= 1, 2  s= -0.99382826

     atom=C      l=0  rc=    1.7500  rs=    1.1667
     atom=C      l=0  rc=    1.7500  rs=    1.1667
     atom=C      l=1  rc=    1.7500  rs=    1.1667
     atom=C      l=1  rc=    1.7500  rs=    1.1667
     projs nearly linearly dependent: l=1  n1,n2= 1, 2  s= -0.99430547

     atom=N      l=0  rc=    1.5000  rs=    1.0000
     atom=N      l=0  rc=    1.5000  rs=    1.0000
     atom=N      l=1  rc=    1.5000  rs=    1.0000
     atom=N      l=1  rc=    1.5000  rs=    1.0000
     projs nearly linearly dependent: l=1  n1,n2= 1, 2  s= -0.99478590

     atom=H      l=0  rc=    1.2000  rs=    0.8000
     atom=H      l=0  rc=    1.2000  rs=    0.8000
     projs nearly linearly dependent: l=0  n1,n2= 1, 2  s= -0.99707079
     -----------------------------------------------------------------

     GIPAW integrals: -------------------------------------------
     Atom  i/j   nmr_para   nmr_dia   epr_rmc  epr_para   epr_dia
     O     1 1   0.94E+03  0.22E+00  0.82E+01  0.16E+05  0.59E+01
     O     2 1  -0.11E+04 -0.25E+00 -0.99E+01 -0.19E+05 -0.75E+01
     O     2 2   0.13E+04  0.29E+00  0.12E+02  0.22E+05  0.97E+01
     O     3 3   0.43E+01  0.13E+00  0.12E+01  0.98E+02  0.24E+01
     O     4 3  -0.53E+01 -0.19E+00 -0.16E+01 -0.12E+03 -0.33E+01
     O     4 4   0.64E+01  0.26E+00  0.23E+01  0.14E+03  0.45E+01
     C     1 1   0.44E+03  0.21E+00  0.50E+01  0.54E+04  0.35E+01
     C     2 1  -0.50E+03 -0.22E+00 -0.58E+01 -0.62E+04 -0.42E+01
     C     2 2   0.58E+03  0.23E+00  0.68E+01  0.72E+04  0.50E+01
     C     3 3   0.15E+01  0.70E-01  0.47E+00  0.26E+02  0.95E+00
     C     4 3  -0.18E+01 -0.10E+00 -0.67E+00 -0.32E+02 -0.13E+01
     C     4 4   0.23E+01  0.15E+00  0.95E+00  0.38E+02  0.19E+01
     N     1 1   0.70E+03  0.24E+00  0.70E+01  0.10E+05  0.49E+01
     N     2 1  -0.81E+03 -0.26E+00 -0.81E+01 -0.12E+05 -0.57E+01
     N     2 2   0.93E+03  0.27E+00  0.94E+01  0.14E+05  0.69E+01
     N     3 3   0.26E+01  0.89E-01  0.73E+00  0.55E+02  0.15E+01
     N     4 3  -0.32E+01 -0.13E+00 -0.10E+01 -0.65E+02 -0.20E+01
     N     4 4   0.39E+01  0.18E+00  0.14E+01  0.77E+02  0.28E+01
     H     1 1   0.26E+02  0.66E-01  0.98E-01  0.15E+03  0.20E+00
     H     2 1  -0.30E+02 -0.85E-01 -0.13E+00 -0.17E+03 -0.26E+00
     H     2 2   0.35E+02  0.11E+00  0.18E+00  0.19E+03  0.36E+00
     ------------------------------------------------------------

     alpha_pv=     41.6245 eV

     Number of occupied bands for each k-point:
     k-point:     1    nbnd_occ=  60
     k-point:     2    nbnd_occ=  60
     k-point:     3    nbnd_occ=  60
     k-point:     4    nbnd_occ=  60


     Message from routine gipaw_summary:
     spline_ps is .false., expect some extrapolation errors

     q-space interpolation up to    96.00 Rydberg

     GIPAW job: nmr                                                                             
     NMR macroscopic correction: yes
             0.6667          0.0000          0.0000
             0.0000          0.6667          0.0000
             0.0000          0.0000          0.6667


     Largest allocated arrays     est. size (Mb)     dimensions
        KS wavefunctions at k           5.25 Mb     (    5733,   60)
        KS wavefunctions at k+q         5.25 Mb     (    5733,   60)
        First-order wavefunctions      52.49 Mb     (    5733,   60, 10)
        Charge/spin density             0.77 Mb     (  101250,    1)
        Induced current                 6.95 Mb     (  101250,    3,3,1)
        Induced magnetic field          6.95 Mb     (  101250,    3,3,1)
        NL pseudopotentials             1.75 Mb     (    5733,   20)
        GIPAW NL terms                 17.50 Mb     (    5733,  200)

     Computing the magnetic susceptibility     isolve=0    ethr=  0.1000E-13
     Restarting from a previous run
     Resuming from k-point #    1   and q #  3
     k-point #    1 of     4      pool #  1    cpu time:       9.1
     compute_u_kq: q = (    0.0000,    0.0000,    0.0000)
     Rotating WFCS
     ethr =  1.00E-14,  avg # of iterations =  6.0
     eigenvalues at k:
 -18.5709 -18.5352 -18.3713 -18.3371 -17.7660 -17.7300 -17.6611 -17.6220
 -15.8599 -15.8516 -15.8206 -15.8154 -10.8280 -10.7909 -10.7151 -10.6697
  -7.5577  -7.5086  -7.4302  -7.4197  -7.2018  -7.1606  -7.0884  -7.0775
  -5.1319  -5.0958  -5.0114  -4.9644  -4.3660  -4.2829  -4.0645  -3.9542
  -3.7554  -3.6988  -3.4353  -3.4052  -3.0356  -2.9825  -2.7649  -2.7366
  -2.3781  -2.3343  -2.2145  -2.0934  -1.7185  -1.4810  -1.2890  -1.2540
   1.0349   1.0776   1.4346   1.4605   1.5983   1.6488   1.6898   1.7263
   2.0510   2.0568   2.0935   2.0992
     eigenvalues at k+q:
 -18.5709 -18.5352 -18.3713 -18.3371 -17.7660 -17.7300 -17.6611 -17.6220
 -15.8599 -15.8516 -15.8206 -15.8154 -10.8280 -10.7909 -10.7151 -10.6697
  -7.5577  -7.5086  -7.4302  -7.4197  -7.2018  -7.1606  -7.0884  -7.0775
  -5.1319  -5.0958  -5.0114  -4.9644  -4.3660  -4.2829  -4.0646  -3.9542
  -3.7554  -3.6988  -3.4353  -3.4052  -3.0356  -2.9825  -2.7649  -2.7366
  -2.3781  -2.3343  -2.2145  -2.0934  -1.7185  -1.4810  -1.2890  -1.2540
   1.0349   1.0776   1.4346   1.4605   1.5983   1.6489   1.6898   1.7263
   2.0510   2.0568   2.0935   2.0992
     compute_u_kq: q = (    0.0000,    0.0149,    0.0000)
     Rotating WFCS
     ethr =  1.00E-14,  avg # of iterations = 18.0
     eigenvalues at k:
 -18.5709 -18.5352 -18.3713 -18.3371 -17.7660 -17.7300 -17.6611 -17.6220
 -15.8599 -15.8516 -15.8206 -15.8154 -10.8280 -10.7909 -10.7151 -10.6697
  -7.5577  -7.5086  -7.4302  -7.4197  -7.2018  -7.1606  -7.0884  -7.0775
  -5.1319  -5.0958  -5.0114  -4.9644  -4.3660  -4.2829  -4.0645  -3.9542
  -3.7554  -3.6988  -3.4353  -3.4052  -3.0356  -2.9825  -2.7649  -2.7366
  -2.3781  -2.3343  -2.2145  -2.0934  -1.7185  -1.4810  -1.2890  -1.2540
   1.0349   1.0776   1.4346   1.4605   1.5983   1.6488   1.6898   1.7263
   2.0510   2.0568   2.0935   2.0992
     eigenvalues at k+q:
 -18.5692 -18.5377 -18.3690 -18.3388 -17.7645 -17.7331 -17.6578 -17.6237
 -15.8595 -15.8521 -15.8203 -15.8157 -10.8264 -10.7941 -10.7114 -10.6717
  -7.5546  -7.5103  -7.4325  -7.4221  -7.1952  -7.1574  -7.0919  -7.0803
  -5.1305  -5.0989  -5.0075  -4.9664  -4.3633  -4.2913  -4.0522  -3.9545
  -3.7572  -3.7054  -3.4329  -3.4061  -3.0348  -2.9876  -2.7604  -2.7359
  -2.3785  -2.3395  -2.2063  -2.0989  -1.7060  -1.4968  -1.2837  -1.2535
   1.0378   1.0759   1.4346   1.4573   1.6018   1.6460   1.6928   1.7248
   2.0511   2.0563   2.0938   2.0989
     cgsolve_all iterations  33    anorm=    0.68E-07
     cgsolve_all iterations  32    anorm=    0.69E-07
     cgsolve_all iterations  33    anorm=    0.73E-07
     compute_u_kq: q = (    0.0000,   -0.0149,    0.0000)
     Rotating WFCS
     ethr =  1.00E-14,  avg # of iterations = 18.0
     eigenvalues at k:
 -18.5709 -18.5352 -18.3713 -18.3371 -17.7660 -17.7300 -17.6611 -17.6220
 -15.8599 -15.8516 -15.8206 -15.8154 -10.8280 -10.7909 -10.7151 -10.6697
  -7.5577  -7.5086  -7.4302  -7.4197  -7.2018  -7.1606  -7.0884  -7.0775
  -5.1319  -5.0958  -5.0114  -4.9644  -4.3660  -4.2829  -4.0645  -3.9542
  -3.7554  -3.6988  -3.4353  -3.4052  -3.0356  -2.9825  -2.7649  -2.7366
  -2.3781  -2.3343  -2.2145  -2.0934  -1.7185  -1.4810  -1.2890  -1.2540
   1.0349   1.0776   1.4346   1.4605   1.5983   1.6488   1.6898   1.7263
   2.0510   2.0568   2.0935   2.0992
     eigenvalues at k+q:
 -18.5724 -18.5330 -18.3735 -18.3357 -17.7673 -17.7270 -17.6643 -17.6205
 -15.8603 -15.8512 -15.8209 -15.8152 -10.8293 -10.7878 -10.7186 -10.6680
  -7.5604  -7.5072  -7.4277  -7.4173  -7.2080  -7.1638  -7.0851  -7.0750
  -5.1332  -5.0926  -5.0151  -4.9626  -4.3683  -4.2744  -4.0767  -3.9545
  -3.7531  -3.6927  -3.4376  -3.4045  -3.0360  -2.9777  -2.7694  -2.7375
  -2.3773  -2.3294  -2.2219  -2.0889  -1.7297  -1.4660  -1.2944  -1.2548
   1.0322   1.0791   1.4349   1.4635   1.5949   1.6516   1.6868   1.7277
   2.0511   2.0572   2.0932   2.0995
     cgsolve_all iterations  33    anorm=    0.66E-07
     cgsolve_all iterations  32    anorm=    0.69E-07
     cgsolve_all iterations  33    anorm=    0.72E-07
     compute_u_kq: q = (    0.0000,    0.0000,    0.0149)
     Rotating WFCS
     ethr =  1.00E-14,  avg # of iterations = 18.0
     eigenvalues at k:
 -18.5709 -18.5352 -18.3713 -18.3371 -17.7660 -17.7300 -17.6611 -17.6220
 -15.8599 -15.8516 -15.8206 -15.8154 -10.8280 -10.7909 -10.7151 -10.6697
  -7.5577  -7.5086  -7.4302  -7.4197  -7.2018  -7.1606  -7.0884  -7.0775
  -5.1319  -5.0958  -5.0114  -4.9644  -4.3660  -4.2829  -4.0645  -3.9542
  -3.7554  -3.6988  -3.4353  -3.4052  -3.0356  -2.9825  -2.7649  -2.7366
  -2.3781  -2.3343  -2.2145  -2.0934  -1.7185  -1.4810  -1.2890  -1.2540
   1.0349   1.0776   1.4346   1.4605   1.5983   1.6488   1.6898   1.7263
   2.0510   2.0568   2.0935   2.0992
     eigenvalues at k+q:
 -18.5613 -18.5277 -18.3639 -18.3318 -17.7762 -17.7404 -17.6688 -17.6291
 -15.8627 -15.8536 -15.8223 -15.8167 -10.8273 -10.7870 -10.7122 -10.6636
  -7.5494  -7.5043  -7.4134  -7.4060  -7.1892  -7.1453  -7.0831  -7.0742
  -5.1497  -5.1124  -5.0242  -4.9754  -4.3538  -4.2848  -4.0688  -3.9667
  -3.7696  -3.7050  -3.4428  -3.3984  -3.0351  -2.9846  -2.7680  -2.7402
  -2.3846  -2.3420  -2.2129  -2.0933  -1.7173  -1.4821  -1.2888  -1.2551
   1.0298   1.0755   1.4346   1.4566   1.5999   1.6533   1.6903   1.7257
   2.0476   2.0542   2.0896   2.0972
     cgsolve_all iterations  33    anorm=    0.69E-07
     cgsolve_all iterations  32    anorm=    0.70E-07
     cgsolve_all iterations  33    anorm=    0.73E-07
     compute_u_kq: q = (    0.0000,    0.0000,   -0.0149)
     Rotating WFCS
     ethr =  1.00E-14,  avg # of iterations = 18.0
     eigenvalues at k:
 -18.5709 -18.5352 -18.3713 -18.3371 -17.7660 -17.7300 -17.6611 -17.6220
 -15.8599 -15.8516 -15.8206 -15.8154 -10.8280 -10.7909 -10.7151 -10.6697
  -7.5577  -7.5086  -7.4302  -7.4197  -7.2018  -7.1606  -7.0884  -7.0775
  -5.1319  -5.0958  -5.0114  -4.9644  -4.3660  -4.2829  -4.0645  -3.9542
  -3.7554  -3.6988  -3.4353  -3.4052  -3.0356  -2.9825  -2.7649  -2.7366
  -2.3781  -2.3343  -2.2145  -2.0934  -1.7185  -1.4810  -1.2890  -1.2540
   1.0349   1.0776   1.4346   1.4605   1.5983   1.6488   1.6898   1.7263
   2.0510   2.0568   2.0935   2.0992
     eigenvalues at k+q:
 -18.5806 -18.5429 -18.3787 -18.3425 -17.7554 -17.7195 -17.6533 -17.6150
 -15.8572 -15.8497 -15.8190 -15.8142 -10.8284 -10.7950 -10.7176 -10.6759
  -7.5661  -7.5128  -7.4470  -7.4321  -7.2157  -7.1759  -7.0938  -7.0790
  -5.1152  -5.0800  -4.9993  -4.9539  -4.3790  -4.2830  -4.0606  -3.9428
  -3.7409  -3.6919  -3.4275  -3.4110  -3.0353  -2.9802  -2.7621  -2.7327
  -2.3706  -2.3261  -2.2156  -2.0930  -1.7194  -1.4800  -1.2894  -1.2531
   1.0401   1.0799   1.4347   1.4645   1.5975   1.6452   1.6902   1.7275
   2.0534   2.0585   2.0967   2.1004
     cgsolve_all iterations  33    anorm=    0.67E-07
     cgsolve_all iterations  32    anorm=    0.69E-07
     cgsolve_all iterations  33    anorm=    0.74E-07

     k-point #    2 of     4      pool #  1    cpu time:     184.8
     compute_u_kq: q = (    0.0000,    0.0000,    0.0000)
     Rotating WFCS
     ethr =  1.00E-14,  avg # of iterations =  6.0
     eigenvalues at k:
 -18.6493 -18.5935 -18.4065 -18.3496 -17.6713 -17.6596 -17.5947 -17.5894
 -15.8824 -15.8641 -15.8339 -15.8258 -10.8100 -10.7942 -10.6628 -10.6527
  -7.4608  -7.4415  -7.3840  -7.3511  -7.2918  -7.2524  -7.1783  -7.1258
  -5.3735  -5.3284  -5.0232  -5.0020  -4.4813  -4.3757  -4.1645  -4.0455
  -3.7212  -3.6025  -3.3659  -3.3375  -2.8646  -2.8279  -2.8214  -2.7483
  -2.3038  -2.2501  -2.1222  -1.9781  -1.5585  -1.5532  -1.3946  -1.2913
   1.0280   1.1091   1.3963   1.5080   1.5328   1.6060   1.6817   1.7230
   2.1022   2.1068   2.1448   2.1629
     eigenvalues at k+q:
 -18.6493 -18.5935 -18.4065 -18.3496 -17.6713 -17.6596 -17.5947 -17.5894
 -15.8824 -15.8641 -15.8339 -15.8258 -10.8100 -10.7942 -10.6628 -10.6527
  -7.4608  -7.4415  -7.3840  -7.3511  -7.2918  -7.2524  -7.1783  -7.1258
  -5.3735  -5.3284  -5.0232  -5.0020  -4.4813  -4.3757  -4.1645  -4.0455
  -3.7212  -3.6025  -3.3659  -3.3375  -2.8646  -2.8279  -2.8214  -2.7483
  -2.3038  -2.2501  -2.1222  -1.9781  -1.5585  -1.5532  -1.3946  -1.2913
   1.0280   1.1091   1.3963   1.5080   1.5328   1.6060   1.6817   1.7230
   2.1022   2.1068   2.1448   2.1629
     cgsolve_all iterations  33    anorm=    0.70E-07
     cgsolve_all iterations  33    anorm=    0.67E-07
     cgsolve_all iterations  33    anorm=    0.66E-07
     compute_u_kq: q = (    0.0149,    0.0000,    0.0000)
     Rotating WFCS
     ethr =  1.00E-14,  avg # of iterations = 18.0
     eigenvalues at k:
 -18.6493 -18.5935 -18.4065 -18.3496 -17.6713 -17.6596 -17.5947 -17.5894
 -15.8824 -15.8641 -15.8339 -15.8258 -10.8100 -10.7942 -10.6628 -10.6527
  -7.4608  -7.4415  -7.3840  -7.3511  -7.2918  -7.2524  -7.1783  -7.1258
  -5.3735  -5.3284  -5.0232  -5.0020  -4.4813  -4.3757  -4.1645  -4.0455
  -3.7212  -3.6025  -3.3659  -3.3375  -2.8646  -2.8279  -2.8214  -2.7483
  -2.3038  -2.2501  -2.1222  -1.9781  -1.5585  -1.5532  -1.3946  -1.2913
   1.0280   1.1091   1.3963   1.5080   1.5328   1.6060   1.6817   1.7230
   2.1022   2.1068   2.1448   2.1629
     eigenvalues at k+q:
 -18.6370 -18.5826 -18.3994 -18.3442 -17.6822 -17.6731 -17.6027 -17.5994
 -15.8833 -15.8641 -15.8363 -15.8280 -10.8128 -10.7953 -10.6616 -10.6498
  -7.4582  -7.4431  -7.3781  -7.3426  -7.2916  -7.2484  -7.1745  -7.1213
  -5.3718  -5.3271  -5.0278  -5.0040  -4.4662  -4.3592  -4.1585  -4.0345
  -3.7108  -3.6072  -3.3630  -3.3244  -2.8779  -2.8426  -2.8243  -2.7635
  -2.3187  -2.2545  -2.1181  -1.9768  -1.5642  -1.5467  -1.3983  -1.3014
   1.0242   1.1067   1.4003   1.5098   1.5329   1.6025   1.6738   1.7150
   2.1002   2.1077   2.1415   2.1586
     cgsolve_all iterations  33    anorm=    0.70E-07
     cgsolve_all iterations  33    anorm=    0.67E-07
     cgsolve_all iterations  33    anorm=    0.67E-07
     compute_u_kq: q = (   -0.0149,    0.0000,    0.0000)
     Rotating WFCS
     ethr =  1.00E-14,  avg # of iterations = 18.0
     eigenvalues at k:
 -18.6493 -18.5935 -18.4065 -18.3496 -17.6713 -17.6596 -17.5947 -17.5894
 -15.8824 -15.8641 -15.8339 -15.8258 -10.8100 -10.7942 -10.6628 -10.6527
  -7.4608  -7.4415  -7.3840  -7.3511  -7.2918  -7.2524  -7.1783  -7.1258
  -5.3735  -5.3284  -5.0232  -5.0020  -4.4813  -4.3757  -4.1645  -4.0455
  -3.7212  -3.6025  -3.3659  -3.3375  -2.8646  -2.8279  -2.8214  -2.7483
  -2.3038  -2.2501  -2.1222  -1.9781  -1.5585  -1.5532  -1.3946  -1.2913
   1.0280   1.1091   1.3963   1.5080   1.5328   1.6060   1.6817   1.7230
   2.1022   2.1068   2.1448   2.1629
     eigenvalues at k+q:
 -18.6611 -18.6041 -18.4135 -18.3549 -17.6611 -17.6469 -17.5866 -17.5792
 -15.8816 -15.8642 -15.8314 -15.8236 -10.8071 -10.7931 -10.6642 -10.6557
  -7.4639  -7.4398  -7.3900  -7.3600  -7.2914  -7.2573  -7.1811  -7.1300
  -5.3736  -5.3285  -5.0183  -5.0002  -4.4971  -4.3937  -4.1709  -4.0571
  -3.7318  -3.5981  -3.3708  -3.3473  -2.8522  -2.8264  -2.8040  -2.7336
  -2.2886  -2.2444  -2.1263  -1.9802  -1.5633  -1.5508  -1.3900  -1.2812
   1.0317   1.1112   1.3925   1.5061   1.5333   1.6096   1.6895   1.7312
   2.1029   2.1065   2.1479   2.1666
     cgsolve_all iterations  33    anorm=    0.68E-07
     cgsolve_all iterations  33    anorm=    0.68E-07
     cgsolve_all iterations  33    anorm=    0.67E-07
     compute_u_kq: q = (    0.0000,    0.0149,    0.0000)
     Rotating WFCS
     ethr =  1.00E-14,  avg # of iterations = 18.0
     eigenvalues at k:
 -18.6493 -18.5935 -18.4065 -18.3496 -17.6713 -17.6596 -17.5947 -17.5894
 -15.8824 -15.8641 -15.8339 -15.8258 -10.8100 -10.7942 -10.6628 -10.6527
  -7.4608  -7.4415  -7.3840  -7.3511  -7.2918  -7.2524  -7.1783  -7.1258
  -5.3735  -5.3284  -5.0232  -5.0020  -4.4813  -4.3757  -4.1645  -4.0455
  -3.7212  -3.6025  -3.3659  -3.3375  -2.8646  -2.8279  -2.8214  -2.7483
  -2.3038  -2.2501  -2.1222  -1.9781  -1.5585  -1.5532  -1.3946  -1.2913
   1.0280   1.1091   1.3963   1.5080   1.5328   1.6060   1.6817   1.7230
   2.1022   2.1068   2.1448   2.1629
     eigenvalues at k+q:
 -18.6467 -18.5976 -18.4024 -18.3522 -17.6707 -17.6603 -17.5944 -17.5896
 -15.8816 -15.8655 -15.8331 -15.8261 -10.8091 -10.7952 -10.6622 -10.6532
  -7.4595  -7.4417  -7.3843  -7.3546  -7.2884  -7.2538  -7.1751  -7.1285
  -5.3709  -5.3309  -5.0219  -5.0030  -4.4760  -4.3827  -4.1580  -4.0520
  -3.7150  -3.6074  -3.3671  -3.3407  -2.8624  -2.8276  -2.8160  -2.7501
  -2.3042  -2.2562  -2.1098  -1.9831  -1.5615  -1.5560  -1.3865  -1.2961
   1.0316   1.1030   1.4042   1.5033   1.5358   1.6000   1.6857   1.7218
   2.1023   2.1066   2.1456   2.1617
     cgsolve_all iterations  33    anorm=    0.69E-07
     cgsolve_all iterations  33    anorm=    0.67E-07
     cgsolve_all iterations  33    anorm=    0.66E-07
     compute_u_kq: q = (    0.0000,   -0.0149,    0.0000)
     Rotating WFCS
     ethr =  1.00E-14,  avg # of iterations = 18.0
     eigenvalues at k:
 -18.6493 -18.5935 -18.4065 -18.3496 -17.6713 -17.6596 -17.5947 -17.5894
 -15.8824 -15.8641 -15.8339 -15.8258 -10.8100 -10.7942 -10.6628 -10.6527
  -7.4608  -7.4415  -7.3840  -7.3511  -7.2918  -7.2524  -7.1783  -7.1258
  -5.3735  -5.3284  -5.0232  -5.0020  -4.4813  -4.3757  -4.1645  -4.0455
  -3.7212  -3.6025  -3.3659  -3.3375  -2.8646  -2.8279  -2.8214  -2.7483
  -2.3038  -2.2501  -2.1222  -1.9781  -1.5585  -1.5532  -1.3946  -1.2913
   1.0280   1.1091   1.3963   1.5080   1.5328   1.6060   1.6817   1.7230
   2.1022   2.1068   2.1448   2.1629
     eigenvalues at k+q:
 -18.6516 -18.5897 -18.4104 -18.3472 -17.6719 -17.6589 -17.5950 -17.5891
 -15.8832 -15.8629 -15.8346 -15.8256 -10.8107 -10.7933 -10.6634 -10.6523
  -7.4618  -7.4415  -7.3833  -7.3477  -7.2952  -7.2514  -7.1812  -7.1234
  -5.3757  -5.3261  -5.0243  -5.0012  -4.4860  -4.3693  -4.1703  -4.0398
  -3.7265  -3.5986  -3.3643  -3.3343  -2.8666  -2.8336  -2.8214  -2.7468
  -2.3028  -2.2441  -2.1343  -1.9740  -1.5554  -1.5503  -1.4024  -1.2871
   1.0249   1.1147   1.3889   1.5119   1.5303   1.6118   1.6778   1.7239
   2.1022   2.1069   2.1441   2.1641
     cgsolve_all iterations  33    anorm=    0.69E-07
     cgsolve_all iterations  33    anorm=    0.67E-07
     cgsolve_all iterations  33    anorm=    0.66E-07
     compute_u_kq: q = (    0.0000,    0.0000,    0.0149)
     Rotating WFCS
     ethr =  1.00E-14,  avg # of iterations = 18.0
     eigenvalues at k:
 -18.6493 -18.5935 -18.4065 -18.3496 -17.6713 -17.6596 -17.5947 -17.5894
 -15.8824 -15.8641 -15.8339 -15.8258 -10.8100 -10.7942 -10.6628 -10.6527
  -7.4608  -7.4415  -7.3840  -7.3511  -7.2918  -7.2524  -7.1783  -7.1258
  -5.3735  -5.3284  -5.0232  -5.0020  -4.4813  -4.3757  -4.1645  -4.0455
  -3.7212  -3.6025  -3.3659  -3.3375  -2.8646  -2.8279  -2.8214  -2.7483
  -2.3038  -2.2501  -2.1222  -1.9781  -1.5585  -1.5532  -1.3946  -1.2913
   1.0280   1.1091   1.3963   1.5080   1.5328   1.6060   1.6817   1.7230
   2.1022   2.1068   2.1448   2.1629
     eigenvalues at k+q:
 -18.6565 -18.6001 -18.4127 -18.3550 -17.6629 -17.6502 -17.5887 -17.5822
 -15.8799 -15.8620 -15.8323 -15.8245 -10.8137 -10.7945 -10.6693 -10.6556
  -7.4775  -7.4519  -7.4013  -7.3555  -7.2998  -7.2597  -7.1826  -7.1375
  -5.3593  -5.3088  -5.0075  -4.9916  -4.4830  -4.3807  -4.1642  -4.0444
  -3.7162  -3.5884  -3.3587  -3.3360  -2.8522  -2.8299  -2.8120  -2.7547
  -2.2979  -2.2419  -2.1213  -1.9807  -1.5586  -1.5522  -1.3944  -1.2905
   1.0312   1.1094   1.3955   1.5092   1.5329   1.6070   1.6828   1.7219
   2.1039   2.1103   2.1488   2.1639
     cgsolve_all iterations  33    anorm=    0.71E-07
     cgsolve_all iterations  33    anorm=    0.68E-07
     cgsolve_all iterations  33    anorm=    0.68E-07
     compute_u_kq: q = (    0.0000,    0.0000,   -0.0149)
     Rotating WFCS
     ethr =  1.00E-14,  avg # of iterations = 18.0
     eigenvalues at k:
 -18.6493 -18.5935 -18.4065 -18.3496 -17.6713 -17.6596 -17.5947 -17.5894
 -15.8824 -15.8641 -15.8339 -15.8258 -10.8100 -10.7942 -10.6628 -10.6527
  -7.4608  -7.4415  -7.3840  -7.3511  -7.2918  -7.2524  -7.1783  -7.1258
  -5.3735  -5.3284  -5.0232  -5.0020  -4.4813  -4.3757  -4.1645  -4.0455
  -3.7212  -3.6025  -3.3659  -3.3375  -2.8646  -2.8279  -2.8214  -2.7483
  -2.3038  -2.2501  -2.1222  -1.9781  -1.5585  -1.5532  -1.3946  -1.2913
   1.0280   1.1091   1.3963   1.5080   1.5328   1.6060   1.6817   1.7230
   2.1022   2.1068   2.1448   2.1629
     eigenvalues at k+q:
 -18.6416 -18.5866 -18.4001 -18.3440 -17.6802 -17.6694 -17.6011 -17.5969
 -15.8849 -15.8663 -15.8354 -15.8271 -10.8064 -10.7939 -10.6567 -10.6499
  -7.4444  -7.4328  -7.3653  -7.3459  -7.2854  -7.2477  -7.1694  -7.1127
  -5.3866  -5.3473  -5.0392  -5.0125  -4.4798  -4.3708  -4.1652  -4.0465
  -3.7258  -3.6169  -3.3736  -3.3381  -2.8773  -2.8367  -2.8205  -2.7425
  -2.3103  -2.2575  -2.1233  -1.9763  -1.5630  -1.5503  -1.3939  -1.2920
   1.0250   1.1086   1.3970   1.5069   1.5335   1.6058   1.6814   1.7249
   2.0987   2.1026   2.1398   2.1609
     cgsolve_all iterations  33    anorm=    0.68E-07
     cgsolve_all iterations  33    anorm=    0.68E-07
     cgsolve_all iterations  33    anorm=    0.66E-07

     k-point #    3 of     4      pool #  1    cpu time:  368738.3
     compute_u_kq: q = (    0.0000,    0.0000,    0.0000)
     Rotating WFCS
     ethr =  1.00E-14,  avg # of iterations =  6.0
     eigenvalues at k:
 -18.5709 -18.5352 -18.3713 -18.3371 -17.7660 -17.7300 -17.6611 -17.6220
 -15.8600 -15.8516 -15.8207 -15.8154 -10.8280 -10.7909 -10.7151 -10.6697
  -7.5577  -7.5086  -7.4302  -7.4197  -7.2018  -7.1606  -7.0884  -7.0775
  -5.1319  -5.0958  -5.0114  -4.9644  -4.3660  -4.2829  -4.0646  -3.9542
  -3.7554  -3.6988  -3.4353  -3.4052  -3.0356  -2.9825  -2.7649  -2.7366
  -2.3780  -2.3344  -2.2145  -2.0934  -1.7185  -1.4809  -1.2890  -1.2540
   1.0349   1.0776   1.4346   1.4605   1.5983   1.6488   1.6898   1.7263
   2.0511   2.0568   2.0934   2.0992
     eigenvalues at k+q:
 -18.5709 -18.5352 -18.3713 -18.3371 -17.7660 -17.7300 -17.6611 -17.6220
 -15.8600 -15.8516 -15.8207 -15.8154 -10.8280 -10.7909 -10.7151 -10.6697
  -7.5577  -7.5086  -7.4302  -7.4197  -7.2018  -7.1606  -7.0884  -7.0775
  -5.1319  -5.0958  -5.0114  -4.9644  -4.3660  -4.2829  -4.0646  -3.9542
  -3.7554  -3.6988  -3.4353  -3.4052  -3.0356  -2.9825  -2.7649  -2.7366
  -2.3780  -2.3344  -2.2145  -2.0934  -1.7185  -1.4809  -1.2890  -1.2540
   1.0349   1.0776   1.4346   1.4605   1.5983   1.6488   1.6898   1.7263
   2.0511   2.0568   2.0934   2.0992
     cgsolve_all iterations  33    anorm=    0.67E-07
     cgsolve_all iterations  32    anorm=    0.69E-07
     cgsolve_all iterations  33    anorm=    0.74E-07
     compute_u_kq: q = (    0.0149,    0.0000,    0.0000)
     Rotating WFCS
     ethr =  1.00E-14,  avg # of iterations = 18.0
     eigenvalues at k:
 -18.5709 -18.5352 -18.3713 -18.3371 -17.7660 -17.7300 -17.6611 -17.6220
 -15.8600 -15.8516 -15.8207 -15.8154 -10.8280 -10.7909 -10.7151 -10.6697
  -7.5577  -7.5086  -7.4302  -7.4197  -7.2018  -7.1606  -7.0884  -7.0775
  -5.1319  -5.0958  -5.0114  -4.9644  -4.3660  -4.2829  -4.0646  -3.9542
  -3.7554  -3.6988  -3.4353  -3.4052  -3.0356  -2.9825  -2.7649  -2.7366
  -2.3780  -2.3344  -2.2145  -2.0934  -1.7185  -1.4809  -1.2890  -1.2540
   1.0349   1.0776   1.4346   1.4605   1.5983   1.6488   1.6898   1.7263
   2.0511   2.0568   2.0934   2.0992
     eigenvalues at k+q:
 -18.5645 -18.5301 -18.3703 -18.3377 -17.7687 -17.7322 -17.6645 -17.6264
 -15.8583 -15.8499 -15.8221 -15.8165 -10.8322 -10.7936 -10.7180 -10.6710
  -7.5596  -7.5130  -7.4379  -7.4292  -7.2082  -7.1661  -7.0906  -7.0818
  -5.1211  -5.0843  -5.0034  -4.9625  -4.3483  -4.2674  -4.0608  -3.9483
  -3.7468  -3.6856  -3.4268  -3.3850  -3.0349  -2.9914  -2.7581  -2.7392
  -2.3808  -2.3325  -2.2221  -2.0961  -1.7196  -1.4822  -1.2978  -1.2633
   1.0354   1.0783   1.4359   1.4630   1.6006   1.6483   1.6857   1.7218
   2.0478   2.0533   2.0923   2.0984
     cgsolve_all iterations  33    anorm=    0.68E-07
     cgsolve_all iterations  32    anorm=    0.70E-07
     cgsolve_all iterations  33    anorm=    0.74E-07
     compute_u_kq: q = (   -0.0149,    0.0000,    0.0000)
     Rotating WFCS
     ethr =  1.00E-14,  avg # of iterations = 18.0
     eigenvalues at k:
 -18.5709 -18.5352 -18.3713 -18.3371 -17.7660 -17.7300 -17.6611 -17.6220
 -15.8600 -15.8516 -15.8207 -15.8154 -10.8280 -10.7909 -10.7151 -10.6697
  -7.5577  -7.5086  -7.4302  -7.4197  -7.2018  -7.1606  -7.0884  -7.0775
  -5.1319  -5.0958  -5.0114  -4.9644  -4.3660  -4.2829  -4.0646  -3.9542
  -3.7554  -3.6988  -3.4353  -3.4052  -3.0356  -2.9825  -2.7649  -2.7366
  -2.3780  -2.3344  -2.2145  -2.0934  -1.7185  -1.4809  -1.2890  -1.2540
   1.0349   1.0776   1.4346   1.4605   1.5983   1.6488   1.6898   1.7263
   2.0511   2.0568   2.0934   2.0992
     eigenvalues at k+q:
 -18.5771 -18.5404 -18.3724 -18.3369 -17.7634 -17.7279 -17.6574 -17.6174
 -15.8616 -15.8534 -15.8192 -15.8143 -10.8237 -10.7883 -10.7120 -10.6686
  -7.5556  -7.5044  -7.4221  -7.4100  -7.1952  -7.1553  -7.0864  -7.0730
  -5.1427  -5.1073  -5.0196  -4.9670  -4.3833  -4.2986  -4.0688  -3.9608
  -3.7631  -3.7117  -3.4443  -3.4243  -3.0364  -2.9721  -2.7735  -2.7352
  -2.3747  -2.3349  -2.2069  -2.0910  -1.7169  -1.4799  -1.2806  -1.2449
   1.0346   1.0769   1.4332   1.4581   1.5960   1.6490   1.6937   1.7305
   2.0548   2.0602   2.0947   2.1001
     cgsolve_all iterations  33    anorm=    0.70E-07
     cgsolve_all iterations  32    anorm=    0.69E-07
     cgsolve_all iterations  33    anorm=    0.74E-07
     compute_u_kq: q = (    0.0000,    0.0149,    0.0000)
     Rotating WFCS
     ethr =  1.00E-14,  avg # of iterations = 18.0
     eigenvalues at k:
 -18.5709 -18.5352 -18.3713 -18.3371 -17.7660 -17.7300 -17.6611 -17.6220
 -15.8600 -15.8516 -15.8207 -15.8154 -10.8280 -10.7909 -10.7151 -10.6697
  -7.5577  -7.5086  -7.4302  -7.4197  -7.2018  -7.1606  -7.0884  -7.0775
  -5.1319  -5.0958  -5.0114  -4.9644  -4.3660  -4.2829  -4.0646  -3.9542
  -3.7554  -3.6988  -3.4353  -3.4052  -3.0356  -2.9825  -2.7649  -2.7366
  -2.3780  -2.3344  -2.2145  -2.0934  -1.7185  -1.4809  -1.2890  -1.2540
   1.0349   1.0776   1.4346   1.4605   1.5983   1.6488   1.6898   1.7263
   2.0511   2.0568   2.0934   2.0992
     eigenvalues at k+q:
 -18.5724 -18.5330 -18.3735 -18.3357 -17.7673 -17.7269 -17.6643 -17.6205
 -15.8604 -15.8511 -15.8210 -15.8152 -10.8293 -10.7878 -10.7186 -10.6680
  -7.5604  -7.5072  -7.4277  -7.4173  -7.2080  -7.1638  -7.0851  -7.0750
  -5.1332  -5.0926  -5.0151  -4.9626  -4.3683  -4.2744  -4.0767  -3.9544
  -3.7531  -3.6927  -3.4376  -3.4045  -3.0360  -2.9777  -2.7694  -2.7375
  -2.3773  -2.3294  -2.2220  -2.0889  -1.7297  -1.4660  -1.2944  -1.2548
   1.0322   1.0791   1.4349   1.4635   1.5949   1.6516   1.6868   1.7277
   2.0511   2.0572   2.0932   2.0995
     cgsolve_all iterations  33    anorm=    0.66E-07
     cgsolve_all iterations  32    anorm=    0.69E-07
     cgsolve_all iterations  33    anorm=    0.73E-07
     compute_u_kq: q = (    0.0000,   -0.0149,    0.0000)
     Rotating WFCS
     ethr =  1.00E-14,  avg # of iterations = 18.0
     eigenvalues at k:
 -18.5709 -18.5352 -18.3713 -18.3371 -17.7660 -17.7300 -17.6611 -17.6220
 -15.8600 -15.8516 -15.8207 -15.8154 -10.8280 -10.7909 -10.7151 -10.6697
  -7.5577  -7.5086  -7.4302  -7.4197  -7.2018  -7.1606  -7.0884  -7.0775
  -5.1319  -5.0958  -5.0114  -4.9644  -4.3660  -4.2829  -4.0646  -3.9542
  -3.7554  -3.6988  -3.4353  -3.4052  -3.0356  -2.9825  -2.7649  -2.7366
  -2.3780  -2.3344  -2.2145  -2.0934  -1.7185  -1.4809  -1.2890  -1.2540
   1.0349   1.0776   1.4346   1.4605   1.5983   1.6488   1.6898   1.7263
   2.0511   2.0568   2.0934   2.0992
     eigenvalues at k+q:
 -18.5692 -18.5377 -18.3690 -18.3388 -17.7645 -17.7331 -17.6578 -17.6237
 -15.8595 -15.8521 -15.8203 -15.8157 -10.8264 -10.7941 -10.7114 -10.6717
  -7.5546  -7.5103  -7.4325  -7.4221  -7.1952  -7.1574  -7.0919  -7.0804
  -5.1305  -5.0990  -5.0075  -4.9664  -4.3633  -4.2913  -4.0523  -3.9545
  -3.7573  -3.7054  -3.4329  -3.4061  -3.0348  -2.9876  -2.7604  -2.7359
  -2.3784  -2.3395  -2.2064  -2.0988  -1.7060  -1.4967  -1.2837  -1.2535
   1.0378   1.0759   1.4346   1.4573   1.6018   1.6460   1.6928   1.7247
   2.0511   2.0563   2.0938   2.0989
     cgsolve_all iterations  33    anorm=    0.68E-07
     cgsolve_all iterations  32    anorm=    0.69E-07
     cgsolve_all iterations  33    anorm=    0.73E-07
     compute_u_kq: q = (    0.0000,    0.0000,    0.0149)
     Rotating WFCS
     ethr =  1.00E-14,  avg # of iterations = 18.0
     eigenvalues at k:
 -18.5709 -18.5352 -18.3713 -18.3371 -17.7660 -17.7300 -17.6611 -17.6220
 -15.8600 -15.8516 -15.8207 -15.8154 -10.8280 -10.7909 -10.7151 -10.6697
  -7.5577  -7.5086  -7.4302  -7.4197  -7.2018  -7.1606  -7.0884  -7.0775
  -5.1319  -5.0958  -5.0114  -4.9644  -4.3660  -4.2829  -4.0646  -3.9542
  -3.7554  -3.6988  -3.4353  -3.4052  -3.0356  -2.9825  -2.7649  -2.7366
  -2.3780  -2.3344  -2.2145  -2.0934  -1.7185  -1.4809  -1.2890  -1.2540
   1.0349   1.0776   1.4346   1.4605   1.5983   1.6488   1.6898   1.7263
   2.0511   2.0568   2.0934   2.0992
     eigenvalues at k+q:
 -18.5613 -18.5277 -18.3639 -18.3318 -17.7762 -17.7403 -17.6688 -17.6291
 -15.8628 -15.8536 -15.8223 -15.8167 -10.8273 -10.7870 -10.7122 -10.6636
  -7.5494  -7.5043  -7.4134  -7.4060  -7.1892  -7.1453  -7.0831  -7.0742
  -5.1497  -5.1124  -5.0242  -4.9754  -4.3538  -4.2848  -4.0688  -3.9666
  -3.7696  -3.7049  -3.4428  -3.3984  -3.0351  -2.9846  -2.7680  -2.7402
  -2.3846  -2.3420  -2.2130  -2.0933  -1.7173  -1.4821  -1.2888  -1.2551
   1.0298   1.0755   1.4346   1.4566   1.5999   1.6533   1.6903   1.7257
   2.0476   2.0541   2.0896   2.0972
     cgsolve_all iterations  33    anorm=    0.69E-07
     cgsolve_all iterations  32    anorm=    0.70E-07
     cgsolve_all iterations  33    anorm=    0.73E-07
     compute_u_kq: q = (    0.0000,    0.0000,   -0.0149)
     Rotating WFCS
     ethr =  1.00E-14,  avg # of iterations = 18.0
     eigenvalues at k:
 -18.5709 -18.5352 -18.3713 -18.3371 -17.7660 -17.7300 -17.6611 -17.6220
 -15.8600 -15.8516 -15.8207 -15.8154 -10.8280 -10.7909 -10.7151 -10.6697
  -7.5577  -7.5086  -7.4302  -7.4197  -7.2018  -7.1606  -7.0884  -7.0775
  -5.1319  -5.0958  -5.0114  -4.9644  -4.3660  -4.2829  -4.0646  -3.9542
  -3.7554  -3.6988  -3.4353  -3.4052  -3.0356  -2.9825  -2.7649  -2.7366
  -2.3780  -2.3344  -2.2145  -2.0934  -1.7185  -1.4809  -1.2890  -1.2540
   1.0349   1.0776   1.4346   1.4605   1.5983   1.6488   1.6898   1.7263
   2.0511   2.0568   2.0934   2.0992
     eigenvalues at k+q:
 -18.5806 -18.5429 -18.3787 -18.3425 -17.7554 -17.7195 -17.6533 -17.6150
 -15.8572 -15.8497 -15.8190 -15.8142 -10.8284 -10.7950 -10.7176 -10.6759
  -7.5661  -7.5128  -7.4470  -7.4321  -7.2157  -7.1759  -7.0938  -7.0791
  -5.1152  -5.0800  -4.9993  -4.9539  -4.3790  -4.2830  -4.0606  -3.9428
  -3.7410  -3.6919  -3.4275  -3.4110  -3.0353  -2.9802  -2.7621  -2.7327
  -2.3705  -2.3261  -2.2156  -2.0930  -1.7194  -1.4800  -1.2894  -1.2532
   1.0401   1.0799   1.4346   1.4645   1.5975   1.6452   1.6902   1.7275
   2.0534   2.0585   2.0967   2.1004
     cgsolve_all iterations  33    anorm=    0.66E-07
     cgsolve_all iterations  32    anorm=    0.69E-07
     cgsolve_all iterations  33    anorm=    0.74E-07

     k-point #    4 of     4      pool #  1    cpu time:  369037.7
     compute_u_kq: q = (    0.0000,    0.0000,    0.0000)
     Rotating WFCS
     ethr =  1.00E-14,  avg # of iterations =  6.0
     eigenvalues at k:
 -18.6493 -18.5935 -18.4065 -18.3496 -17.6713 -17.6596 -17.5947 -17.5894
 -15.8824 -15.8642 -15.8339 -15.8258 -10.8100 -10.7942 -10.6628 -10.6527
  -7.4607  -7.4415  -7.3840  -7.3511  -7.2918  -7.2524  -7.1783  -7.1258
  -5.3735  -5.3284  -5.0232  -5.0020  -4.4813  -4.3757  -4.1645  -4.0455
  -3.7212  -3.6025  -3.3659  -3.3375  -2.8646  -2.8278  -2.8214  -2.7483
  -2.3038  -2.2502  -2.1222  -1.9781  -1.5585  -1.5532  -1.3946  -1.2913
   1.0280   1.1091   1.3963   1.5080   1.5328   1.6059   1.6818   1.7230
   2.1021   2.1068   2.1448   2.1629
     eigenvalues at k+q:
 -18.6493 -18.5935 -18.4065 -18.3496 -17.6713 -17.6596 -17.5947 -17.5894
 -15.8824 -15.8642 -15.8339 -15.8258 -10.8100 -10.7942 -10.6628 -10.6527
  -7.4607  -7.4415  -7.3840  -7.3511  -7.2918  -7.2524  -7.1783  -7.1258
  -5.3735  -5.3284  -5.0232  -5.0020  -4.4813  -4.3757  -4.1645  -4.0455
  -3.7212  -3.6025  -3.3659  -3.3375  -2.8646  -2.8278  -2.8214  -2.7482
  -2.3038  -2.2502  -2.1222  -1.9781  -1.5585  -1.5532  -1.3946  -1.2913
   1.0280   1.1091   1.3963   1.5080   1.5328   1.6059   1.6818   1.7230
   2.1021   2.1068   2.1448   2.1629
     cgsolve_all iterations  33    anorm=    0.70E-07
     cgsolve_all iterations  33    anorm=    0.67E-07
     cgsolve_all iterations  33    anorm=    0.66E-07
     compute_u_kq: q = (    0.0149,    0.0000,    0.0000)
     Rotating WFCS
     ethr =  1.00E-14,  avg # of iterations = 18.0
     eigenvalues at k:
 -18.6493 -18.5935 -18.4065 -18.3496 -17.6713 -17.6596 -17.5947 -17.5894
 -15.8824 -15.8642 -15.8339 -15.8258 -10.8100 -10.7942 -10.6628 -10.6527
  -7.4607  -7.4415  -7.3840  -7.3511  -7.2918  -7.2524  -7.1783  -7.1258
  -5.3735  -5.3284  -5.0232  -5.0020  -4.4813  -4.3757  -4.1645  -4.0455
  -3.7212  -3.6025  -3.3659  -3.3375  -2.8646  -2.8278  -2.8214  -2.7483
  -2.3038  -2.2502  -2.1222  -1.9781  -1.5585  -1.5532  -1.3946  -1.2913
   1.0280   1.1091   1.3963   1.5080   1.5328   1.6059   1.6818   1.7230
   2.1021   2.1068   2.1448   2.1629
     eigenvalues at k+q:
 -18.6370 -18.5826 -18.3994 -18.3442 -17.6822 -17.6731 -17.6027 -17.5994
 -15.8833 -15.8641 -15.8363 -15.8280 -10.8128 -10.7953 -10.6616 -10.6498
  -7.4582  -7.4431  -7.3781  -7.3426  -7.2916  -7.2484  -7.1745  -7.1213
  -5.3718  -5.3271  -5.0278  -5.0040  -4.4662  -4.3592  -4.1584  -4.0345
  -3.7108  -3.6072  -3.3630  -3.3244  -2.8779  -2.8426  -2.8243  -2.7635
  -2.3186  -2.2545  -2.1181  -1.9768  -1.5642  -1.5467  -1.3983  -1.3013
   1.0242   1.1067   1.4003   1.5098   1.5330   1.6024   1.6739   1.7150
   2.1002   2.1077   2.1415   2.1586
     cgsolve_all iterations  33    anorm=    0.70E-07
     cgsolve_all iterations  33    anorm=    0.67E-07
     cgsolve_all iterations  33    anorm=    0.67E-07
     compute_u_kq: q = (   -0.0149,    0.0000,    0.0000)
     Rotating WFCS
     ethr =  1.00E-14,  avg # of iterations = 18.0
     eigenvalues at k:
 -18.6493 -18.5935 -18.4065 -18.3496 -17.6713 -17.6596 -17.5947 -17.5894
 -15.8824 -15.8642 -15.8339 -15.8258 -10.8100 -10.7942 -10.6628 -10.6527
  -7.4607  -7.4415  -7.3840  -7.3511  -7.2918  -7.2524  -7.1783  -7.1258
  -5.3735  -5.3284  -5.0232  -5.0020  -4.4813  -4.3757  -4.1645  -4.0455
  -3.7212  -3.6025  -3.3659  -3.3375  -2.8646  -2.8278  -2.8214  -2.7483
  -2.3038  -2.2502  -2.1222  -1.9781  -1.5585  -1.5532  -1.3946  -1.2913
   1.0280   1.1091   1.3963   1.5080   1.5328   1.6059   1.6818   1.7230
   2.1021   2.1068   2.1448   2.1629
     eigenvalues at k+q:
 -18.6611 -18.6041 -18.4135 -18.3549 -17.6611 -17.6469 -17.5866 -17.5792
 -15.8816 -15.8643 -15.8314 -15.8236 -10.8071 -10.7931 -10.6642 -10.6557
  -7.4638  -7.4398  -7.3900  -7.3600  -7.2914  -7.2573  -7.1811  -7.1300
  -5.3736  -5.3285  -5.0183  -5.0002  -4.4971  -4.3936  -4.1709  -4.0572
  -3.7318  -3.5981  -3.3708  -3.3473  -2.8523  -2.8264  -2.8040  -2.7336
  -2.2885  -2.2444  -2.1263  -1.9802  -1.5633  -1.5508  -1.3900  -1.2812
   1.0317   1.1112   1.3925   1.5061   1.5334   1.6096   1.6895   1.7311
   2.1028   2.1066   2.1479   2.1666
     cgsolve_all iterations  33    anorm=    0.68E-07
     cgsolve_all iterations  33    anorm=    0.68E-07
     cgsolve_all iterations  33    anorm=    0.67E-07
     compute_u_kq: q = (    0.0000,    0.0149,    0.0000)
     Rotating WFCS
     ethr =  1.00E-14,  avg # of iterations = 18.0
     eigenvalues at k:
 -18.6493 -18.5935 -18.4065 -18.3496 -17.6713 -17.6596 -17.5947 -17.5894
 -15.8824 -15.8642 -15.8339 -15.8258 -10.8100 -10.7942 -10.6628 -10.6527
  -7.4607  -7.4415  -7.3840  -7.3511  -7.2918  -7.2524  -7.1783  -7.1258
  -5.3735  -5.3284  -5.0232  -5.0020  -4.4813  -4.3757  -4.1645  -4.0455
  -3.7212  -3.6025  -3.3659  -3.3375  -2.8646  -2.8278  -2.8214  -2.7483
  -2.3038  -2.2502  -2.1222  -1.9781  -1.5585  -1.5532  -1.3946  -1.2913
   1.0280   1.1091   1.3963   1.5080   1.5328   1.6059   1.6818   1.7230
   2.1021   2.1068   2.1448   2.1629
     eigenvalues at k+q:
 -18.6516 -18.5897 -18.4104 -18.3472 -17.6719 -17.6589 -17.5950 -17.5891
 -15.8832 -15.8629 -15.8346 -15.8256 -10.8107 -10.7933 -10.6634 -10.6523
  -7.4618  -7.4415  -7.3833  -7.3477  -7.2952  -7.2514  -7.1812  -7.1234
  -5.3757  -5.3261  -5.0243  -5.0012  -4.4860  -4.3693  -4.1703  -4.0398
  -3.7265  -3.5986  -3.3643  -3.3343  -2.8666  -2.8335  -2.8214  -2.7468
  -2.3028  -2.2442  -2.1343  -1.9740  -1.5554  -1.5503  -1.4024  -1.2871
   1.0249   1.1147   1.3889   1.5118   1.5303   1.6118   1.6778   1.7239
   2.1021   2.1069   2.1442   2.1641
     cgsolve_all iterations  33    anorm=    0.69E-07
     cgsolve_all iterations  33    anorm=    0.67E-07
     cgsolve_all iterations  33    anorm=    0.66E-07
     compute_u_kq: q = (    0.0000,   -0.0149,    0.0000)
     Rotating WFCS
     ethr =  1.00E-14,  avg # of iterations = 18.0
     eigenvalues at k:
 -18.6493 -18.5935 -18.4065 -18.3496 -17.6713 -17.6596 -17.5947 -17.5894
 -15.8824 -15.8642 -15.8339 -15.8258 -10.8100 -10.7942 -10.6628 -10.6527
  -7.4607  -7.4415  -7.3840  -7.3511  -7.2918  -7.2524  -7.1783  -7.1258
  -5.3735  -5.3284  -5.0232  -5.0020  -4.4813  -4.3757  -4.1645  -4.0455
  -3.7212  -3.6025  -3.3659  -3.3375  -2.8646  -2.8278  -2.8214  -2.7483
  -2.3038  -2.2502  -2.1222  -1.9781  -1.5585  -1.5532  -1.3946  -1.2913
   1.0280   1.1091   1.3963   1.5080   1.5328   1.6059   1.6818   1.7230
   2.1021   2.1068   2.1448   2.1629
     eigenvalues at k+q:
 -18.6467 -18.5976 -18.4024 -18.3522 -17.6707 -17.6603 -17.5944 -17.5896
 -15.8816 -15.8655 -15.8331 -15.8261 -10.8092 -10.7952 -10.6622 -10.6532
  -7.4595  -7.4417  -7.3843  -7.3546  -7.2884  -7.2538  -7.1751  -7.1285
  -5.3709  -5.3309  -5.0219  -5.0030  -4.4760  -4.3827  -4.1580  -4.0520
  -3.7150  -3.6074  -3.3671  -3.3407  -2.8624  -2.8276  -2.8160  -2.7501
  -2.3042  -2.2562  -2.1098  -1.9831  -1.5615  -1.5560  -1.3866  -1.2961
   1.0316   1.1031   1.4042   1.5033   1.5359   1.6000   1.6857   1.7218
   2.1022   2.1067   2.1456   2.1617
     cgsolve_all iterations  33    anorm=    0.69E-07
     cgsolve_all iterations  33    anorm=    0.67E-07
     cgsolve_all iterations  33    anorm=    0.66E-07
     compute_u_kq: q = (    0.0000,    0.0000,    0.0149)
     Rotating WFCS
     ethr =  1.00E-14,  avg # of iterations = 18.0
     eigenvalues at k:
 -18.6493 -18.5935 -18.4065 -18.3496 -17.6713 -17.6596 -17.5947 -17.5894
 -15.8824 -15.8642 -15.8339 -15.8258 -10.8100 -10.7942 -10.6628 -10.6527
  -7.4607  -7.4415  -7.3840  -7.3511  -7.2918  -7.2524  -7.1783  -7.1258
  -5.3735  -5.3284  -5.0232  -5.0020  -4.4813  -4.3757  -4.1645  -4.0455
  -3.7212  -3.6025  -3.3659  -3.3375  -2.8646  -2.8278  -2.8214  -2.7483
  -2.3038  -2.2502  -2.1222  -1.9781  -1.5585  -1.5532  -1.3946  -1.2913
   1.0280   1.1091   1.3963   1.5080   1.5328   1.6059   1.6818   1.7230
   2.1021   2.1068   2.1448   2.1629
     eigenvalues at k+q:
 -18.6565 -18.6001 -18.4127 -18.3550 -17.6629 -17.6502 -17.5887 -17.5822
 -15.8799 -15.8620 -15.8323 -15.8245 -10.8137 -10.7945 -10.6693 -10.6556
  -7.4775  -7.4519  -7.4013  -7.3555  -7.2998  -7.2597  -7.1826  -7.1375
  -5.3593  -5.3088  -5.0075  -4.9917  -4.4831  -4.3806  -4.1642  -4.0444
  -3.7162  -3.5884  -3.3587  -3.3360  -2.8522  -2.8299  -2.8120  -2.7547
  -2.2979  -2.2419  -2.1213  -1.9807  -1.5586  -1.5522  -1.3945  -1.2904
   1.0312   1.1094   1.3955   1.5092   1.5330   1.6070   1.6829   1.7219
   2.1039   2.1103   2.1488   2.1638
     cgsolve_all iterations  33    anorm=    0.71E-07
     cgsolve_all iterations  33    anorm=    0.68E-07
     cgsolve_all iterations  33    anorm=    0.68E-07
     compute_u_kq: q = (    0.0000,    0.0000,   -0.0149)
     Rotating WFCS
     ethr =  1.00E-14,  avg # of iterations = 18.0
     eigenvalues at k:
 -18.6493 -18.5935 -18.4065 -18.3496 -17.6713 -17.6596 -17.5947 -17.5894
 -15.8824 -15.8642 -15.8339 -15.8258 -10.8100 -10.7942 -10.6628 -10.6527
  -7.4607  -7.4415  -7.3840  -7.3511  -7.2918  -7.2524  -7.1783  -7.1258
  -5.3735  -5.3284  -5.0232  -5.0020  -4.4813  -4.3757  -4.1645  -4.0455
  -3.7212  -3.6025  -3.3659  -3.3375  -2.8646  -2.8278  -2.8214  -2.7483
  -2.3038  -2.2502  -2.1222  -1.9781  -1.5585  -1.5532  -1.3946  -1.2913
   1.0280   1.1091   1.3963   1.5080   1.5328   1.6059   1.6818   1.7230
   2.1021   2.1068   2.1448   2.1629
     eigenvalues at k+q:
 -18.6416 -18.5866 -18.4001 -18.3440 -17.6802 -17.6694 -17.6011 -17.5969
 -15.8849 -15.8663 -15.8354 -15.8271 -10.8064 -10.7939 -10.6567 -10.6499
  -7.4444  -7.4328  -7.3653  -7.3460  -7.2854  -7.2477  -7.1694  -7.1127
  -5.3867  -5.3473  -5.0392  -5.0126  -4.4799  -4.3708  -4.1652  -4.0465
  -3.7258  -3.6169  -3.3736  -3.3381  -2.8773  -2.8367  -2.8205  -2.7425
  -2.3102  -2.2576  -2.1233  -1.9763  -1.5630  -1.5504  -1.3940  -1.2920
   1.0250   1.1086   1.3970   1.5069   1.5336   1.6057   1.6815   1.7248
   2.0986   2.1027   2.1398   2.1609
     cgsolve_all iterations  33    anorm=    0.68E-07
     cgsolve_all iterations  33    anorm=    0.68E-07
     cgsolve_all iterations  33    anorm=    0.66E-07

     End of magnetic susceptibility calculation

     f-sum rule (1st term):
          -120.1105          0.0000          0.1399
             0.0000       -120.0009          0.0000
             0.1414          0.0000       -120.2647

     f-sum rule (2nd term):
             0.0000          0.0000          0.0000
             0.0000          0.0000          0.0000
             0.0000          0.0000          0.0000

     f-sum rule (should be  -120.0000):
          -120.1105          0.0000          0.1399
             0.0000       -120.0009          0.0000
             0.1414          0.0000       -120.2647

     chi_bare pGv (HH) in paratec units:
       -29.824148      0.000781      0.553964
         0.000794    -37.353004      0.000639
         0.611116      0.000752    -30.423774

       -29.824148      0.000781      0.553964
         0.000794    -37.353004      0.000639
         0.611116      0.000752    -30.423774

     chi_bare vGv (VV) in paratec units:
       -29.268403      0.000735      0.367417
         0.000944    -37.058310     -0.000190
         0.360833      0.000110    -29.470168

       -29.268403      0.000735      0.367417
         0.000944    -37.058310     -0.000190
         0.360833      0.000110    -29.470168

     chi_bare pGv (HH) in 10^{-6} cm^3/mol:
          -141.7272          0.0037          2.6325
             0.0038       -177.5050          0.0030
             2.9041          0.0036       -144.5766

     chi_bare vGv (VV) in 10^{-6} cm^3/mol:
          -139.0862          0.0035          1.7460
             0.0045       -176.1046         -0.0009
             1.7147          0.0005       -140.0450

     Contributions to the NMR chemical shifts: -------------------------------

     Macroscopic shape contribution in ppm:                    7.68
             7.0432         -0.0000         -0.0000
            -0.0000          8.8212         -0.0000
            -0.0000         -0.0000          7.1848


     Core contribution in ppm:

     Atom  1  O   pos: ( -0.251995  1.959858  0.889718)  core sigma:         270.67
     Atom  2  O   pos: (  0.792012  0.347214  0.100508)  core sigma:         270.67
     Atom  3  O   pos: (  0.062020  0.806322  0.595621)  core sigma:         270.67
     Atom  4  O   pos: (  0.477997  1.500751  0.394605)  core sigma:         270.67
     Atom  5  O   pos: (  0.344309  2.098513  0.759899)  core sigma:         270.67
     Atom  6  O   pos: (  0.195708  0.208559  0.230327)  core sigma:         270.67
     Atom  7  O   pos: (  0.465716  0.944977  0.725439)  core sigma:         270.67
     Atom  8  O   pos: (  0.074300  1.362096  0.264786)  core sigma:         270.67
     Atom  9  C   pos: (  0.505963  2.010614  0.932001)  core sigma:         200.33
     Atom 10  C   pos: (  0.034053  0.296459  0.058225)  core sigma:         200.33
     Atom 11  C   pos: (  0.304061  0.857078  0.553338)  core sigma:         200.33
     Atom 12  C   pos: (  0.235955  1.449995  0.436888)  core sigma:         200.33
     Atom 13  C   pos: (  0.858214  1.960320  0.224286)  core sigma:         200.33
     Atom 14  C   pos: ( -0.318197  0.346753  0.765940)  core sigma:         200.33
     Atom 15  C   pos: (  0.411794  0.806783  0.270827)  core sigma:         200.33
     Atom 16  C   pos: (  0.128222  1.500289  0.719399)  core sigma:         200.33
     Atom 17  N   pos: (  0.598718  2.098744  0.266470)  core sigma:         235.49
     Atom 18  N   pos: ( -0.058702  0.208329  0.723756)  core sigma:         235.49
     Atom 19  N   pos: (  0.671290  0.945208  0.228643)  core sigma:         235.49
     Atom 20  N   pos: ( -0.131273  1.361865  0.761583)  core sigma:         235.49
     Atom 21  H   pos: (  0.833146  1.768602  0.249834)  core sigma:           0.00
     Atom 22  H   pos: ( -0.293130  0.538471  0.740392)  core sigma:           0.00
     Atom 23  H   pos: (  0.436862  0.615066  0.245279)  core sigma:           0.00
     Atom 24  H   pos: (  0.103154  1.692007  0.744947)  core sigma:           0.00
     Atom 25  H   pos: ( -0.012366  2.026994  0.354699)  core sigma:           0.00
     Atom 26  H   pos: (  0.552382  0.280079  0.635527)  core sigma:           0.00
     Atom 27  H   pos: (  0.282374  0.873458  0.140414)  core sigma:           0.00
     Atom 28  H   pos: (  0.257642  1.433615  0.849812)  core sigma:           0.00
     Atom 29  H   pos: (  0.539741  2.066214  0.432828)  core sigma:           0.00
     Atom 30  H   pos: (  0.000275  0.240858  0.557398)  core sigma:           0.00
     Atom 31  H   pos: (  0.730267  0.912678  0.062285)  core sigma:           0.00
     Atom 32  H   pos: ( -0.190251  1.394395  0.927941)  core sigma:           0.00
     Atom 33  H   pos: (  0.478532  2.037837  0.148039)  core sigma:           0.00
     Atom 34  H   pos: (  0.061484  0.269235  0.842187)  core sigma:           0.00
     Atom 35  H   pos: (  0.791476  0.884301  0.347074)  core sigma:           0.00
     Atom 36  H   pos: ( -0.251459  1.422772  0.643152)  core sigma:           0.00
     Atom 37  H   pos: (  0.620222  2.275235  0.244289)  core sigma:           0.00
     Atom 38  H   pos: ( -0.080206  0.031838  0.745937)  core sigma:           0.00
     Atom 39  H   pos: (  0.649786  1.121699  0.250824)  core sigma:           0.00
     Atom 40  H   pos: ( -0.109770  1.185374  0.739402)  core sigma:           0.00

     Bare contribution in ppm:

     Atom  1  O   pos: ( -0.251995  1.959858  0.889718)  bare sigma:        -116.92
          -174.6444         62.9582        -39.0443
            36.1428         -5.1038         67.6281
            -3.2269         49.3623       -171.0174

     Atom  2  O   pos: (  0.792012  0.347214  0.100508)  bare sigma:        -116.92
          -174.6444         62.9582        -39.0443
            36.1428         -5.1038         67.6281
            -3.2269         49.3623       -171.0174

     Atom  3  O   pos: (  0.062020  0.806322  0.595621)  bare sigma:        -116.92
          -174.6404        -62.9560        -39.0450
           -36.1403         -5.1035        -67.6273
            -3.2295        -49.3623       -171.0142

     Atom  4  O   pos: (  0.477997  1.500751  0.394605)  bare sigma:        -116.92
          -174.6404        -62.9560        -39.0450
           -36.1403         -5.1035        -67.6273
            -3.2295        -49.3623       -171.0142

     Atom  5  O   pos: (  0.344309  2.098513  0.759899)  bare sigma:        -131.80
          -234.8430         56.0113         38.5442
            73.5403        -13.3366         47.7065
             7.9272         41.6993       -147.2066

     Atom  6  O   pos: (  0.195708  0.208559  0.230327)  bare sigma:        -131.80
          -234.8431         56.0113         38.5442
            73.5403        -13.3367         47.7065
             7.9272         41.6993       -147.2066

     Atom  7  O   pos: (  0.465716  0.944977  0.725439)  bare sigma:        -131.80
          -234.8438        -56.0137         38.5451
           -73.5389        -13.3351        -47.7015
             7.9264        -41.6996       -147.2106

     Atom  8  O   pos: (  0.074300  1.362096  0.264786)  bare sigma:        -131.80
          -234.8438        -56.0137         38.5451
           -73.5389        -13.3351        -47.7015
             7.9264        -41.6995       -147.2106

     Atom  9  C   pos: (  0.505963  2.010614  0.932001)  bare sigma:        -113.56
          -116.0943          6.3555         14.7329
             7.0234        -77.1850         16.7043
            19.0699         15.0605       -147.4152

     Atom 10  C   pos: (  0.034053  0.296459  0.058225)  bare sigma:        -113.56
          -116.0943          6.3555         14.7329
             7.0234        -77.1850         16.7043
            19.0699         15.0605       -147.4152

     Atom 11  C   pos: (  0.304061  0.857078  0.553338)  bare sigma:        -113.56
          -116.0916         -6.3561         14.7318
            -7.0235        -77.1855        -16.7040
            19.0700        -15.0598       -147.4157

     Atom 12  C   pos: (  0.235955  1.449995  0.436888)  bare sigma:        -113.56
          -116.0916         -6.3561         14.7318
            -7.0235        -77.1855        -16.7040
            19.0700        -15.0598       -147.4157

     Atom 13  C   pos: (  0.858214  1.960320  0.224286)  bare sigma:         -20.49
           -11.8305         -9.4872         -9.5808
            -9.9823        -32.9034         -2.3105
           -13.6154          2.7521        -16.7341

     Atom 14  C   pos: ( -0.318197  0.346753  0.765940)  bare sigma:         -20.49
           -11.8305         -9.4872         -9.5808
            -9.9823        -32.9034         -2.3105
           -13.6154          2.7521        -16.7341

     Atom 15  C   pos: (  0.411794  0.806783  0.270827)  bare sigma:         -20.49
           -11.8306          9.4879         -9.5808
             9.9829        -32.9047          2.3103
           -13.6157         -2.7525        -16.7364

     Atom 16  C   pos: (  0.128222  1.500289  0.719399)  bare sigma:         -20.49
           -11.8306          9.4879         -9.5808
             9.9829        -32.9047          2.3103
           -13.6157         -2.7525        -16.7364

     Atom 17  N   pos: (  0.598718  2.098744  0.266470)  bare sigma:          27.36
            31.0340         -6.1240         -4.3845
            -6.8527         19.2971          0.1772
            -3.2773         -2.7409         31.7508

     Atom 18  N   pos: ( -0.058702  0.208329  0.723756)  bare sigma:          27.36
            31.0340         -6.1240         -4.3845
            -6.8527         19.2971          0.1772
            -3.2773         -2.7409         31.7508

     Atom 19  N   pos: (  0.671290  0.945208  0.228643)  bare sigma:          27.36
            31.0343          6.1243         -4.3847
             6.8535         19.2956         -0.1777
            -3.2774          2.7406         31.7497

     Atom 20  N   pos: ( -0.131273  1.361865  0.761583)  bare sigma:          27.36
            31.0343          6.1243         -4.3847
             6.8535         19.2956         -0.1777
            -3.2774          2.7406         31.7497

     Atom 21  H   pos: (  0.833146  1.768602  0.249834)  bare sigma:          21.88
            21.3501         -2.0114         -0.7382
            -1.8371         25.7050         -2.1411
             0.0421         -1.8159         18.5733

     Atom 22  H   pos: ( -0.293130  0.538471  0.740392)  bare sigma:          21.88
            21.3501         -2.0114         -0.7382
            -1.8371         25.7050         -2.1411
             0.0421         -1.8159         18.5733

     Atom 23  H   pos: (  0.436862  0.615066  0.245279)  bare sigma:          21.88
            21.3502          2.0115         -0.7382
             1.8371         25.7050          2.1410
             0.0421          1.8158         18.5734

     Atom 24  H   pos: (  0.103154  1.692007  0.744947)  bare sigma:          21.88
            21.3502          2.0115         -0.7382
             1.8371         25.7050          2.1410
             0.0421          1.8158         18.5734

     Atom 25  H   pos: ( -0.012366  2.026994  0.354699)  bare sigma:          22.90
            25.9661         -0.9187          0.8653
            -0.3655         19.6754          1.4201
             2.3083          0.2002         23.0733

     Atom 26  H   pos: (  0.552382  0.280079  0.635527)  bare sigma:          22.90
            25.9661         -0.9187          0.8653
            -0.3655         19.6754          1.4201
             2.3083          0.2002         23.0733

     Atom 27  H   pos: (  0.282374  0.873458  0.140414)  bare sigma:          22.90
            25.9660          0.9188          0.8652
             0.3655         19.6753         -1.4201
             2.3082         -0.2000         23.0731

     Atom 28  H   pos: (  0.257642  1.433615  0.849812)  bare sigma:          22.90
            25.9660          0.9188          0.8652
             0.3655         19.6753         -1.4201
             2.3082         -0.2000         23.0731

     Atom 29  H   pos: (  0.539741  2.066214  0.432828)  bare sigma:          20.22
            16.5144         -0.0980         -8.7841
             0.4978         10.2599         -1.3746
            -9.7242         -3.1361         33.8909

     Atom 30  H   pos: (  0.000275  0.240858  0.557398)  bare sigma:          20.22
            16.5144         -0.0980         -8.7841
             0.4978         10.2599         -1.3746
            -9.7242         -3.1361         33.8909

     Atom 31  H   pos: (  0.730267  0.912678  0.062285)  bare sigma:          20.22
            16.5143          0.0979         -8.7841
            -0.4978         10.2599          1.3746
            -9.7240          3.1362         33.8906

     Atom 32  H   pos: ( -0.190251  1.394395  0.927941)  bare sigma:          20.22
            16.5143          0.0979         -8.7841
            -0.4978         10.2599          1.3746
            -9.7240          3.1362         33.8906

     Atom 33  H   pos: (  0.478532  2.037837  0.148039)  bare sigma:          20.60
            26.5364          3.4076         11.4614
             5.7757         13.1753          4.5180
            10.9185          3.8620         22.0765

     Atom 34  H   pos: (  0.061484  0.269235  0.842187)  bare sigma:          20.60
            26.5364          3.4076         11.4614
             5.7757         13.1753          4.5180
            10.9185          3.8620         22.0765

     Atom 35  H   pos: (  0.791476  0.884301  0.347074)  bare sigma:          20.60
            26.5363         -3.4077         11.4614
            -5.7757         13.1751         -4.5180
            10.9184         -3.8620         22.0763

     Atom 36  H   pos: ( -0.251459  1.422772  0.643152)  bare sigma:          20.60
            26.5363         -3.4077         11.4614
            -5.7757         13.1751         -4.5180
            10.9184         -3.8620         22.0763

     Atom 37  H   pos: (  0.620222  2.275235  0.244289)  bare sigma:          22.91
            18.2456          0.9093          0.2497
             0.4106         33.6513         -1.6853
            -0.5194         -2.4388         16.8336

     Atom 38  H   pos: ( -0.080206  0.031838  0.745937)  bare sigma:          22.91
            18.2456          0.9093          0.2497
             0.4106         33.6513         -1.6853
            -0.5194         -2.4388         16.8336

     Atom 39  H   pos: (  0.649786  1.121699  0.250824)  bare sigma:          22.91
            18.2465         -0.9092          0.2497
            -0.4106         33.6515          1.6852
            -0.5194          2.4388         16.8346

     Atom 40  H   pos: ( -0.109770  1.185374  0.739402)  bare sigma:          22.91
            18.2465         -0.9092          0.2497
            -0.4106         33.6515          1.6852
            -0.5194          2.4388         16.8346

     Diamagnetic contribution in ppm:

     Atom  1  O   pos: ( -0.251995  1.959858  0.889718)  dia sigma:           7.90
             8.0830         -0.0271         -0.0537
            -0.0271          7.8956          0.0528
            -0.0537          0.0528          7.7280

     Atom  2  O   pos: (  0.792012  0.347214  0.100508)  dia sigma:           7.90
             8.0830         -0.0271         -0.0537
            -0.0271          7.8956          0.0528
            -0.0537          0.0528          7.7280

     Atom  3  O   pos: (  0.062020  0.806322  0.595621)  dia sigma:           7.90
             8.0830          0.0270         -0.0537
             0.0270          7.8956         -0.0528
            -0.0537         -0.0528          7.7281

     Atom  4  O   pos: (  0.477997  1.500751  0.394605)  dia sigma:           7.90
             8.0830          0.0270         -0.0537
             0.0270          7.8956         -0.0528
            -0.0537         -0.0528          7.7281

     Atom  5  O   pos: (  0.344309  2.098513  0.759899)  dia sigma:           7.91
             7.8766         -0.0406          0.1825
            -0.0406          7.9361         -0.0451
             0.1825         -0.0451          7.9126

     Atom  6  O   pos: (  0.195708  0.208559  0.230327)  dia sigma:           7.91
             7.8766         -0.0406          0.1825
            -0.0406          7.9361         -0.0451
             0.1825         -0.0451          7.9126

     Atom  7  O   pos: (  0.465716  0.944977  0.725439)  dia sigma:           7.91
             7.8766          0.0406          0.1825
             0.0406          7.9362          0.0451
             0.1825          0.0451          7.9125

     Atom  8  O   pos: (  0.074300  1.362096  0.264786)  dia sigma:           7.91
             7.8766          0.0406          0.1825
             0.0406          7.9362          0.0451
             0.1825          0.0451          7.9125

     Atom  9  C   pos: (  0.505963  2.010614  0.932001)  dia sigma:           3.67
             3.6872         -0.0067          0.0118
            -0.0067          3.6754          0.0009
             0.0118          0.0009          3.6559

     Atom 10  C   pos: (  0.034053  0.296459  0.058225)  dia sigma:           3.67
             3.6872         -0.0067          0.0118
            -0.0067          3.6754          0.0009
             0.0118          0.0009          3.6559

     Atom 11  C   pos: (  0.304061  0.857078  0.553338)  dia sigma:           3.67
             3.6872          0.0067          0.0118
             0.0067          3.6754         -0.0009
             0.0118         -0.0009          3.6559

     Atom 12  C   pos: (  0.235955  1.449995  0.436888)  dia sigma:           3.67
             3.6872          0.0067          0.0118
             0.0067          3.6754         -0.0009
             0.0118         -0.0009          3.6559

     Atom 13  C   pos: (  0.858214  1.960320  0.224286)  dia sigma:           3.89
             3.9417         -0.0548         -0.0240
            -0.0548          3.8606          0.0078
            -0.0240          0.0078          3.8663

     Atom 14  C   pos: ( -0.318197  0.346753  0.765940)  dia sigma:           3.89
             3.9417         -0.0548         -0.0240
            -0.0548          3.8606          0.0078
            -0.0240          0.0078          3.8663

     Atom 15  C   pos: (  0.411794  0.806783  0.270827)  dia sigma:           3.89
             3.9417          0.0548         -0.0240
             0.0548          3.8606         -0.0078
            -0.0240         -0.0078          3.8663

     Atom 16  C   pos: (  0.128222  1.500289  0.719399)  dia sigma:           3.89
             3.9417          0.0548         -0.0240
             0.0548          3.8606         -0.0078
            -0.0240         -0.0078          3.8663

     Atom 17  N   pos: (  0.598718  2.098744  0.266470)  dia sigma:           5.81
             5.8243         -0.0172         -0.0055
            -0.0172          5.8142          0.0016
            -0.0055          0.0016          5.7864

     Atom 18  N   pos: ( -0.058702  0.208329  0.723756)  dia sigma:           5.81
             5.8243         -0.0172         -0.0055
            -0.0172          5.8142          0.0016
            -0.0055          0.0016          5.7864

     Atom 19  N   pos: (  0.671290  0.945208  0.228643)  dia sigma:           5.81
             5.8243          0.0172         -0.0055
             0.0172          5.8142         -0.0016
            -0.0055         -0.0016          5.7864

     Atom 20  N   pos: ( -0.131273  1.361865  0.761583)  dia sigma:           5.81
             5.8243          0.0172         -0.0055
             0.0172          5.8142         -0.0016
            -0.0055         -0.0016          5.7864

     Atom 21  H   pos: (  0.833146  1.768602  0.249834)  dia sigma:           0.51
             0.5106         -0.0000         -0.0000
            -0.0000          0.5106          0.0000
            -0.0000          0.0000          0.5106

     Atom 22  H   pos: ( -0.293130  0.538471  0.740392)  dia sigma:           0.51
             0.5106         -0.0000         -0.0000
            -0.0000          0.5106          0.0000
            -0.0000          0.0000          0.5106

     Atom 23  H   pos: (  0.436862  0.615066  0.245279)  dia sigma:           0.51
             0.5106         -0.0000         -0.0000
            -0.0000          0.5106          0.0000
            -0.0000          0.0000          0.5106

     Atom 24  H   pos: (  0.103154  1.692007  0.744947)  dia sigma:           0.51
             0.5106         -0.0000         -0.0000
            -0.0000          0.5106          0.0000
            -0.0000          0.0000          0.5106

     Atom 25  H   pos: ( -0.012366  2.026994  0.354699)  dia sigma:           0.52
             0.5157         -0.0000         -0.0000
            -0.0000          0.5157          0.0000
            -0.0000          0.0000          0.5157

     Atom 26  H   pos: (  0.552382  0.280079  0.635527)  dia sigma:           0.52
             0.5157         -0.0000         -0.0000
            -0.0000          0.5157          0.0000
            -0.0000          0.0000          0.5157

     Atom 27  H   pos: (  0.282374  0.873458  0.140414)  dia sigma:           0.52
             0.5157         -0.0000         -0.0000
            -0.0000          0.5157          0.0000
            -0.0000          0.0000          0.5157

     Atom 28  H   pos: (  0.257642  1.433615  0.849812)  dia sigma:           0.52
             0.5157         -0.0000         -0.0000
            -0.0000          0.5157          0.0000
            -0.0000          0.0000          0.5157

     Atom 29  H   pos: (  0.539741  2.066214  0.432828)  dia sigma:           0.52
             0.5184         -0.0000         -0.0000
            -0.0000          0.5184          0.0000
            -0.0000          0.0000          0.5184

     Atom 30  H   pos: (  0.000275  0.240858  0.557398)  dia sigma:           0.52
             0.5184         -0.0000         -0.0000
            -0.0000          0.5184          0.0000
            -0.0000          0.0000          0.5184

     Atom 31  H   pos: (  0.730267  0.912678  0.062285)  dia sigma:           0.52
             0.5183         -0.0000         -0.0000
            -0.0000          0.5183          0.0000
            -0.0000          0.0000          0.5183

     Atom 32  H   pos: ( -0.190251  1.394395  0.927941)  dia sigma:           0.52
             0.5183         -0.0000         -0.0000
            -0.0000          0.5183          0.0000
            -0.0000          0.0000          0.5183

     Atom 33  H   pos: (  0.478532  2.037837  0.148039)  dia sigma:           0.52
             0.5184         -0.0000         -0.0000
            -0.0000          0.5184          0.0000
            -0.0000          0.0000          0.5184

     Atom 34  H   pos: (  0.061484  0.269235  0.842187)  dia sigma:           0.52
             0.5184         -0.0000         -0.0000
            -0.0000          0.5184          0.0000
            -0.0000          0.0000          0.5184

     Atom 35  H   pos: (  0.791476  0.884301  0.347074)  dia sigma:           0.52
             0.5184         -0.0000         -0.0000
            -0.0000          0.5184          0.0000
            -0.0000          0.0000          0.5184

     Atom 36  H   pos: ( -0.251459  1.422772  0.643152)  dia sigma:           0.52
             0.5184         -0.0000         -0.0000
            -0.0000          0.5184          0.0000
            -0.0000          0.0000          0.5184

     Atom 37  H   pos: (  0.620222  2.275235  0.244289)  dia sigma:           0.53
             0.5309         -0.0000         -0.0000
            -0.0000          0.5309          0.0000
            -0.0000          0.0000          0.5309

     Atom 38  H   pos: ( -0.080206  0.031838  0.745937)  dia sigma:           0.53
             0.5309         -0.0000         -0.0000
            -0.0000          0.5309          0.0000
            -0.0000          0.0000          0.5309

     Atom 39  H   pos: (  0.649786  1.121699  0.250824)  dia sigma:           0.53
             0.5309         -0.0000         -0.0000
            -0.0000          0.5309          0.0000
            -0.0000          0.0000          0.5309

     Atom 40  H   pos: ( -0.109770  1.185374  0.739402)  dia sigma:           0.53
             0.5309         -0.0000         -0.0000
            -0.0000          0.5309          0.0000
            -0.0000          0.0000          0.5309

     Paramagnetic contribution in ppm:

     Atom  1  O   pos: ( -0.251995  1.959858  0.889718)  para sigma:        -195.16
          -243.2966         51.7662        -33.2979
            29.3092       -105.7026         53.4660
            -2.7075         38.9514       -236.4866

     Atom  2  O   pos: (  0.792012  0.347214  0.100508)  para sigma:        -195.16
          -243.2966         51.7662        -33.2979
            29.3092       -105.7026         53.4660
            -2.7075         38.9514       -236.4866

     Atom  3  O   pos: (  0.062020  0.806322  0.595621)  para sigma:        -195.16
          -243.2938        -51.7644        -33.2984
           -29.3072       -105.7024        -53.4653
            -2.7095        -38.9513       -236.4844

     Atom  4  O   pos: (  0.477997  1.500751  0.394605)  para sigma:        -195.16
          -243.2938        -51.7644        -33.2984
           -29.3072       -105.7024        -53.4653
            -2.7095        -38.9513       -236.4844

     Atom  5  O   pos: (  0.344309  2.098513  0.759899)  para sigma:        -207.00
          -290.3737         45.1573         31.0533
            59.5041       -112.0506         36.9129
             4.3588         33.5667       -218.5636

     Atom  6  O   pos: (  0.195708  0.208559  0.230327)  para sigma:        -207.00
          -290.3738         45.1573         31.0533
            59.5041       -112.0506         36.9129
             4.3588         33.5667       -218.5636

     Atom  7  O   pos: (  0.465716  0.944977  0.725439)  para sigma:        -207.00
          -290.3734        -45.1594         31.0541
           -59.5029       -112.0494        -36.9087
             4.3582        -33.5668       -218.5656

     Atom  8  O   pos: (  0.074300  1.362096  0.264786)  para sigma:        -207.00
          -290.3734        -45.1594         31.0541
           -59.5029       -112.0494        -36.9087
             4.3582        -33.5668       -218.5656

     Atom  9  C   pos: (  0.505963  2.010614  0.932001)  para sigma:        -104.01
          -107.4333          5.5446         11.3561
             5.7099        -76.0554         11.7034
            13.6740         11.4124       -128.5501

     Atom 10  C   pos: (  0.034053  0.296459  0.058225)  para sigma:        -104.01
          -107.4333          5.5446         11.3561
             5.7099        -76.0554         11.7034
            13.6740         11.4124       -128.5501

     Atom 11  C   pos: (  0.304061  0.857078  0.553338)  para sigma:        -104.01
          -107.4320         -5.5450         11.3556
            -5.7102        -76.0558        -11.7032
            13.6743        -11.4119       -128.5503

     Atom 12  C   pos: (  0.235955  1.449995  0.436888)  para sigma:        -104.01
          -107.4320         -5.5450         11.3556
            -5.7102        -76.0558        -11.7032
            13.6743        -11.4119       -128.5503

     Atom 13  C   pos: (  0.858214  1.960320  0.224286)  para sigma:         -50.46
           -49.7089         -1.1196         -3.7644
            -1.7336        -55.5476         -1.9375
            -6.3415          1.5826        -46.1263

     Atom 14  C   pos: ( -0.318197  0.346753  0.765940)  para sigma:         -50.46
           -49.7089         -1.1196         -3.7644
            -1.7336        -55.5476         -1.9375
            -6.3415          1.5826        -46.1263

     Atom 15  C   pos: (  0.411794  0.806783  0.270827)  para sigma:         -50.46
           -49.7089          1.1199         -3.7643
             1.7339        -55.5482          1.9374
            -6.3417         -1.5828        -46.1273

     Atom 16  C   pos: (  0.128222  1.500289  0.719399)  para sigma:         -50.46
           -49.7089          1.1199         -3.7643
             1.7339        -55.5482          1.9374
            -6.3417         -1.5828        -46.1273

     Atom 17  N   pos: (  0.598718  2.098744  0.266470)  para sigma:         -46.40
           -46.8430         -1.3672         -2.6933
            -2.3334        -50.8624         -0.6091
            -0.9471         -2.3255        -41.4982

     Atom 18  N   pos: ( -0.058702  0.208329  0.723756)  para sigma:         -46.40
           -46.8430         -1.3672         -2.6933
            -2.3334        -50.8624         -0.6091
            -0.9471         -2.3255        -41.4982

     Atom 19  N   pos: (  0.671290  0.945208  0.228643)  para sigma:         -46.40
           -46.8424          1.3673         -2.6934
             2.3339        -50.8630          0.6087
            -0.9472          2.3253        -41.4983

     Atom 20  N   pos: ( -0.131273  1.361865  0.761583)  para sigma:         -46.40
           -46.8424          1.3673         -2.6934
             2.3339        -50.8630          0.6087
            -0.9472          2.3253        -41.4983

     Atom 21  H   pos: (  0.833146  1.768602  0.249834)  para sigma:           0.00
             0.0000          0.0000          0.0000
             0.0000          0.0000          0.0000
             0.0000          0.0000          0.0000

     Atom 22  H   pos: ( -0.293130  0.538471  0.740392)  para sigma:           0.00
             0.0000          0.0000          0.0000
             0.0000          0.0000          0.0000
             0.0000          0.0000          0.0000

     Atom 23  H   pos: (  0.436862  0.615066  0.245279)  para sigma:           0.00
             0.0000          0.0000          0.0000
             0.0000          0.0000          0.0000
             0.0000          0.0000          0.0000

     Atom 24  H   pos: (  0.103154  1.692007  0.744947)  para sigma:           0.00
             0.0000          0.0000          0.0000
             0.0000          0.0000          0.0000
             0.0000          0.0000          0.0000

     Atom 25  H   pos: ( -0.012366  2.026994  0.354699)  para sigma:           0.00
             0.0000          0.0000          0.0000
             0.0000          0.0000          0.0000
             0.0000          0.0000          0.0000

     Atom 26  H   pos: (  0.552382  0.280079  0.635527)  para sigma:           0.00
             0.0000          0.0000          0.0000
             0.0000          0.0000          0.0000
             0.0000          0.0000          0.0000

     Atom 27  H   pos: (  0.282374  0.873458  0.140414)  para sigma:           0.00
             0.0000          0.0000          0.0000
             0.0000          0.0000          0.0000
             0.0000          0.0000          0.0000

     Atom 28  H   pos: (  0.257642  1.433615  0.849812)  para sigma:           0.00
             0.0000          0.0000          0.0000
             0.0000          0.0000          0.0000
             0.0000          0.0000          0.0000

     Atom 29  H   pos: (  0.539741  2.066214  0.432828)  para sigma:           0.00
             0.0000          0.0000          0.0000
             0.0000          0.0000          0.0000
             0.0000          0.0000          0.0000

     Atom 30  H   pos: (  0.000275  0.240858  0.557398)  para sigma:           0.00
             0.0000          0.0000          0.0000
             0.0000          0.0000          0.0000
             0.0000          0.0000          0.0000

     Atom 31  H   pos: (  0.730267  0.912678  0.062285)  para sigma:           0.00
             0.0000          0.0000          0.0000
             0.0000          0.0000          0.0000
             0.0000          0.0000          0.0000

     Atom 32  H   pos: ( -0.190251  1.394395  0.927941)  para sigma:           0.00
             0.0000          0.0000          0.0000
             0.0000          0.0000          0.0000
             0.0000          0.0000          0.0000

     Atom 33  H   pos: (  0.478532  2.037837  0.148039)  para sigma:           0.00
             0.0000          0.0000          0.0000
             0.0000          0.0000          0.0000
             0.0000          0.0000          0.0000

     Atom 34  H   pos: (  0.061484  0.269235  0.842187)  para sigma:           0.00
             0.0000          0.0000          0.0000
             0.0000          0.0000          0.0000
             0.0000          0.0000          0.0000

     Atom 35  H   pos: (  0.791476  0.884301  0.347074)  para sigma:           0.00
             0.0000          0.0000          0.0000
             0.0000          0.0000          0.0000
             0.0000          0.0000          0.0000

     Atom 36  H   pos: ( -0.251459  1.422772  0.643152)  para sigma:           0.00
             0.0000          0.0000          0.0000
             0.0000          0.0000          0.0000
             0.0000          0.0000          0.0000

     Atom 37  H   pos: (  0.620222  2.275235  0.244289)  para sigma:           0.00
             0.0000          0.0000          0.0000
             0.0000          0.0000          0.0000
             0.0000          0.0000          0.0000

     Atom 38  H   pos: ( -0.080206  0.031838  0.745937)  para sigma:           0.00
             0.0000          0.0000          0.0000
             0.0000          0.0000          0.0000
             0.0000          0.0000          0.0000

     Atom 39  H   pos: (  0.649786  1.121699  0.250824)  para sigma:           0.00
             0.0000          0.0000          0.0000
             0.0000          0.0000          0.0000
             0.0000          0.0000          0.0000

     Atom 40  H   pos: ( -0.109770  1.185374  0.739402)  para sigma:           0.00
             0.0000          0.0000          0.0000
             0.0000          0.0000          0.0000
             0.0000          0.0000          0.0000


     Total NMR chemical shifts in ppm: ---------------------------------------
     (adopting the Simpson convention for anisotropy and asymmetry)-----------

     Atom  1  O   pos: ( -0.251995  1.959858  0.889718)  Total sigma:         -25.83
          -132.1460        114.6974        -72.3960
            65.4249        176.5792        121.1469
            -5.9881         88.3665       -121.9223

     O       1    anisotropy:    376.99    eta:   -0.5033
     O       1    sigma_11=    -88.25    axis=( -0.707975 -0.038190  0.705204)
     O       1    sigma_22=   -214.74    axis=( -0.674667  0.331784 -0.659351)
     O       1    sigma_33=    225.50    axis=(  0.208795  0.942582  0.260660)

     Atom  2  O   pos: (  0.792012  0.347214  0.100508)  Total sigma:         -25.83
          -132.1460        114.6974        -72.3960
            65.4249        176.5792        121.1469
            -5.9881         88.3665       -121.9223

     O       2    anisotropy:    376.99    eta:   -0.5033
     O       2    sigma_11=    -88.25    axis=( -0.707975 -0.038190  0.705204)
     O       2    sigma_22=   -214.74    axis=( -0.674667  0.331784 -0.659351)
     O       2    sigma_33=    225.50    axis=(  0.208795  0.942582  0.260660)

     Atom  3  O   pos: (  0.062020  0.806322  0.595621)  Total sigma:         -25.83
          -132.1392       -114.6934        -72.3971
           -65.4205        176.5797       -121.1454
            -5.9927        -88.3664       -121.9169

     O       3    anisotropy:    376.98    eta:   -0.5033
     O       3    sigma_11=    -88.24    axis=(  0.707985 -0.038193 -0.705194)
     O       3    sigma_22=   -214.73    axis=( -0.674660 -0.331780 -0.659360)
     O       3    sigma_33=    225.50    axis=(  0.208786 -0.942583  0.260663)

     Atom  4  O   pos: (  0.477997  1.500751  0.394605)  Total sigma:         -25.83
          -132.1392       -114.6934        -72.3971
           -65.4205        176.5797       -121.1454
            -5.9927        -88.3664       -121.9169

     O       4    anisotropy:    376.98    eta:   -0.5033
     O       4    sigma_11=    -88.24    axis=(  0.707985 -0.038193 -0.705194)
     O       4    sigma_22=   -214.73    axis=( -0.674660 -0.331780 -0.659360)
     O       4    sigma_33=    225.50    axis=(  0.208786 -0.942583  0.260663)

     Atom  5  O   pos: (  0.344309  2.098513  0.759899)  Total sigma:         -52.53
          -239.6282        101.1280         69.7800
           133.0037        162.0388         84.5743
            12.4686         75.2209        -80.0040

     O       5    anisotropy:    408.05    eta:   -0.6229
     O       5    sigma_11=   -103.83    axis=(  0.030250 -0.299866  0.953502)
     O       5    sigma_22=   -273.27    axis=( -0.964951  0.240027  0.106100)
     O       5    sigma_33=    219.50    axis=(  0.260682  0.923292  0.282095)

     Atom  6  O   pos: (  0.195708  0.208559  0.230327)  Total sigma:         -52.53
          -239.6282        101.1280         69.7800
           133.0038        162.0388         84.5743
            12.4686         75.2209        -80.0041

     O       6    anisotropy:    408.05    eta:   -0.6229
     O       6    sigma_11=   -103.83    axis=(  0.030250 -0.299866  0.953502)
     O       6    sigma_22=   -273.27    axis=( -0.964951  0.240027  0.106099)
     O       6    sigma_33=    219.50    axis=(  0.260682  0.923292  0.282095)

     Atom  7  O   pos: (  0.465716  0.944977  0.725439)  Total sigma:         -52.53
          -239.6287       -101.1325         69.7817
          -133.0013        162.0417        -84.5651
            12.4672        -75.2213        -80.0100

     O       7    anisotropy:    408.05    eta:   -0.6229
     O       7    sigma_11=   -103.83    axis=(  0.030264  0.299851  0.953506)
     O       7    sigma_22=   -273.27    axis=(  0.964950  0.240026 -0.106108)
     O       7    sigma_33=    219.50    axis=(  0.260683 -0.923297  0.282077)

     Atom  8  O   pos: (  0.074300  1.362096  0.264786)  Total sigma:         -52.53
          -239.6286       -101.1325         69.7817
          -133.0013        162.0417        -84.5651
            12.4672        -75.2213        -80.0100

     O       8    anisotropy:    408.05    eta:   -0.6229
     O       8    sigma_11=   -103.83    axis=(  0.030264  0.299851  0.953506)
     O       8    sigma_22=   -273.27    axis=(  0.964950  0.240026 -0.106108)
     O       8    sigma_33=    219.50    axis=(  0.260683 -0.923297  0.282077)

     Atom  9  C   pos: (  0.505963  2.010614  0.932001)  Total sigma:          -5.89
           -12.4644         11.8935         26.1008
            12.7266         59.5889         28.4086
            32.7557         26.4739        -64.7919

     C       9    anisotropy:    113.27    eta:   -0.9887
     C       9    sigma_11=     -6.31    axis=(  0.901380 -0.298851  0.313373)
     C       9    sigma_22=    -80.98    axis=( -0.367947 -0.147016  0.918151)
     C       9    sigma_33=     69.63    axis=(  0.228320  0.942907  0.242479)

     Atom 10  C   pos: (  0.034053  0.296459  0.058225)  Total sigma:          -5.89
           -12.4644         11.8935         26.1008
            12.7266         59.5889         28.4086
            32.7557         26.4739        -64.7919

     C      10    anisotropy:    113.27    eta:   -0.9887
     C      10    sigma_11=     -6.31    axis=(  0.901380 -0.298851  0.313373)
     C      10    sigma_22=    -80.98    axis=( -0.367947 -0.147016  0.918151)
     C      10    sigma_33=     69.63    axis=(  0.228320  0.942907  0.242479)

     Atom 11  C   pos: (  0.304061  0.857078  0.553338)  Total sigma:          -5.89
           -12.4604        -11.8944         26.0993
           -12.7270         59.5880        -28.4082
            32.7560        -26.4727        -64.7925

     C      11    anisotropy:    113.27    eta:   -0.9888
     C      11    sigma_11=     -6.31    axis=(  0.901384  0.298862  0.313349)
     C      11    sigma_22=    -80.98    axis=( -0.367924  0.147014  0.918160)
     C      11    sigma_33=     69.63    axis=( -0.228337  0.942904 -0.242475)

     Atom 12  C   pos: (  0.235955  1.449995  0.436888)  Total sigma:          -5.89
           -12.4604        -11.8944         26.0993
           -12.7270         59.5880        -28.4082
            32.7560        -26.4727        -64.7925

     C      12    anisotropy:    113.27    eta:   -0.9888
     C      12    sigma_11=     -6.31    axis=(  0.901384  0.298862  0.313349)
     C      12    sigma_22=    -80.98    axis=( -0.367924  0.147014  0.918160)
     C      12    sigma_33=     69.63    axis=( -0.228337  0.942904 -0.242475)

     Atom 13  C   pos: (  0.858214  1.960320  0.224286)  Total sigma:         140.95
           149.7781        -10.6617        -13.3692
           -11.7707        124.5635         -4.2401
           -19.9810          4.3425        148.5233

     C      13    anisotropy:     39.72    eta:   -0.6746
     C      13    sigma_11=    136.65    axis=( -0.510780  0.471111 -0.719137)
     C      13    sigma_22=    118.78    axis=(  0.444788  0.860646  0.247896)
     C      13    sigma_33=    167.44    axis=( -0.735709  0.193244  0.649145)

     Atom 14  C   pos: ( -0.318197  0.346753  0.765940)  Total sigma:         140.95
           149.7781        -10.6617        -13.3692
           -11.7707        124.5635         -4.2401
           -19.9810          4.3425        148.5233

     C      14    anisotropy:     39.72    eta:   -0.6746
     C      14    sigma_11=    136.65    axis=( -0.510780  0.471111 -0.719137)
     C      14    sigma_22=    118.78    axis=(  0.444788  0.860646  0.247896)
     C      14    sigma_33=    167.44    axis=( -0.735709  0.193244  0.649145)

     Atom 15  C   pos: (  0.411794  0.806783  0.270827)  Total sigma:         140.95
           149.7780         10.6626        -13.3691
            11.7717        124.5616          4.2399
           -19.9815         -4.3431        148.5201

     C      15    anisotropy:     39.72    eta:   -0.6746
     C      15    sigma_11=    136.64    axis=(  0.510740  0.471097  0.719175)
     C      15    sigma_22=    118.78    axis=(  0.444785 -0.860648  0.247894)
     C      15    sigma_33=    167.44    axis=( -0.735738 -0.193269  0.649104)

     Atom 16  C   pos: (  0.128222  1.500289  0.719399)  Total sigma:         140.95
           149.7780         10.6626        -13.3691
            11.7717        124.5616          4.2399
           -19.9815         -4.3431        148.5201

     C      16    anisotropy:     39.72    eta:   -0.6746
     C      16    sigma_11=    136.64    axis=(  0.510740  0.471097  0.719175)
     C      16    sigma_22=    118.78    axis=(  0.444785 -0.860648  0.247894)
     C      16    sigma_33=    167.44    axis=( -0.735738 -0.193269  0.649104)

     Atom 17  N   pos: (  0.598718  2.098744  0.266470)  Total sigma:         229.94
           232.5476         -7.5084         -7.0834
            -9.2034        218.5592         -0.4302
            -4.2299         -5.0648        238.7129

     N      17    anisotropy:    -24.39    eta:   -0.5167
     N      17    sigma_11=    233.87    axis=(  0.693899 -0.475714  0.540556)
     N      17    sigma_22=    242.27    axis=( -0.565601  0.104519  0.818029)
     N      17    sigma_33=    213.68    axis=(  0.445646  0.873368  0.196538)

     Atom 18  N   pos: ( -0.058702  0.208329  0.723756)  Total sigma:         229.94
           232.5476         -7.5084         -7.0834
            -9.2034        218.5592         -0.4302
            -4.2299         -5.0648        238.7129

     N      18    anisotropy:    -24.39    eta:   -0.5167
     N      18    sigma_11=    233.87    axis=(  0.693899 -0.475714  0.540556)
     N      18    sigma_22=    242.27    axis=( -0.565601  0.104519  0.818029)
     N      18    sigma_33=    213.68    axis=(  0.445646  0.873368  0.196538)

     Atom 19  N   pos: (  0.671290  0.945208  0.228643)  Total sigma:         229.94
           232.5485          7.5088         -7.0836
             9.2046        218.5571          0.4294
            -4.2302          5.0643        238.7117

     N      19    anisotropy:    -24.40    eta:   -0.5167
     N      19    sigma_11=    233.87    axis=(  0.693826  0.475660  0.540696)
     N      19    sigma_22=    242.27    axis=(  0.565709  0.104602 -0.817943)
     N      19    sigma_33=    213.68    axis=(  0.445621 -0.873388  0.196510)

     Atom 20  N   pos: ( -0.131273  1.361865  0.761583)  Total sigma:         229.94
           232.5485          7.5088         -7.0836
             9.2046        218.5571          0.4294
            -4.2302          5.0643        238.7117

     N      20    anisotropy:    -24.40    eta:   -0.5167
     N      20    sigma_11=    233.87    axis=(  0.693826  0.475660  0.540696)
     N      20    sigma_22=    242.27    axis=(  0.565709  0.104602 -0.817943)
     N      20    sigma_33=    213.68    axis=(  0.445621 -0.873388  0.196510)

     Atom 21  H   pos: (  0.833146  1.768602  0.249834)  Total sigma:          30.07
            28.9038         -2.0114         -0.7382
            -1.8371         35.0368         -2.1411
             0.0421         -1.8159         26.2687

     H      21    anisotropy:      8.79    eta:   -0.5071
     H      21    sigma_11=     28.63    axis=(  0.935916  0.189219 -0.297081)
     H      21    sigma_22=     25.65    axis=(  0.247147  0.248157  0.936663)
     H      21    sigma_33=     35.93    axis=( -0.250957  0.950060 -0.185489)

     Atom 22  H   pos: ( -0.293130  0.538471  0.740392)  Total sigma:          30.07
            28.9038         -2.0114         -0.7382
            -1.8371         35.0368         -2.1411
             0.0421         -1.8159         26.2687

     H      22    anisotropy:      8.79    eta:   -0.5071
     H      22    sigma_11=     28.63    axis=(  0.935916  0.189219 -0.297081)
     H      22    sigma_22=     25.65    axis=(  0.247147  0.248157  0.936663)
     H      22    sigma_33=     35.93    axis=( -0.250957  0.950060 -0.185489)

     Atom 23  H   pos: (  0.436862  0.615066  0.245279)  Total sigma:          30.07
            28.9039          2.0115         -0.7382
             1.8371         35.0368          2.1410
             0.0421          1.8158         26.2688

     H      23    anisotropy:      8.79    eta:   -0.5071
     H      23    sigma_11=     28.63    axis=( -0.935913  0.189227  0.297087)
     H      23    sigma_22=     25.65    axis=(  0.247152 -0.248154  0.936662)
     H      23    sigma_33=     35.93    axis=( -0.250966 -0.950059 -0.185483)

     Atom 24  H   pos: (  0.103154  1.692007  0.744947)  Total sigma:          30.07
            28.9039          2.0115         -0.7382
             1.8371         35.0368          2.1410
             0.0421          1.8158         26.2688

     H      24    anisotropy:      8.79    eta:   -0.5071
     H      24    sigma_11=     28.63    axis=( -0.935913  0.189227  0.297087)
     H      24    sigma_22=     25.65    axis=(  0.247152 -0.248154  0.936662)
     H      24    sigma_33=     35.93    axis=( -0.250966 -0.950059 -0.185483)

     Atom 25  H   pos: ( -0.012366  2.026994  0.354699)  Total sigma:          31.10
            33.5250         -0.9187          0.8653
            -0.3655         29.0122          1.4201
             2.3083          0.2002         30.7738

     H      25    anisotropy:      4.74    eta:   -0.7164
     H      25    sigma_11=     30.66    axis=(  0.322816 -0.516895 -0.792849)
     H      25    sigma_22=     28.39    axis=( -0.248007 -0.854624  0.456191)
     H      25    sigma_33=     34.26    axis=(  0.913391 -0.049366  0.404080)

     Atom 26  H   pos: (  0.552382  0.280079  0.635527)  Total sigma:          31.10
            33.5250         -0.9187          0.8653
            -0.3655         29.0122          1.4201
             2.3083          0.2002         30.7738

     H      26    anisotropy:      4.74    eta:   -0.7164
     H      26    sigma_11=     30.66    axis=(  0.322816 -0.516895 -0.792849)
     H      26    sigma_22=     28.39    axis=( -0.248007 -0.854624  0.456191)
     H      26    sigma_33=     34.26    axis=(  0.913391 -0.049366  0.404080)

     Atom 27  H   pos: (  0.282374  0.873458  0.140414)  Total sigma:          31.10
            33.5249          0.9188          0.8652
             0.3655         29.0121         -1.4201
             2.3082         -0.2000         30.7736

     H      27    anisotropy:      4.74    eta:   -0.7164
     H      27    sigma_11=     30.66    axis=( -0.322783 -0.516891  0.792865)
     H      27    sigma_22=     28.39    axis=( -0.248003  0.854626  0.456190)
     H      27    sigma_33=     34.26    axis=(  0.913403  0.049383  0.404049)

     Atom 28  H   pos: (  0.257642  1.433615  0.849812)  Total sigma:          31.10
            33.5249          0.9188          0.8652
             0.3655         29.0121         -1.4201
             2.3082         -0.2000         30.7736

     H      28    anisotropy:      4.74    eta:   -0.7164
     H      28    sigma_11=     30.66    axis=( -0.322783 -0.516891  0.792865)
     H      28    sigma_22=     28.39    axis=( -0.248003  0.854626  0.456190)
     H      28    sigma_33=     34.26    axis=(  0.913403  0.049383  0.404049)

     Atom 29  H   pos: (  0.539741  2.066214  0.432828)  Total sigma:          28.42
            24.0759         -0.0980         -8.7841
             0.4978         19.5994         -1.3746
            -9.7242         -3.1361         41.5941

     H      29    anisotropy:     26.00    eta:   -0.0901
     H      29    sigma_11=     20.54    axis=(  0.794486 -0.532384  0.292163)
     H      29    sigma_22=     18.98    axis=( -0.463880 -0.842521 -0.273813)
     H      29    sigma_33=     45.75    axis=( -0.391927 -0.082012  0.916333)

     Atom 30  H   pos: (  0.000275  0.240858  0.557398)  Total sigma:          28.42
            24.0759         -0.0980         -8.7841
             0.4978         19.5994         -1.3746
            -9.7242         -3.1361         41.5941

     H      30    anisotropy:     26.00    eta:   -0.0901
     H      30    sigma_11=     20.54    axis=(  0.794486 -0.532384  0.292163)
     H      30    sigma_22=     18.98    axis=( -0.463880 -0.842521 -0.273813)
     H      30    sigma_33=     45.75    axis=( -0.391927 -0.082012  0.916333)

     Atom 31  H   pos: (  0.730267  0.912678  0.062285)  Total sigma:          28.42
            24.0759          0.0979         -8.7841
            -0.4978         19.5994          1.3746
            -9.7240          3.1362         41.5938

     H      31    anisotropy:     26.00    eta:   -0.0901
     H      31    sigma_11=     20.54    axis=( -0.794496 -0.532366 -0.292168)
     H      31    sigma_22=     18.98    axis=( -0.463862  0.842532 -0.273811)
     H      31    sigma_33=     45.75    axis=( -0.391929  0.082016  0.916333)

     Atom 32  H   pos: ( -0.190251  1.394395  0.927941)  Total sigma:          28.42
            24.0759          0.0979         -8.7841
            -0.4978         19.5994          1.3746
            -9.7240          3.1362         41.5938

     H      32    anisotropy:     26.00    eta:   -0.0901
     H      32    sigma_11=     20.54    axis=( -0.794496 -0.532366 -0.292168)
     H      32    sigma_22=     18.98    axis=( -0.463862  0.842532 -0.273811)
     H      32    sigma_33=     45.75    axis=( -0.391929  0.082016  0.916333)

     Atom 33  H   pos: (  0.478532  2.037837  0.148039)  Total sigma:          28.80
            34.0980          3.4076         11.4614
             5.7757         22.5148          4.5180
            10.9185          3.8620         29.7797

     H      33    anisotropy:     24.37    eta:   -0.0400
     H      33    sigma_11=     21.00    axis=(  0.520707 -0.807057 -0.278430)
     H      33    sigma_22=     20.35    axis=(  0.423417  0.527324 -0.736647)
     H      33    sigma_33=     45.05    axis=(  0.741338  0.265685  0.616303)

     Atom 34  H   pos: (  0.061484  0.269235  0.842187)  Total sigma:          28.80
            34.0980          3.4076         11.4614
             5.7757         22.5148          4.5180
            10.9185          3.8620         29.7797

     H      34    anisotropy:     24.37    eta:   -0.0400
     H      34    sigma_11=     21.00    axis=(  0.520707 -0.807057 -0.278429)
     H      34    sigma_22=     20.35    axis=(  0.423417  0.527323 -0.736647)
     H      34    sigma_33=     45.05    axis=(  0.741338  0.265685  0.616303)

     Atom 35  H   pos: (  0.791476  0.884301  0.347074)  Total sigma:          28.80
            34.0979         -3.4077         11.4614
            -5.7757         22.5146         -4.5180
            10.9184         -3.8620         29.7794

     H      35    anisotropy:     24.37    eta:   -0.0400
     H      35    sigma_11=     21.00    axis=(  0.520723  0.807036 -0.278460)
     H      35    sigma_22=     20.35    axis=( -0.423392  0.527355  0.736638)
     H      35    sigma_33=     45.05    axis=(  0.741341 -0.265687  0.616299)

     Atom 36  H   pos: ( -0.251459  1.422772  0.643152)  Total sigma:          28.80
            34.0979         -3.4077         11.4614
            -5.7757         22.5146         -4.5180
            10.9184         -3.8620         29.7794

     H      36    anisotropy:     24.37    eta:   -0.0400
     H      36    sigma_11=     21.00    axis=(  0.520724  0.807036 -0.278460)
     H      36    sigma_22=     20.35    axis=( -0.423392  0.527355  0.736638)
     H      36    sigma_33=     45.05    axis=(  0.741341 -0.265687  0.616299)

     Atom 37  H   pos: (  0.620222  2.275235  0.244289)  Total sigma:          31.12
            25.8197          0.9093          0.2497
             0.4106         43.0033         -1.6853
            -0.5194         -2.4388         24.5493

     H      37    anisotropy:     18.20    eta:   -0.1218
     H      37    sigma_11=     25.80    axis=(  0.998390 -0.042757 -0.037261)
     H      37    sigma_22=     24.32    axis=(  0.041701  0.108147  0.993260)
     H      37    sigma_33=     43.26    axis=(  0.038439  0.993215 -0.109755)

     Atom 38  H   pos: ( -0.080206  0.031838  0.745937)  Total sigma:          31.12
            25.8197          0.9093          0.2497
             0.4106         43.0033         -1.6853
            -0.5194         -2.4388         24.5493

     H      38    anisotropy:     18.20    eta:   -0.1218
     H      38    sigma_11=     25.80    axis=(  0.998390 -0.042757 -0.037261)
     H      38    sigma_22=     24.32    axis=(  0.041701  0.108147  0.993260)
     H      38    sigma_33=     43.26    axis=(  0.038439  0.993215 -0.109755)

     Atom 39  H   pos: (  0.649786  1.121699  0.250824)  Total sigma:          31.12
            25.8206         -0.9092          0.2497
            -0.4106         43.0035          1.6852
            -0.5194          2.4388         24.5502

     H      39    anisotropy:     18.20    eta:   -0.1218
     H      39    sigma_11=     25.80    axis=( -0.998390 -0.042757  0.037269)
     H      39    sigma_22=     24.32    axis=(  0.041709 -0.108147  0.993260)
     H      39    sigma_33=     43.26    axis=(  0.038438 -0.993215 -0.109757)

     Atom 40  H   pos: ( -0.109770  1.185374  0.739402)  Total sigma:          31.12
            25.8206         -0.9092          0.2497
            -0.4106         43.0035          1.6852
            -0.5194          2.4388         24.5502

     H      40    anisotropy:     18.20    eta:   -0.1218
     H      40    sigma_11=     25.80    axis=( -0.998390 -0.042757  0.037269)
     H      40    sigma_22=     24.32    axis=(  0.041709 -0.108147  0.993260)
     H      40    sigma_33=     43.26    axis=(  0.038438 -0.993215 -0.109757)

     Initialization:
     gipaw_setup  :      0.06s CPU      0.06s WALL (       1 calls)

     Linear response
     greenf       :    599.04s CPU    813.39s WALL (      75 calls)
     cgsolve      :    593.19s CPU    804.81s WALL (      75 calls)
     ch_psi       :    577.81s CPU    783.74s WALL (    2464 calls)
     h_psiq       :    404.30s CPU    549.28s WALL (    2464 calls)

     Apply operators
     h_psi        :    427.30s CPU 368841.55s WALL (    2910 calls)
     apply_vel    :      4.88s CPU      7.75s WALL (      75 calls)

     Induced current
     j_para       :     35.88s CPU     48.49s WALL (      44 calls)
     biot_savart  :      0.14s CPU      0.14s WALL (       1 calls)

     Other routines

     General routines
     calbec       :     91.73s CPU    126.01s WALL (    8186 calls)
     fft          :      0.16s CPU      0.17s WALL (      29 calls)
     fftw         :    383.28s CPU 368783.44s WALL (  368336 calls)
     davcio       :      0.08s CPU      0.16s WALL (      60 calls)

     Parallel routines
     fft_scatter  :     98.85s CPU 368401.79s WALL (  368365 calls)

     Plugins


     GIPAW        :  13m19.96s CPU   4d 6h35m WALL


   This run was terminated on:  11:59:37  31Mar2026            

=------------------------------------------------------------------------------=
   JOB DONE.
=------------------------------------------------------------------------------=
