make: Entering directory '/home/thiago/Documents/spyn/qe/q-e-qe-7.3.1'
test -d bin || mkdir bin
( cd UtilXlib ; make TLDEPS= all || exit 1 )
cd install ; make -f extlibs_makefile libcuda
( cd FFTXlib ; make TLDEPS= all || exit 1 )
cd install ; make -f extlibs_makefile libmbd
make[1]: Entering directory '/home/thiago/Documents/spyn/qe/q-e-qe-7.3.1/UtilXlib'
mpif90 -O2 -fallow-argument-mismatch -cpp -D__FFTW -D__MPI  -I/home/thiago/Documents/spyn/qe/q-e-qe-7.3.1//external/devxlib/src -I. -I/home/thiago/Documents/spyn/qe/q-e-qe-7.3.1//include -I. -c parallel_include.f90
make[1]: Entering directory '/home/thiago/Documents/spyn/qe/q-e-qe-7.3.1/install'
make[1]: Entering directory '/home/thiago/Documents/spyn/qe/q-e-qe-7.3.1/install'
make[1]: Entering directory '/home/thiago/Documents/spyn/qe/q-e-qe-7.3.1/FFTXlib'
( cd src ; make all || exit 1 )
initializing external/mbd submodule ...
initializing external/devxlib submodule ...
  external/mbd/.git exists. Skipping initialization.
  If you would like to force a reinitializaton, remove external/mbd subdirectory.
if test ! -d ../MBD; then \
        mkdir ../MBD; \
        cd /home/thiago/Documents/spyn/qe/q-e-qe-7.3.1//external/mbd/src; \
export FXX=gfortran; export FXXOPT="-O2 -fallow-argument-mismatch -cpp -D__FFTW -D__MPI  -I/home/thiago/Documents/spyn/qe/q-e-qe-7.3.1//external/devxlib/src -I. -I/home/thiago/Documents/spyn/qe/q-e-qe-7.3.1//include "; \
make -f ../../mbd.make; cp *.mod *.a /home/thiago/Documents/spyn/qe/q-e-qe-7.3.1//MBD; cd ../../.. ;fi
  external/devxlib/.git exists. Skipping initialization.
  If you would like to force a reinitializaton, remove external/devxlib subdirectory.
cd /home/thiago/Documents/spyn/qe/q-e-qe-7.3.1//external/devxlib/src; \
ln -fs /home/thiago/Documents/spyn/qe/q-e-qe-7.3.1//make.inc ../; \
make all; \
touch /home/thiago/Documents/spyn/qe/q-e-qe-7.3.1//install/libcuda_devxlib # do not download and configure again
make[2]: Entering directory '/home/thiago/Documents/spyn/qe/q-e-qe-7.3.1/FFTXlib/src'
mpif90 -O2 -fallow-argument-mismatch -cpp -D__FFTW -D__MPI  -I/home/thiago/Documents/spyn/qe/q-e-qe-7.3.1//external/devxlib/src -I. -I/home/thiago/Documents/spyn/qe/q-e-qe-7.3.1//include  -c fft_param.f90
make[2]: Entering directory '/home/thiago/Documents/spyn/qe/q-e-qe-7.3.1/external/devxlib/src'
mpif90 -O2 -fallow-argument-mismatch -cpp -D__FFTW -D__MPI  -I/home/thiago/Documents/spyn/qe/q-e-qe-7.3.1/external/devxlib//external/devxlib/src -I. -I/home/thiago/Documents/spyn/qe/q-e-qe-7.3.1/external/devxlib//include  -c device_auxfunc_mod.f90
make[2]: Entering directory '/home/thiago/Documents/spyn/qe/q-e-qe-7.3.1/external/mbd/src'
gfortran -O2 -fallow-argument-mismatch -cpp -D__FFTW -D__MPI  -I/home/thiago/Documents/spyn/qe/q-e-qe-7.3.1//external/devxlib/src -I. -I/home/thiago/Documents/spyn/qe/q-e-qe-7.3.1//include  -c mbd_constants.f90
f951: Warning: Nonexistent include directory ‘/home/thiago/Documents/spyn/qe/q-e-qe-7.3.1/external/devxlib//external/devxlib/src’ [-Wmissing-include-dirs]
echo '#define MBD_VERSION_MAJOR 0'  > version.h
echo '#define MBD_VERSION_MINOR 10'>> version.h
echo '#define MBD_VERSION_PATCH 0' >> version.h
echo '#define MBD_VERSION "0.10.0"' >> version.h
gfortran -O2 -fallow-argument-mismatch -cpp -D__FFTW -D__MPI  -I/home/thiago/Documents/spyn/qe/q-e-qe-7.3.1//external/devxlib/src -I. -I/home/thiago/Documents/spyn/qe/q-e-qe-7.3.1//include  -c mbd_gradients.f90
mpif90 -O2 -fallow-argument-mismatch -cpp -D__FFTW -D__MPI  -I/home/thiago/Documents/spyn/qe/q-e-qe-7.3.1/external/devxlib//external/devxlib/src -I. -I/home/thiago/Documents/spyn/qe/q-e-qe-7.3.1/external/devxlib//include  -c device_fbuff.f90
f951: Warning: Nonexistent include directory ‘/home/thiago/Documents/spyn/qe/q-e-qe-7.3.1/external/devxlib//external/devxlib/src’ [-Wmissing-include-dirs]
mpif90 -O2 -fallow-argument-mismatch -cpp -D__FFTW -D__MPI  -I/home/thiago/Documents/spyn/qe/q-e-qe-7.3.1//external/devxlib/src -I. -I/home/thiago/Documents/spyn/qe/q-e-qe-7.3.1//include -I. -c nvtx_wrapper.f90
mpif90 -O2 -fallow-argument-mismatch -cpp -D__FFTW -D__MPI  -I/home/thiago/Documents/spyn/qe/q-e-qe-7.3.1//external/devxlib/src -I. -I/home/thiago/Documents/spyn/qe/q-e-qe-7.3.1//include  -c fftw_interfaces.f90
gcc -O3 -D__FFTW -D__MPI -I. -I/home/thiago/Documents/spyn/qe/q-e-qe-7.3.1//include   -c cptimer.c
mpif90 -O2 -fallow-argument-mismatch -cpp -D__FFTW -D__MPI  -I/home/thiago/Documents/spyn/qe/q-e-qe-7.3.1//external/devxlib/src -I. -I/home/thiago/Documents/spyn/qe/q-e-qe-7.3.1//include  -c fft_scalar.FFTW3.f90
mpif90 -O2 -fallow-argument-mismatch -cpp -D__FFTW -D__MPI  -I/home/thiago/Documents/spyn/qe/q-e-qe-7.3.1//external/devxlib/src -I. -I/home/thiago/Documents/spyn/qe/q-e-qe-7.3.1//include  -c fft_scalar.SX6.f90
gcc -O3 -D__FFTW -D__MPI -I. -I/home/thiago/Documents/spyn/qe/q-e-qe-7.3.1//include   -c copy.c
mpif90 -O2 -fallow-argument-mismatch -cpp -D__FFTW -D__MPI  -I/home/thiago/Documents/spyn/qe/q-e-qe-7.3.1//external/devxlib/src -I. -I/home/thiago/Documents/spyn/qe/q-e-qe-7.3.1//include  -c fft_scalar.cuFFT.f90
gfortran -O2 -fallow-argument-mismatch -cpp -D__FFTW -D__MPI  -I/home/thiago/Documents/spyn/qe/q-e-qe-7.3.1//external/devxlib/src -I. -I/home/thiago/Documents/spyn/qe/q-e-qe-7.3.1//include   -c mbd_linalg.F90
mpif90 -O2 -fallow-argument-mismatch -cpp -D__FFTW -D__MPI  -I/home/thiago/Documents/spyn/qe/q-e-qe-7.3.1//external/devxlib/src -I. -I/home/thiago/Documents/spyn/qe/q-e-qe-7.3.1//include  -c fft_smallbox.f90
gcc -O3 -D__FFTW -D__MPI -I. -I/home/thiago/Documents/spyn/qe/q-e-qe-7.3.1//include   -c c_mkdir.c
gfortran -O2 -fallow-argument-mismatch -cpp -D__FFTW -D__MPI  -I/home/thiago/Documents/spyn/qe/q-e-qe-7.3.1//external/devxlib/src -I. -I/home/thiago/Documents/spyn/qe/q-e-qe-7.3.1//include   -c mbd_utils.F90
gcc -O3 -D__FFTW -D__MPI -I. -I/home/thiago/Documents/spyn/qe/q-e-qe-7.3.1//include   -c fftw.c
mpif90 -O2 -fallow-argument-mismatch -cpp -D__FFTW -D__MPI  -I/home/thiago/Documents/spyn/qe/q-e-qe-7.3.1//external/devxlib/src -I. -I/home/thiago/Documents/spyn/qe/q-e-qe-7.3.1//include -I. -c device_helper.f90
gcc -O3 -D__FFTW -D__MPI -I. -I/home/thiago/Documents/spyn/qe/q-e-qe-7.3.1//include   -c fftw_sp.c
gcc -O3 -D__FFTW -D__MPI -I. -I/home/thiago/Documents/spyn/qe/q-e-qe-7.3.1//include   -c eval_infix.c
gfortran -O2 -fallow-argument-mismatch -cpp -D__FFTW -D__MPI  -I/home/thiago/Documents/spyn/qe/q-e-qe-7.3.1//external/devxlib/src -I. -I/home/thiago/Documents/spyn/qe/q-e-qe-7.3.1//include   -c mbd_damping.F90
mpif90 -O2 -fallow-argument-mismatch -cpp -D__FFTW -D__MPI  -I/home/thiago/Documents/spyn/qe/q-e-qe-7.3.1//external/devxlib/src -I. -I/home/thiago/Documents/spyn/qe/q-e-qe-7.3.1//include -I. -c find_free_unit.f90
gcc -O3 -D__FFTW -D__MPI -I. -I/home/thiago/Documents/spyn/qe/q-e-qe-7.3.1//include   -c fletcher32.c
mpif90 -O2 -fallow-argument-mismatch -cpp -D__FFTW -D__MPI  -I/home/thiago/Documents/spyn/qe/q-e-qe-7.3.1/external/devxlib//external/devxlib/src -I. -I/home/thiago/Documents/spyn/qe/q-e-qe-7.3.1/external/devxlib//include  -c device_memcpy_mod.f90
gcc -O3 -D__FFTW -D__MPI -I. -I/home/thiago/Documents/spyn/qe/q-e-qe-7.3.1//include   -c md5.c
f951: Warning: Nonexistent include directory ‘/home/thiago/Documents/spyn/qe/q-e-qe-7.3.1/external/devxlib//external/devxlib/src’ [-Wmissing-include-dirs]
gfortran -O2 -fallow-argument-mismatch -cpp -D__FFTW -D__MPI  -I/home/thiago/Documents/spyn/qe/q-e-qe-7.3.1//external/devxlib/src -I. -I/home/thiago/Documents/spyn/qe/q-e-qe-7.3.1//include  -c mbd_formulas.f90
mpif90 -O2 -fallow-argument-mismatch -cpp -D__FFTW -D__MPI  -I/home/thiago/Documents/spyn/qe/q-e-qe-7.3.1/external/devxlib//external/devxlib/src -I. -I/home/thiago/Documents/spyn/qe/q-e-qe-7.3.1/external/devxlib//include  -c device_memcpy.f90
f951: Warning: Nonexistent include directory ‘/home/thiago/Documents/spyn/qe/q-e-qe-7.3.1/external/devxlib//external/devxlib/src’ [-Wmissing-include-dirs]
gcc -O3 -D__FFTW -D__MPI -I. -I/home/thiago/Documents/spyn/qe/q-e-qe-7.3.1//include   -c md5_from_file.c
gcc -O3 -D__FFTW -D__MPI -I. -I/home/thiago/Documents/spyn/qe/q-e-qe-7.3.1//include   -c memstat.c
gcc -O3 -D__FFTW -D__MPI -I. -I/home/thiago/Documents/spyn/qe/q-e-qe-7.3.1//include   -c memusage.c
mpif90 -O2 -fallow-argument-mismatch -cpp -D__FFTW -D__MPI  -I/home/thiago/Documents/spyn/qe/q-e-qe-7.3.1//external/devxlib/src -I. -I/home/thiago/Documents/spyn/qe/q-e-qe-7.3.1//include -I. -c mem_counter.f90
gcc -O3 -D__FFTW -D__MPI -I. -I/home/thiago/Documents/spyn/qe/q-e-qe-7.3.1//include   -c ptrace.c
gfortran -O2 -fallow-argument-mismatch -cpp -D__FFTW -D__MPI  -I/home/thiago/Documents/spyn/qe/q-e-qe-7.3.1//external/devxlib/src -I. -I/home/thiago/Documents/spyn/qe/q-e-qe-7.3.1//include  -c mbd_lapack.f90
mpif90 -O2 -fallow-argument-mismatch -cpp -D__FFTW -D__MPI  -I/home/thiago/Documents/spyn/qe/q-e-qe-7.3.1//external/devxlib/src -I. -I/home/thiago/Documents/spyn/qe/q-e-qe-7.3.1//include -I. -c util_param.f90
mpif90 -O2 -fallow-argument-mismatch -cpp -D__FFTW -D__MPI  -I/home/thiago/Documents/spyn/qe/q-e-qe-7.3.1//external/devxlib/src -I. -I/home/thiago/Documents/spyn/qe/q-e-qe-7.3.1//include -I. -c clib_wrappers.f90
mpif90 -O2 -fallow-argument-mismatch -cpp -D__FFTW -D__MPI  -I/home/thiago/Documents/spyn/qe/q-e-qe-7.3.1//external/devxlib/src -I. -I/home/thiago/Documents/spyn/qe/q-e-qe-7.3.1//include -I. -c clocks_handler.f90
mpif90 -O2 -fallow-argument-mismatch -cpp -D__FFTW -D__MPI  -I/home/thiago/Documents/spyn/qe/q-e-qe-7.3.1//external/devxlib/src -I. -I/home/thiago/Documents/spyn/qe/q-e-qe-7.3.1//include -I. -c mp.f90
mp.f90:2783:19:

 2783 |    CALL MPI_Irecv( recvbuf, size(recvbuf), MPI_DOUBLE_PRECISION, &
      |                   1
......
 2827 |    CALL MPI_Irecv( recvbuf, size(recvbuf), MPI_DOUBLE_COMPLEX, &
      |                   2
Warning: Type mismatch between actual argument at (1) and actual argument at (2) (REAL(8)/COMPLEX(8)).
mp.f90:2788:19:

 2788 |    CALL MPI_Isend( sendbuf, size(sendbuf), MPI_DOUBLE_PRECISION, &
      |                   1
......
 2832 |    CALL MPI_Isend( sendbuf, size(sendbuf), MPI_DOUBLE_COMPLEX, &
      |                   2
Warning: Type mismatch between actual argument at (1) and actual argument at (2) (REAL(8)/COMPLEX(8)).
mp.f90:2579:30:

 2579 |    CALL MPI_Sendrecv_replace( buf, SIZE(buf), MPI_DOUBLE_PRECISION, &
      |                              1
......
 2613 |    CALL MPI_Sendrecv_replace( buf, SIZE(buf), MPI_DOUBLE_COMPLEX, &
      |                              2
Warning: Type mismatch between actual argument at (1) and actual argument at (2) (REAL(8)/COMPLEX(8)).
mp.f90:2401:22:

 2401 |    CALL MPI_ALLTOALL( sndbuf, nsiz, MPI_DOUBLE_COMPLEX, &
      |                      1
......
 2437 |    CALL MPI_ALLTOALL( sndbuf, nsiz, MPI_INTEGER, &
      |                      2
Warning: Type mismatch between actual argument at (1) and actual argument at (2) (COMPLEX(8)/INTEGER(4)).
mp.f90:2402:22:

 2402 |                       rcvbuf, nsiz, MPI_DOUBLE_COMPLEX, group, ierr )
      |                      1
......
 2438 |                       rcvbuf, nsiz, MPI_INTEGER, group, ierr )
      |                      2
Warning: Type mismatch between actual argument at (1) and actual argument at (2) (COMPLEX(8)/INTEGER(4)).
mp.f90:2322:29:

 2322 |                              alldata, recvcount, displs, my_element_type, gid, ierr )
      |                             1
......
 2346 |                              alldata, recvcount, displs, my_element_type, gid, ierr )
      |                             2
Warning: Type mismatch between actual argument at (1) and actual argument at (2) (COMPLEX(8)/REAL(8)).
mp.f90:2293:29:

 2290 |            CALL MPI_GATHERV( MPI_IN_PLACE, 0, MPI_DATATYPE_NULL, &
      |                             2
......
 2293 |            CALL MPI_GATHERV( alldata(1,displs(myid+1)+1), recvcount(myid+1), my_column_type, &
      |                             1
Warning: Type mismatch between actual argument at (1) and actual argument at (2) (COMPLEX(8)/INTEGER(4)).
mp.f90:2294:29:

 2291 |                              alldata, recvcount, displs, my_column_type, root, gid, ierr )
      |                             2
......
 2294 |                              MPI_IN_PLACE, recvcount, displs, MPI_DATATYPE_NULL, root, gid, ierr )
      |                             1
Warning: Type mismatch between actual argument at (1) and actual argument at (2) (INTEGER(4)/COMPLEX(8)).
mp.f90:2252:26:

 2252 |         CALL MPI_GATHERV( mydata, nrecv( myid + 1 ), MPI_INTEGER, &
      |                          1
......
 2290 |            CALL MPI_GATHERV( MPI_IN_PLACE, 0, MPI_DATATYPE_NULL, &
      |                             2
Warning: Rank mismatch between actual argument at (1) and actual argument at (2) (scalar and rank-2)
mp.f90:2155:26:

 2155 |         CALL MPI_GATHERV( mydata, recvcount( myid + 1 ), MPI_INTEGER, &
      |                          1
......
 2290 |            CALL MPI_GATHERV( MPI_IN_PLACE, 0, MPI_DATATYPE_NULL, &
      |                             2
Warning: Rank mismatch between actual argument at (1) and actual argument at (2) (scalar and rank-1)
mp.f90:1974:40:

 1974 |         CALL parallel_min_real( msglen, msg, gid, -1 )
      |                                        1
......
 1986 |         CALL parallel_min_real( msglen, msg, gid, -1 )
      |                                        2
Warning: Rank mismatch between actual argument at (1) and actual argument at (2) (rank-1 and scalar)
mp.f90:1952:43:

 1952 |         CALL parallel_min_integer( msglen, msg, gid, -1 )
      |                                           1
......
 1963 |         CALL parallel_min_integer( msglen, msg, gid, -1 )
      |                                           2
Warning: Rank mismatch between actual argument at (1) and actual argument at (2) (rank-1 and scalar)
mp.f90:1929:40:

 1929 |         CALL parallel_max_real( msglen, msg, gid, -1 )
      |                                        1
......
 1941 |         CALL parallel_max_real( msglen, msg, gid, -1 )
      |                                        2
Warning: Rank mismatch between actual argument at (1) and actual argument at (2) (rank-1 and scalar)
mp.f90:1900:43:

 1900 |         CALL parallel_max_integer( msglen, msg, gid, -1 )
      |                                           1
......
 1916 |         CALL parallel_max_integer( msglen, msg, gid, -1 )
      |                                           2
Warning: Rank mismatch between actual argument at (1) and actual argument at (2) (rank-1 and scalar)
mp.f90:1870:39:

 1870 |         CALL reduce_base_real( msglen, msg, gid, -1 )
      |                                       1
......
 1886 |         CALL reduce_base_real( 2 * msglen, msg, gid, -1 )
      |                                           2
Warning: Type mismatch between actual argument at (1) and actual argument at (2) (REAL(8)/COMPLEX(8)).
mp.f90:1732:43:

 1732 |         CALL reduce_base_real( 2 * msglen, msg, gid, -1 )
      |                                           1
......
 1886 |         CALL reduce_base_real( 2 * msglen, msg, gid, -1 )
      |                                           2
Warning: Rank mismatch between actual argument at (1) and actual argument at (2) (rank-1 and scalar)
mp.f90:1680:42:

 1680 |         CALL reduce_base_real_to( msglen, msg, res, group, root )
      |                                          1
......
 1793 |         CALL reduce_base_real_to( 2 * msglen, msg, res, gid, -1 )
      |                                              2
Warning: Type mismatch between actual argument at (1) and actual argument at (2) (REAL(8)/COMPLEX(8)).
mp.f90:1680:47:

 1680 |         CALL reduce_base_real_to( msglen, msg, res, group, root )
      |                                               1
......
 1793 |         CALL reduce_base_real_to( 2 * msglen, msg, res, gid, -1 )
      |                                                   2
Warning: Type mismatch between actual argument at (1) and actual argument at (2) (REAL(8)/COMPLEX(8)).
mp.f90:1438:42:

 1438 |         CALL reduce_base_integer( msglen, msg, gid, -1 )
      |                                          1
......
 1528 |         CALL reduce_base_integer( msglen, msg, gid, -1 )
      |                                          2
Warning: Rank mismatch between actual argument at (1) and actual argument at (2) (rank-1 and scalar)
mp.f90:1342:28:

 1342 |              CALL MPI_SEND( msg_sour, SIZE(msg_sour), MPI_DOUBLE_PRECISION, dest, ip, group, ierr)
      |                            1
......
 1389 |              CALL MPI_SEND( msg_sour, SIZE(msg_sour), MPI_DOUBLE_COMPLEX, dest, ip, group, ierr)
      |                            2
Warning: Type mismatch between actual argument at (1) and actual argument at (2) (REAL(8)/COMPLEX(8)).
mp.f90:1346:28:

 1346 |              CALL MPI_RECV( msg_dest, SIZE(msg_dest), MPI_DOUBLE_PRECISION, sour, ip, group, istatus, IERR )
      |                            1
......
 1393 |              CALL MPI_RECV( msg_dest, SIZE(msg_dest), MPI_DOUBLE_COMPLEX, sour, ip, group, istatus, IERR )
      |                            2
Warning: Type mismatch between actual argument at (1) and actual argument at (2) (REAL(8)/COMPLEX(8)).
mp.f90:726:28:

  726 |         CALL bcast_logical( msg, msglen, source, gid )
      |                            1
......
  758 |         CALL bcast_logical( msg, msglen, source, gid )
      |                            2
Warning: Rank mismatch between actual argument at (1) and actual argument at (2) (rank-1 and scalar)
mp.f90:634:25:

  634 |         CALL bcast_real( msg, 2 * msglen, source, gid )
      |                         1
......
  711 |         CALL bcast_real( msg, 2 * msglen, source, gid )
      |                         2
Warning: Rank mismatch between actual argument at (1) and actual argument at (2) (rank-1 and scalar)
mp.f90:620:25:

  620 |         CALL bcast_real( msg, msglen, source, gid )
      |                         1
......
  711 |         CALL bcast_real( msg, 2 * msglen, source, gid )
      |                         2
Warning: Type mismatch between actual argument at (1) and actual argument at (2) (REAL(8)/COMPLEX(8)).
mp.f90:443:28:

  443 |         CALL bcast_integer( msg, msglen, source, group )
      |                            1
......
  817 |         CALL bcast_integer( imsg, msglen, source, group )
      |                            2
Warning: Rank mismatch between actual argument at (1) and actual argument at (2) (rank-1 and scalar)
mp.f90:191:24:

  191 |         CALL MPI_GATHER(mydata, 1, MPI_INTEGER, alldata, 1, MPI_INTEGER, root, group, IERR)
      |                        1
......
  215 |         CALL MPI_GATHER(mydata, msglen, MPI_INTEGER, alldata, msglen, MPI_INTEGER, root, group, IERR)
      |                        2
Warning: Rank mismatch between actual argument at (1) and actual argument at (2) (rank-1 and scalar)
gfortran -O2 -fallow-argument-mismatch -cpp -D__FFTW -D__MPI  -I/home/thiago/Documents/spyn/qe/q-e-qe-7.3.1//external/devxlib/src -I. -I/home/thiago/Documents/spyn/qe/q-e-qe-7.3.1//include  -c mbd_vdw_param.f90
gfortran -O2 -fallow-argument-mismatch -cpp -D__FFTW -D__MPI  -I/home/thiago/Documents/spyn/qe/q-e-qe-7.3.1//external/devxlib/src -I. -I/home/thiago/Documents/spyn/qe/q-e-qe-7.3.1//include   -c mbd_matrix.F90
mpif90 -O2 -fallow-argument-mismatch -cpp -D__FFTW -D__MPI  -I/home/thiago/Documents/spyn/qe/q-e-qe-7.3.1/external/devxlib//external/devxlib/src -I. -I/home/thiago/Documents/spyn/qe/q-e-qe-7.3.1/external/devxlib//include  -c device_auxfunc.f90
f951: Warning: Nonexistent include directory ‘/home/thiago/Documents/spyn/qe/q-e-qe-7.3.1/external/devxlib//external/devxlib/src’ [-Wmissing-include-dirs]
gfortran -O2 -fallow-argument-mismatch -cpp -D__FFTW -D__MPI  -I/home/thiago/Documents/spyn/qe/q-e-qe-7.3.1//external/devxlib/src -I. -I/home/thiago/Documents/spyn/qe/q-e-qe-7.3.1//include   -c mbd_geom.F90
gfortran -O2 -fallow-argument-mismatch -cpp -D__FFTW -D__MPI  -I/home/thiago/Documents/spyn/qe/q-e-qe-7.3.1//external/devxlib/src -I. -I/home/thiago/Documents/spyn/qe/q-e-qe-7.3.1//include   -c mbd_dipole.F90
gcc -O3 -D__FFTW -D__MPI -I. -I/home/thiago/Documents/spyn/qe/q-e-qe-7.3.1/external/devxlib//include   -c timer.c
mpif90 -O2 -fallow-argument-mismatch -cpp -D__FFTW -D__MPI  -I/home/thiago/Documents/spyn/qe/q-e-qe-7.3.1/external/devxlib//external/devxlib/src -I. -I/home/thiago/Documents/spyn/qe/q-e-qe-7.3.1/external/devxlib//include  -c timer_mod.f90
f951: Warning: Nonexistent include directory ‘/home/thiago/Documents/spyn/qe/q-e-qe-7.3.1/external/devxlib//external/devxlib/src’ [-Wmissing-include-dirs]
mpif90 -O2 -fallow-argument-mismatch -cpp -D__FFTW -D__MPI  -I/home/thiago/Documents/spyn/qe/q-e-qe-7.3.1/external/devxlib//external/devxlib/src -I. -I/home/thiago/Documents/spyn/qe/q-e-qe-7.3.1/external/devxlib//include  -c device_fbuff_mod.f90
f951: Warning: Nonexistent include directory ‘/home/thiago/Documents/spyn/qe/q-e-qe-7.3.1/external/devxlib//external/devxlib/src’ [-Wmissing-include-dirs]
mpif90 -O2 -fallow-argument-mismatch -cpp -D__FFTW -D__MPI  -I/home/thiago/Documents/spyn/qe/q-e-qe-7.3.1/external/devxlib//external/devxlib/src -I. -I/home/thiago/Documents/spyn/qe/q-e-qe-7.3.1/external/devxlib//include  -c deviceXlib_mod.f90
f951: Warning: Nonexistent include directory ‘/home/thiago/Documents/spyn/qe/q-e-qe-7.3.1/external/devxlib//external/devxlib/src’ [-Wmissing-include-dirs]
ar ruv libdevXlib.a deviceXlib_mod.o device_memcpy.o device_memcpy_mod.o device_auxfunc.o device_auxfunc_mod.o device_fbuff.o device_fbuff_mod.o timer.o timer_mod.o
ar: `u' modifier ignored since `D' is the default (see `U')
ar: creating libdevXlib.a
a - deviceXlib_mod.o
a - device_memcpy.o
a - device_memcpy_mod.o
a - device_auxfunc.o
a - device_auxfunc_mod.o
a - device_fbuff.o
a - device_fbuff_mod.o
a - timer.o
a - timer_mod.o
ranlib libdevXlib.a
make[2]: Leaving directory '/home/thiago/Documents/spyn/qe/q-e-qe-7.3.1/external/devxlib/src'
make[1]: Leaving directory '/home/thiago/Documents/spyn/qe/q-e-qe-7.3.1/install'
gcc -O3 -D__FFTW -D__MPI -I. -I/home/thiago/Documents/spyn/qe/q-e-qe-7.3.1//include   -c fftw_dp.c
mpif90 -O2 -fallow-argument-mismatch -cpp -D__FFTW -D__MPI  -I/home/thiago/Documents/spyn/qe/q-e-qe-7.3.1//external/devxlib/src -I. -I/home/thiago/Documents/spyn/qe/q-e-qe-7.3.1//include -I. -c data_buffer.f90
mpif90 -O2 -fallow-argument-mismatch -cpp -D__FFTW -D__MPI  -I/home/thiago/Documents/spyn/qe/q-e-qe-7.3.1//external/devxlib/src -I. -I/home/thiago/Documents/spyn/qe/q-e-qe-7.3.1//include -I. -c error_handler.f90
mpif90 -O2 -fallow-argument-mismatch -cpp -D__FFTW -D__MPI  -I/home/thiago/Documents/spyn/qe/q-e-qe-7.3.1//external/devxlib/src -I. -I/home/thiago/Documents/spyn/qe/q-e-qe-7.3.1//include -I. -c mp_bands_util.f90
mpif90 -O2 -fallow-argument-mismatch -cpp -D__FFTW -D__MPI  -I/home/thiago/Documents/spyn/qe/q-e-qe-7.3.1//external/devxlib/src -I. -I/home/thiago/Documents/spyn/qe/q-e-qe-7.3.1//include -I. -c fletcher32_mod.f90
mpif90 -O2 -fallow-argument-mismatch -cpp -D__FFTW -D__MPI  -I/home/thiago/Documents/spyn/qe/q-e-qe-7.3.1//external/devxlib/src -I. -I/home/thiago/Documents/spyn/qe/q-e-qe-7.3.1//include -I. -c mp_base.f90
gfortran -O2 -fallow-argument-mismatch -cpp -D__FFTW -D__MPI  -I/home/thiago/Documents/spyn/qe/q-e-qe-7.3.1//external/devxlib/src -I. -I/home/thiago/Documents/spyn/qe/q-e-qe-7.3.1//include  -c mbd_ts.f90
gfortran -O2 -fallow-argument-mismatch -cpp -D__FFTW -D__MPI  -I/home/thiago/Documents/spyn/qe/q-e-qe-7.3.1//external/devxlib/src -I. -I/home/thiago/Documents/spyn/qe/q-e-qe-7.3.1//include  -c mbd_coulomb.f90
mpif90 -O2 -fallow-argument-mismatch -cpp -D__FFTW -D__MPI  -I/home/thiago/Documents/spyn/qe/q-e-qe-7.3.1//external/devxlib/src -I. -I/home/thiago/Documents/spyn/qe/q-e-qe-7.3.1//include -I. -c mp_base_gpu.f90
( cd XClib ; make TLDEPS= all || exit 1 )
make[1]: Entering directory '/home/thiago/Documents/spyn/qe/q-e-qe-7.3.1/XClib'
mpif90 -O2 -fallow-argument-mismatch -cpp -D__FFTW -D__MPI  -I/home/thiago/Documents/spyn/qe/q-e-qe-7.3.1//external/devxlib/src -I. -I/home/thiago/Documents/spyn/qe/q-e-qe-7.3.1//include -I/home/thiago/Documents/spyn/qe/q-e-qe-7.3.1//upflib -c xclib_utils_and_para.f90
mp_base.f90:142:20:

   90 |            CALL MPI_BCAST( array, n, MPI_DOUBLE_PRECISION, root, gid, ierr )
      |                           2
......
  142 |      CALL MPI_BCAST(array, n, MPI_INTEGER, root, gid, ierr)
      |                    1
Warning: Type mismatch between actual argument at (1) and actual argument at (2) (INTEGER(4)/REAL(8)).
mp_base.f90:601:22:

  385 |         CALL MPI_REDUCE( ps(1+(n-1)*maxb), buff, maxb, MPI_DOUBLE_PRECISION, MPI_SUM, root, comm, info )
      |                         2
......
  601 |       CALL MPI_REDUCE(ps(1 + (n - 1) * maxb), buff, maxb, MPI_INTEGER, MPI_SUM, root, comm, info)
      |                      1
Warning: Type mismatch between actual argument at (1) and actual argument at (2) (INTEGER(4)/REAL(8)).
mp_base.f90:601:46:

  385 |         CALL MPI_REDUCE( ps(1+(n-1)*maxb), buff, maxb, MPI_DOUBLE_PRECISION, MPI_SUM, root, comm, info )
      |                                           2   
......
  601 |       CALL MPI_REDUCE(ps(1 + (n - 1) * maxb), buff, maxb, MPI_INTEGER, MPI_SUM, root, comm, info)
      |                                              1
Warning: Type mismatch between actual argument at (1) and actual argument at (2) (INTEGER(4)/REAL(8)).
mp_base.f90:604:25:

  388 |         CALL MPI_ALLREDUCE( ps(1+(n-1)*maxb), buff, maxb, MPI_DOUBLE_PRECISION, MPI_SUM, comm, info )
      |                            2
......
  604 |       CALL MPI_ALLREDUCE(ps(1 + (n - 1) * maxb), buff, maxb, MPI_INTEGER, MPI_SUM, comm, info)
      |                         1
Warning: Type mismatch between actual argument at (1) and actual argument at (2) (INTEGER(4)/REAL(8)).
mp_base.f90:604:49:

  388 |         CALL MPI_ALLREDUCE( ps(1+(n-1)*maxb), buff, maxb, MPI_DOUBLE_PRECISION, MPI_SUM, comm, info )
      |                                              2   
......
  604 |       CALL MPI_ALLREDUCE(ps(1 + (n - 1) * maxb), buff, maxb, MPI_INTEGER, MPI_SUM, comm, info)
      |                                                 1
Warning: Type mismatch between actual argument at (1) and actual argument at (2) (INTEGER(4)/REAL(8)).
mpif90 -O2 -fallow-argument-mismatch -cpp -D__FFTW -D__MPI  -I/home/thiago/Documents/spyn/qe/q-e-qe-7.3.1//external/devxlib/src -I. -I/home/thiago/Documents/spyn/qe/q-e-qe-7.3.1//include -I/home/thiago/Documents/spyn/qe/q-e-qe-7.3.1//upflib -c qe_kind.f90
gcc -O3 -D__FFTW -D__MPI -I. -I/home/thiago/Documents/spyn/qe/q-e-qe-7.3.1//include   -c pbecor.c
gcc -O3 -D__FFTW -D__MPI -I. -I/home/thiago/Documents/spyn/qe/q-e-qe-7.3.1//include   -c beefun.c
mpif90 -O2 -fallow-argument-mismatch -cpp -D__FFTW -D__MPI  -I/home/thiago/Documents/spyn/qe/q-e-qe-7.3.1//external/devxlib/src -I. -I/home/thiago/Documents/spyn/qe/q-e-qe-7.3.1//include -I. -c print_mem.f90
mpif90 -O2 -fallow-argument-mismatch -cpp -D__FFTW -D__MPI  -I/home/thiago/Documents/spyn/qe/q-e-qe-7.3.1//external/devxlib/src -I. -I/home/thiago/Documents/spyn/qe/q-e-qe-7.3.1//include -I. -c set_mpi_comm_4_solvers.f90
mpif90 -O2 -fallow-argument-mismatch -cpp -D__FFTW -D__MPI  -I/home/thiago/Documents/spyn/qe/q-e-qe-7.3.1//external/devxlib/src -I. -I/home/thiago/Documents/spyn/qe/q-e-qe-7.3.1//include -I. -c thread_util.f90
mpif90 -O2 -fallow-argument-mismatch -cpp -D__FFTW -D__MPI  -I/home/thiago/Documents/spyn/qe/q-e-qe-7.3.1//external/devxlib/src -I. -I/home/thiago/Documents/spyn/qe/q-e-qe-7.3.1//include -I. -c divide.f90
mpif90 -O2 -fallow-argument-mismatch -cpp -D__FFTW -D__MPI  -I/home/thiago/Documents/spyn/qe/q-e-qe-7.3.1//external/devxlib/src -I. -I/home/thiago/Documents/spyn/qe/q-e-qe-7.3.1//include -I. -c export_gstart_2_solvers.f90
ar ruv libutil.a clib_wrappers.o clocks_handler.o cptimer.o copy.o c_mkdir.o device_helper.o divide.o data_buffer.o eval_infix.o error_handler.o export_gstart_2_solvers.o find_free_unit.o fletcher32_mod.o fletcher32.o md5.o md5_from_file.o memstat.o memusage.o mem_counter.o mp.o mp_base.o mp_base_gpu.o mp_bands_util.o parallel_include.o print_mem.o ptrace.o set_mpi_comm_4_solvers.o util_param.o thread_util.o nvtx_wrapper.o       
ar: `u' modifier ignored since `D' is the default (see `U')
ar: creating libutil.a
a - clib_wrappers.o
a - clocks_handler.o
a - cptimer.o
a - copy.o
a - c_mkdir.o
a - device_helper.o
a - divide.o
a - data_buffer.o
a - eval_infix.o
a - error_handler.o
a - export_gstart_2_solvers.o
a - find_free_unit.o
a - fletcher32_mod.o
a - fletcher32.o
a - md5.o
a - md5_from_file.o
a - memstat.o
a - memusage.o
a - mem_counter.o
a - mp.o
a - mp_base.o
a - mp_base_gpu.o
a - mp_bands_util.o
a - parallel_include.o
a - print_mem.o
a - ptrace.o
a - set_mpi_comm_4_solvers.o
a - util_param.o
a - thread_util.o
a - nvtx_wrapper.o
ranlib libutil.a    
make[1]: Leaving directory '/home/thiago/Documents/spyn/qe/q-e-qe-7.3.1/UtilXlib'
mpif90 -O2 -fallow-argument-mismatch -cpp -D__FFTW -D__MPI  -I/home/thiago/Documents/spyn/qe/q-e-qe-7.3.1//external/devxlib/src -I. -I/home/thiago/Documents/spyn/qe/q-e-qe-7.3.1//include  -c fft_error.f90
gcc -O3 -D__FFTW -D__MPI -I. -I/home/thiago/Documents/spyn/qe/q-e-qe-7.3.1//include   -c fft_stick.c
( cd LAXlib ; make TLDEPS= all || exit 1 )
mpif90 -O2 -fallow-argument-mismatch -cpp -D__FFTW -D__MPI  -I/home/thiago/Documents/spyn/qe/q-e-qe-7.3.1//external/devxlib/src -I. -I/home/thiago/Documents/spyn/qe/q-e-qe-7.3.1//include -I/home/thiago/Documents/spyn/qe/q-e-qe-7.3.1//upflib -c xclib_error.f90
make[1]: Entering directory '/home/thiago/Documents/spyn/qe/q-e-qe-7.3.1/LAXlib'
cpp -P -traditional -Uvector -D__FFTW -D__MPI -I. -I/home/thiago/Documents/spyn/qe/q-e-qe-7.3.1//include laxlib.h -o laxlib.fh
cpp -P -traditional -Uvector -D__FFTW -D__MPI -I. -I/home/thiago/Documents/spyn/qe/q-e-qe-7.3.1//include laxlib_hi.h -o laxlib_hi.fh
mpif90 -O2 -fallow-argument-mismatch -cpp -D__FFTW -D__MPI  -I/home/thiago/Documents/spyn/qe/q-e-qe-7.3.1//external/devxlib/src -I. -I/home/thiago/Documents/spyn/qe/q-e-qe-7.3.1//include -I/home/thiago/Documents/spyn/qe/q-e-qe-7.3.1//upflib -c qe_constants.f90
cpp -P -traditional -Uvector -D__FFTW -D__MPI -I. -I/home/thiago/Documents/spyn/qe/q-e-qe-7.3.1//include laxlib_kinds.h -o laxlib_kinds.fh
cpp -P -traditional -Uvector -D__FFTW -D__MPI -I. -I/home/thiago/Documents/spyn/qe/q-e-qe-7.3.1//include laxlib_low.h -o laxlib_low.fh
mpif90 -O2 -fallow-argument-mismatch -cpp -D__FFTW -D__MPI  -I/home/thiago/Documents/spyn/qe/q-e-qe-7.3.1//external/devxlib/src -I. -I/home/thiago/Documents/spyn/qe/q-e-qe-7.3.1//include -I/home/thiago/Documents/spyn/qe/q-e-qe-7.3.1//upflib -c dft_setting_params.f90
cpp -P -traditional -Uvector -D__FFTW -D__MPI -I. -I/home/thiago/Documents/spyn/qe/q-e-qe-7.3.1//include laxlib_mid.h -o laxlib_mid.fh
cpp -P -traditional -Uvector -D__FFTW -D__MPI -I. -I/home/thiago/Documents/spyn/qe/q-e-qe-7.3.1//include laxlib_param.h -o laxlib_param.fh
mpif90 -O2 -fallow-argument-mismatch -cpp -D__FFTW -D__MPI  -I/home/thiago/Documents/spyn/qe/q-e-qe-7.3.1//external/devxlib/src -I. -I/home/thiago/Documents/spyn/qe/q-e-qe-7.3.1//include  -c la_types.f90
mpif90 -O2 -fallow-argument-mismatch -cpp -D__FFTW -D__MPI  -I/home/thiago/Documents/spyn/qe/q-e-qe-7.3.1//external/devxlib/src -I. -I/home/thiago/Documents/spyn/qe/q-e-qe-7.3.1//include -I/home/thiago/Documents/spyn/qe/q-e-qe-7.3.1//upflib -c qe_funct_corr_lda_lsda.f90
mpif90 -O2 -fallow-argument-mismatch -cpp -D__FFTW -D__MPI  -I/home/thiago/Documents/spyn/qe/q-e-qe-7.3.1//external/devxlib/src -I. -I/home/thiago/Documents/spyn/qe/q-e-qe-7.3.1//include  -c la_param.f90
gfortran -O2 -fallow-argument-mismatch -cpp -D__FFTW -D__MPI  -I/home/thiago/Documents/spyn/qe/q-e-qe-7.3.1//external/devxlib/src -I. -I/home/thiago/Documents/spyn/qe/q-e-qe-7.3.1//include   -c mbd_hamiltonian.F90
mpif90 -O2 -fallow-argument-mismatch -cpp -D__FFTW -D__MPI  -I/home/thiago/Documents/spyn/qe/q-e-qe-7.3.1//external/devxlib/src -I. -I/home/thiago/Documents/spyn/qe/q-e-qe-7.3.1//include  -c la_module.f90
mpif90 -O2 -fallow-argument-mismatch -cpp -D__FFTW -D__MPI  -I/home/thiago/Documents/spyn/qe/q-e-qe-7.3.1//external/devxlib/src -I. -I/home/thiago/Documents/spyn/qe/q-e-qe-7.3.1//include -I/home/thiago/Documents/spyn/qe/q-e-qe-7.3.1//upflib -c qe_funct_exch_lda_lsda.f90
mpif90 -O2 -fallow-argument-mismatch -cpp -D__FFTW -D__MPI  -I/home/thiago/Documents/spyn/qe/q-e-qe-7.3.1//external/devxlib/src -I. -I/home/thiago/Documents/spyn/qe/q-e-qe-7.3.1//include  -c dspev_drv.f90
mpif90 -O2 -fallow-argument-mismatch -cpp -D__FFTW -D__MPI  -I/home/thiago/Documents/spyn/qe/q-e-qe-7.3.1//external/devxlib/src -I. -I/home/thiago/Documents/spyn/qe/q-e-qe-7.3.1//include -I/home/thiago/Documents/spyn/qe/q-e-qe-7.3.1//upflib -c qe_funct_corr_gga.f90
dspev_drv.f90:187:33:

  142 |            CALL MPI_ALLREDUCE( MPI_IN_PLACE, scalef, 1, MPI_DOUBLE_PRECISION, MPI_SUM, comm, ierr )
      |                               2  
......
  187 |              CALL MPI_ALLREDUCE( vtmp, u, L+2, MPI_DOUBLE_PRECISION, MPI_SUM, comm, ierr )
      |                                 1
Warning: Type mismatch between actual argument at (1) and actual argument at (2) (REAL(8)/INTEGER(4)).
dspev_drv.f90:187:39:

  142 |            CALL MPI_ALLREDUCE( MPI_IN_PLACE, scalef, 1, MPI_DOUBLE_PRECISION, MPI_SUM, comm, ierr )
      |                                             2
......
  187 |              CALL MPI_ALLREDUCE( vtmp, u, L+2, MPI_DOUBLE_PRECISION, MPI_SUM, comm, ierr )
      |                                       1
Warning: Rank mismatch between actual argument at (1) and actual argument at (2) (scalar and rank-1)
dspev_drv.f90:232:39:

  142 |            CALL MPI_ALLREDUCE( MPI_IN_PLACE, scalef, 1, MPI_DOUBLE_PRECISION, MPI_SUM, comm, ierr )
      |                                             2
......
  232 |              CALL MPI_ALLREDUCE( vtmp, p, L+1, MPI_DOUBLE_PRECISION, MPI_SUM, comm, ierr )
      |                                       1
Warning: Rank mismatch between actual argument at (1) and actual argument at (2) (scalar and rank-1)
dspev_drv.f90:252:27:

  252 |            CALL MPI_BCAST( g, 1, MPI_DOUBLE_PRECISION, ri( L ), comm, ierr )
      |                           1
......
  489 |            CALL MPI_BCAST( cv, 2*(m-l), MPI_DOUBLE_PRECISION, 0, comm, ierr )
      |                           2
Warning: Rank mismatch between actual argument at (1) and actual argument at (2) (rank-1 and scalar)
dspev_drv.f90:290:35:

  142 |            CALL MPI_ALLREDUCE( MPI_IN_PLACE, scalef, 1, MPI_DOUBLE_PRECISION, MPI_SUM, comm, ierr )
      |                                             2
......
  290 |             CALL MPI_ALLREDUCE( p, vtmp, L, MPI_DOUBLE_PRECISION, MPI_SUM, comm, ierr )
      |                                   1
Warning: Rank mismatch between actual argument at (1) and actual argument at (2) (scalar and rank-1)
dspev_drv.f90:315:29:

  142 |            CALL MPI_ALLREDUCE( MPI_IN_PLACE, scalef, 1, MPI_DOUBLE_PRECISION, MPI_SUM, comm, ierr )
      |                                             2
......
  315 |       CALL MPI_ALLREDUCE( u, d, n, MPI_DOUBLE_PRECISION, MPI_SUM, comm, ierr )
      |                             1
Warning: Rank mismatch between actual argument at (1) and actual argument at (2) (scalar and rank-1)
mpif90 -O2 -fallow-argument-mismatch -cpp -D__FFTW -D__MPI  -I/home/thiago/Documents/spyn/qe/q-e-qe-7.3.1//external/devxlib/src -I. -I/home/thiago/Documents/spyn/qe/q-e-qe-7.3.1//include -I/home/thiago/Documents/spyn/qe/q-e-qe-7.3.1//upflib -c qe_funct_exch_gga.f90
mpif90 -O2 -fallow-argument-mismatch -cpp -D__FFTW -D__MPI  -I/home/thiago/Documents/spyn/qe/q-e-qe-7.3.1//external/devxlib/src -I. -I/home/thiago/Documents/spyn/qe/q-e-qe-7.3.1//include  -c mp_diag.f90
mpif90 -O2 -fallow-argument-mismatch -cpp -D__FFTW -D__MPI  -I/home/thiago/Documents/spyn/qe/q-e-qe-7.3.1//external/devxlib/src -I. -I/home/thiago/Documents/spyn/qe/q-e-qe-7.3.1//include  -c zhpev_drv.f90
mpif90 -O2 -fallow-argument-mismatch -cpp -D__FFTW -D__MPI  -I/home/thiago/Documents/spyn/qe/q-e-qe-7.3.1//external/devxlib/src -I. -I/home/thiago/Documents/spyn/qe/q-e-qe-7.3.1//include -I/home/thiago/Documents/spyn/qe/q-e-qe-7.3.1//upflib -c qe_funct_mgga.f90
zhpev_drv.f90:1035:22:

  975 |       CALL MPI_BCAST( dvar, 6, MPI_DOUBLE_PRECISION, 0, comm, ierr )
      |                      2
......
 1035 |       CALL MPI_BCAST( m, 1, MPI_INTEGER, 0, comm, ierr )
      |                      1
Warning: Type mismatch between actual argument at (1) and actual argument at (2) (INTEGER(4)/REAL(8)).
zhpev_drv.f90:227:50:

  227 |                 CALL MPI_ALLREDUCE( MPI_IN_PLACE, xnorm, 1, MPI_DOUBLE_PRECISION, MPI_SUM, comm, ierr )
      |                                                  1
......
  694 |               CALL MPI_ALLREDUCE( MPI_IN_PLACE, work, 2*(n - 1 - i), MPI_DOUBLE_PRECISION, MPI_SUM, comm, ierr )
      |                                                2  
Warning: Type mismatch between actual argument at (1) and actual argument at (2) (REAL(8)/COMPLEX(8)).
zhpev_drv.f90:330:35:

  330 |                CALL MPI_ALLREDUCE( ctmpv( i + 1 ), apki( i + 1 ), 2*(n - i), MPI_DOUBLE_PRECISION, MPI_SUM, comm, ierr )
      |                                   1
......
  694 |               CALL MPI_ALLREDUCE( MPI_IN_PLACE, work, 2*(n - 1 - i), MPI_DOUBLE_PRECISION, MPI_SUM, comm, ierr )
      |                                  2 
Warning: Type mismatch between actual argument at (1) and actual argument at (2) (COMPLEX(8)/INTEGER(4)).
zhpev_drv.f90:392:49:

  392 |                CALL MPI_ALLREDUCE( MPI_IN_PLACE, alpha, 2, MPI_DOUBLE_PRECISION, MPI_SUM, comm, ierr )
      |                                                 1
......
  694 |               CALL MPI_ALLREDUCE( MPI_IN_PLACE, work, 2*(n - 1 - i), MPI_DOUBLE_PRECISION, MPI_SUM, comm, ierr )
      |                                                2 
Warning: Rank mismatch between actual argument at (1) and actual argument at (2) (rank-1 and scalar)
mpif90 -O2 -fallow-argument-mismatch -cpp -D__FFTW -D__MPI  -I/home/thiago/Documents/spyn/qe/q-e-qe-7.3.1//external/devxlib/src -I. -I/home/thiago/Documents/spyn/qe/q-e-qe-7.3.1//include  -c fft_support.f90
mpif90 -O2 -fallow-argument-mismatch -cpp -D__FFTW -D__MPI  -I/home/thiago/Documents/spyn/qe/q-e-qe-7.3.1//external/devxlib/src -I. -I/home/thiago/Documents/spyn/qe/q-e-qe-7.3.1//include  -c stick_base.f90
mpif90 -O2 -fallow-argument-mismatch -cpp -D__FFTW -D__MPI  -I/home/thiago/Documents/spyn/qe/q-e-qe-7.3.1//external/devxlib/src -I. -I/home/thiago/Documents/spyn/qe/q-e-qe-7.3.1//include -I/home/thiago/Documents/spyn/qe/q-e-qe-7.3.1//upflib -c xc_beef_interface.f90
gfortran -O2 -fallow-argument-mismatch -cpp -D__FFTW -D__MPI  -I/home/thiago/Documents/spyn/qe/q-e-qe-7.3.1//external/devxlib/src -I. -I/home/thiago/Documents/spyn/qe/q-e-qe-7.3.1//include   -c mbd_rpa.F90
stick_base.f90:254:42:

  253 |          CALL MPI_ALLREDUCE(MPI_IN_PLACE, st, size(st), MPI_INTEGER, MPI_SUM, comm, ierr)
      |                                          2
  254 |          CALL MPI_ALLREDUCE(MPI_IN_PLACE, ngm, 1, MPI_INTEGER, MPI_SUM, comm, ierr)
      |                                          1
Warning: Rank mismatch between actual argument at (1) and actual argument at (2) (rank-1 and scalar)
mpif90 -O2 -fallow-argument-mismatch -cpp -D__FFTW -D__MPI  -I/home/thiago/Documents/spyn/qe/q-e-qe-7.3.1//external/devxlib/src -I. -I/home/thiago/Documents/spyn/qe/q-e-qe-7.3.1//include -I/home/thiago/Documents/spyn/qe/q-e-qe-7.3.1//upflib -c qe_drivers_lda_lsda.f90
mpif90 -O2 -fallow-argument-mismatch -cpp -D__FFTW -D__MPI  -I/home/thiago/Documents/spyn/qe/q-e-qe-7.3.1//external/devxlib/src -I. -I/home/thiago/Documents/spyn/qe/q-e-qe-7.3.1//include -I/home/thiago/Documents/spyn/qe/q-e-qe-7.3.1//upflib -c qe_drivers_gga.f90
mpif90 -O2 -fallow-argument-mismatch -cpp -D__FFTW -D__MPI  -I/home/thiago/Documents/spyn/qe/q-e-qe-7.3.1//external/devxlib/src -I. -I/home/thiago/Documents/spyn/qe/q-e-qe-7.3.1//include  -c rdiaghg.f90
gfortran -O2 -fallow-argument-mismatch -cpp -D__FFTW -D__MPI  -I/home/thiago/Documents/spyn/qe/q-e-qe-7.3.1//external/devxlib/src -I. -I/home/thiago/Documents/spyn/qe/q-e-qe-7.3.1//include  -c mbd_scs.f90
mpif90 -O2 -fallow-argument-mismatch -cpp -D__FFTW -D__MPI  -I/home/thiago/Documents/spyn/qe/q-e-qe-7.3.1//external/devxlib/src -I. -I/home/thiago/Documents/spyn/qe/q-e-qe-7.3.1//include -I/home/thiago/Documents/spyn/qe/q-e-qe-7.3.1//upflib -c qe_drivers_mgga.f90
mpif90 -O2 -fallow-argument-mismatch -cpp -D__FFTW -D__MPI  -I/home/thiago/Documents/spyn/qe/q-e-qe-7.3.1//external/devxlib/src -I. -I/home/thiago/Documents/spyn/qe/q-e-qe-7.3.1//include -I/home/thiago/Documents/spyn/qe/q-e-qe-7.3.1//upflib -c xc_wrapper_gga.f90
mpif90 -O2 -fallow-argument-mismatch -cpp -D__FFTW -D__MPI  -I/home/thiago/Documents/spyn/qe/q-e-qe-7.3.1//external/devxlib/src -I. -I/home/thiago/Documents/spyn/qe/q-e-qe-7.3.1//include  -c fft_scalar.DFTI.f90
mpif90 -O2 -fallow-argument-mismatch -cpp -D__FFTW -D__MPI  -I/home/thiago/Documents/spyn/qe/q-e-qe-7.3.1//external/devxlib/src -I. -I/home/thiago/Documents/spyn/qe/q-e-qe-7.3.1//include  -c ptoolkit.f90
mpif90 -O2 -fallow-argument-mismatch -cpp -D__FFTW -D__MPI  -I/home/thiago/Documents/spyn/qe/q-e-qe-7.3.1//external/devxlib/src -I. -I/home/thiago/Documents/spyn/qe/q-e-qe-7.3.1//include  -c fft_scalar.ESSL.f90
mpif90 -O2 -fallow-argument-mismatch -cpp -D__FFTW -D__MPI  -I/home/thiago/Documents/spyn/qe/q-e-qe-7.3.1//external/devxlib/src -I. -I/home/thiago/Documents/spyn/qe/q-e-qe-7.3.1//include  -c fft_scalar.FFTW.f90
mpif90 -O2 -fallow-argument-mismatch -cpp -D__FFTW -D__MPI  -I/home/thiago/Documents/spyn/qe/q-e-qe-7.3.1//external/devxlib/src -I. -I/home/thiago/Documents/spyn/qe/q-e-qe-7.3.1//include -I/home/thiago/Documents/spyn/qe/q-e-qe-7.3.1//upflib -c xc_wrapper_lda_lsda.f90
mpif90 -O2 -fallow-argument-mismatch -cpp -D__FFTW -D__MPI  -I/home/thiago/Documents/spyn/qe/q-e-qe-7.3.1//external/devxlib/src -I. -I/home/thiago/Documents/spyn/qe/q-e-qe-7.3.1//include -I/home/thiago/Documents/spyn/qe/q-e-qe-7.3.1//upflib -c xc_wrapper_mgga.f90
mpif90 -O2 -fallow-argument-mismatch -cpp -D__FFTW -D__MPI  -I/home/thiago/Documents/spyn/qe/q-e-qe-7.3.1//external/devxlib/src -I. -I/home/thiago/Documents/spyn/qe/q-e-qe-7.3.1//include -I/home/thiago/Documents/spyn/qe/q-e-qe-7.3.1//upflib -c qe_dft_list.f90
gfortran -O2 -fallow-argument-mismatch -cpp -D__FFTW -D__MPI  -I/home/thiago/Documents/spyn/qe/q-e-qe-7.3.1//external/devxlib/src -I. -I/home/thiago/Documents/spyn/qe/q-e-qe-7.3.1//include   -c mbd_methods.F90
mpif90 -O2 -fallow-argument-mismatch -cpp -D__FFTW -D__MPI  -I/home/thiago/Documents/spyn/qe/q-e-qe-7.3.1//external/devxlib/src -I. -I/home/thiago/Documents/spyn/qe/q-e-qe-7.3.1//include -I/home/thiago/Documents/spyn/qe/q-e-qe-7.3.1//upflib -c qe_drivers_d_lda_lsda.f90
mpif90 -O2 -fallow-argument-mismatch -cpp -D__FFTW -D__MPI  -I/home/thiago/Documents/spyn/qe/q-e-qe-7.3.1//external/devxlib/src -I. -I/home/thiago/Documents/spyn/qe/q-e-qe-7.3.1//include  -c fft_types.f90
mpif90 -O2 -fallow-argument-mismatch -cpp -D__FFTW -D__MPI  -I/home/thiago/Documents/spyn/qe/q-e-qe-7.3.1//external/devxlib/src -I. -I/home/thiago/Documents/spyn/qe/q-e-qe-7.3.1//include -I/home/thiago/Documents/spyn/qe/q-e-qe-7.3.1//upflib -c qe_drivers_d_gga.f90
ptoolkit.f90:193:31:

  193 |                CALL mpi_isend( buf, ib, MPI_DOUBLE_PRECISION, ipr-1, ipr, col_comm, sreq, ierr )
      |                               1
......
  581 |                CALL mpi_isend( buf, ib, MPI_DOUBLE_COMPLEX, ipr-1, ipr, col_comm, sreq, ierr )
      |                               2
Warning: Type mismatch between actual argument at (1) and actual argument at (2) (REAL(8)/COMPLEX(8)).
ptoolkit.f90:220:33:

  220 |                   CALL mpi_recv( buf, nrsnd(ipr_old), MPI_DOUBLE_PRECISION, ipr_old-1, ipr, col_comm, istatus, ierr )
      |                                 1
......
  608 |                   CALL mpi_recv( buf, nrsnd(ipr_old), MPI_DOUBLE_COMPLEX, ipr_old-1, ipr, col_comm, istatus, ierr )
      |                                 2
Warning: Type mismatch between actual argument at (1) and actual argument at (2) (REAL(8)/COMPLEX(8)).
ptoolkit.f90:1081:22:

  981 |      CALL mpi_gather( a, nx*nx, mpi_double_precision, &
      |                      2
......
 1081 |      CALL mpi_gather( a, nx*nx, mpi_double_complex, &
      |                      1
Warning: Type mismatch between actual argument at (1) and actual argument at (2) (COMPLEX(8)/REAL(8)).
ptoolkit.f90:1082:22:

  982 |                       buf, nx*nx, mpi_double_precision, 0, desc%comm , ierr )
      |                      2
......
 1082 |                       buf, nx*nx, mpi_double_complex, 0, desc%comm , ierr )
      |                      1
Warning: Type mismatch between actual argument at (1) and actual argument at (2) (COMPLEX(8)/REAL(8)).
ptoolkit.f90:1106:18:

 1006 |   CALL mpi_bcast( ar,  ldar * n, mpi_double_precision, 0, comm, ierr )
      |                  2
......
 1106 |   CALL mpi_bcast( ar,  ldar * n, mpi_double_complex, 0, comm, ierr )
      |                  1
Warning: Type mismatch between actual argument at (1) and actual argument at (2) (COMPLEX(8)/REAL(8)).
ptoolkit.f90:3093:32:

 2386 |       CALL MPI_SENDRECV_REPLACE(blk, nb*nb, MPI_DOUBLE_PRECISION, &
      |                                2
......
 3093 |       CALL MPI_SENDRECV_REPLACE(blk, nb*nb, MPI_REAL, &
      |                                1
Warning: Type mismatch between actual argument at (1) and actual argument at (2) (REAL(4)/REAL(8)).
ptoolkit.f90:3197:43:

 1945 |      CALL zgemm(TRANSA, TRANSB, M, N, K, alpha, A, lda, B, ldb, beta, C, ldc)
      |                                         2  
......
 3197 |       CALL zgemm( TRANSA, TRANSB, n, n, n, alpha, a, lda, b, ldb, beta, c, ldc)
      |                                           1
Warning: Type mismatch between actual argument at (1) and actual argument at (2) (COMPLEX(8)/REAL(8)).
ptoolkit.f90:3197:66:

 1945 |      CALL zgemm(TRANSA, TRANSB, M, N, K, alpha, A, lda, B, ldb, beta, C, ldc)
      |                                                                2  
......
 3197 |       CALL zgemm( TRANSA, TRANSB, n, n, n, alpha, a, lda, b, ldb, beta, c, ldc)
      |                                                                  1
Warning: Type mismatch between actual argument at (1) and actual argument at (2) (COMPLEX(8)/REAL(8)).
ptoolkit.f90:5124:29:

 4885 |             CALL MPI_REDUCE( ssnd, sll, ldx*ldx, MPI_DOUBLE_COMPLEX, MPI_SUM, jb-1, rcomm, ierr )
      |                             2
......
 5124 |             CALL MPI_REDUCE( ssnd, sll, ldx*ldx, MPI_DOUBLE_PRECISION, MPI_SUM, jb-1, rcomm, ierr )
      |                             1
Warning: Type mismatch between actual argument at (1) and actual argument at (2) (REAL(8)/COMPLEX(8)).
ptoolkit.f90:5124:35:

 4885 |             CALL MPI_REDUCE( ssnd, sll, ldx*ldx, MPI_DOUBLE_COMPLEX, MPI_SUM, jb-1, rcomm, ierr )
      |                                   2
......
 5124 |             CALL MPI_REDUCE( ssnd, sll, ldx*ldx, MPI_DOUBLE_PRECISION, MPI_SUM, jb-1, rcomm, ierr )
      |                                   1
Warning: Type mismatch between actual argument at (1) and actual argument at (2) (REAL(8)/COMPLEX(8)).
ptoolkit.f90:5473:26:

 3985 |    CALL MPI_SENDRECV(a, ldx*nx, MPI_DOUBLE_PRECISION, idest, np+np+1, &
      |                     2     
......
 5473 |        CALL MPI_Sendrecv( c, ldx*ldx, MPI_DOUBLE_COMPLEX, send, 0, buf_recv, &
      |                          1
Warning: Type mismatch between actual argument at (1) and actual argument at (2) (COMPLEX(8)/REAL(8)).
ptoolkit.f90:5473:67:

 3986 |                      b, ldx*nx, MPI_DOUBLE_PRECISION, isour, np+np+1, comm, istatus, ierr)
      |                     2                                              
......
 5473 |        CALL MPI_Sendrecv( c, ldx*ldx, MPI_DOUBLE_COMPLEX, send, 0, buf_recv, &
      |                                                                   1
Warning: Type mismatch between actual argument at (1) and actual argument at (2) (COMPLEX(8)/REAL(8)).
ptoolkit.f90:5734:24:

 5361 |           CALL MPI_Send(sll, ldx*ldx, MPI_DOUBLE_COMPLEX, idref, 0, comm, ierr)
      |                        2
......
 5734 |           CALL MPI_Send(sll, ldx*ldx, MPI_DOUBLE_PRECISION, idref, 0, comm, ierr)
      |                        1
Warning: Type mismatch between actual argument at (1) and actual argument at (2) (REAL(8)/COMPLEX(8)).
ptoolkit.f90:5750:26:

 5377 |           CALL MPI_Irecv( B, ldx*ldx, MPI_DOUBLE_COMPLEX, i, 0, comm, req(1), ierr)
      |                          2
......
 5750 |           CALL MPI_Irecv( B, ldx*ldx, MPI_DOUBLE_PRECISION, i, 0, comm, req(1), ierr)
      |                          1
Warning: Type mismatch between actual argument at (1) and actual argument at (2) (REAL(8)/COMPLEX(8)).
mpif90 -O2 -fallow-argument-mismatch -cpp -D__FFTW -D__MPI  -I/home/thiago/Documents/spyn/qe/q-e-qe-7.3.1//external/devxlib/src -I. -I/home/thiago/Documents/spyn/qe/q-e-qe-7.3.1//include -I/home/thiago/Documents/spyn/qe/q-e-qe-7.3.1//upflib -c xc_wrapper_d_lda_lsda.f90
mpif90 -O2 -fallow-argument-mismatch -cpp -D__FFTW -D__MPI  -I/home/thiago/Documents/spyn/qe/q-e-qe-7.3.1//external/devxlib/src -I. -I/home/thiago/Documents/spyn/qe/q-e-qe-7.3.1//include -I/home/thiago/Documents/spyn/qe/q-e-qe-7.3.1//upflib -c dft_setting_routines.f90
mpif90 -O2 -fallow-argument-mismatch -cpp -D__FFTW -D__MPI  -I/home/thiago/Documents/spyn/qe/q-e-qe-7.3.1//external/devxlib/src -I. -I/home/thiago/Documents/spyn/qe/q-e-qe-7.3.1//include  -c fft_scalar.f90
mpif90 -O2 -fallow-argument-mismatch -cpp -D__FFTW -D__MPI  -I/home/thiago/Documents/spyn/qe/q-e-qe-7.3.1//external/devxlib/src -I. -I/home/thiago/Documents/spyn/qe/q-e-qe-7.3.1//include -I/home/thiago/Documents/spyn/qe/q-e-qe-7.3.1//upflib -c xc_wrapper_d_gga.f90
mpif90 -O2 -fallow-argument-mismatch -cpp -D__FFTW -D__MPI  -I/home/thiago/Documents/spyn/qe/q-e-qe-7.3.1//external/devxlib/src -I. -I/home/thiago/Documents/spyn/qe/q-e-qe-7.3.1//include  -c fft_scatter.f90
mpif90 -O2 -fallow-argument-mismatch -cpp -D__FFTW -D__MPI  -I/home/thiago/Documents/spyn/qe/q-e-qe-7.3.1//external/devxlib/src -I. -I/home/thiago/Documents/spyn/qe/q-e-qe-7.3.1//include -I/home/thiago/Documents/spyn/qe/q-e-qe-7.3.1//upflib -c xc_lib.f90
ar ruv xc_lib.a xclib_utils_and_para.o xclib_error.o qe_kind.o qe_constants.o dft_setting_params.o dft_setting_routines.o qe_dft_list.o qe_funct_corr_lda_lsda.o qe_funct_exch_lda_lsda.o qe_funct_corr_gga.o qe_funct_exch_gga.o qe_funct_mgga.o xc_beef_interface.o qe_drivers_lda_lsda.o qe_drivers_d_lda_lsda.o qe_drivers_gga.o qe_drivers_d_gga.o qe_drivers_mgga.o xc_wrapper_d_gga.o xc_wrapper_d_lda_lsda.o xc_wrapper_gga.o xc_wrapper_lda_lsda.o xc_wrapper_mgga.o xc_lib.o pbecor.o beefun.o
ar: `u' modifier ignored since `D' is the default (see `U')
ar: creating xc_lib.a
a - xclib_utils_and_para.o
a - xclib_error.o
a - qe_kind.o
a - qe_constants.o
a - dft_setting_params.o
a - dft_setting_routines.o
a - qe_dft_list.o
a - qe_funct_corr_lda_lsda.o
a - qe_funct_exch_lda_lsda.o
a - qe_funct_corr_gga.o
a - qe_funct_exch_gga.o
a - qe_funct_mgga.o
a - xc_beef_interface.o
a - qe_drivers_lda_lsda.o
a - qe_drivers_d_lda_lsda.o
a - qe_drivers_gga.o
a - qe_drivers_d_gga.o
a - qe_drivers_mgga.o
a - xc_wrapper_d_gga.o
a - xc_wrapper_d_lda_lsda.o
a - xc_wrapper_gga.o
a - xc_wrapper_lda_lsda.o
a - xc_wrapper_mgga.o
a - xc_lib.o
a - pbecor.o
a - beefun.o
ranlib xc_lib.a
make[1]: Leaving directory '/home/thiago/Documents/spyn/qe/q-e-qe-7.3.1/XClib'
( cd upflib ; make TLDEPS= all || exit 1 )
make[1]: Entering directory '/home/thiago/Documents/spyn/qe/q-e-qe-7.3.1/upflib'
mpif90 -O2 -fallow-argument-mismatch -cpp -D__FFTW -D__MPI  -I/home/thiago/Documents/spyn/qe/q-e-qe-7.3.1//external/devxlib/src -I. -I/home/thiago/Documents/spyn/qe/q-e-qe-7.3.1//include -I../UtilXlib -I. -c upf_kinds.f90
gfortran -O2 -fallow-argument-mismatch -cpp -D__FFTW -D__MPI  -I/home/thiago/Documents/spyn/qe/q-e-qe-7.3.1//external/devxlib/src -I. -I/home/thiago/Documents/spyn/qe/q-e-qe-7.3.1//include   -c mbd.F90
mpif90 -O2 -fallow-argument-mismatch -cpp -D__FFTW -D__MPI  -I/home/thiago/Documents/spyn/qe/q-e-qe-7.3.1//external/devxlib/src -I. -I/home/thiago/Documents/spyn/qe/q-e-qe-7.3.1//include -I../UtilXlib -I. -c upf_io.f90
mpif90 -O2 -fallow-argument-mismatch -cpp -D__FFTW -D__MPI  -I/home/thiago/Documents/spyn/qe/q-e-qe-7.3.1//external/devxlib/src -I. -I/home/thiago/Documents/spyn/qe/q-e-qe-7.3.1//include -I../UtilXlib -I. -c upf_params.f90
mpif90 -O2 -fallow-argument-mismatch -cpp -D__FFTW -D__MPI  -I/home/thiago/Documents/spyn/qe/q-e-qe-7.3.1//external/devxlib/src -I. -I/home/thiago/Documents/spyn/qe/q-e-qe-7.3.1//include -I../UtilXlib -I. -c upf_utils.f90
mpif90 -O2 -fallow-argument-mismatch -cpp -D__FFTW -D__MPI  -I/home/thiago/Documents/spyn/qe/q-e-qe-7.3.1//external/devxlib/src -I. -I/home/thiago/Documents/spyn/qe/q-e-qe-7.3.1//include -I../UtilXlib -I. -c upf_invmat.f90
mpif90 -O2 -fallow-argument-mismatch -cpp -D__FFTW -D__MPI  -I/home/thiago/Documents/spyn/qe/q-e-qe-7.3.1//external/devxlib/src -I. -I/home/thiago/Documents/spyn/qe/q-e-qe-7.3.1//include -I../UtilXlib -I. -c uspp_data.f90
mpif90 -O2 -fallow-argument-mismatch -cpp -D__FFTW -D__MPI  -I/home/thiago/Documents/spyn/qe/q-e-qe-7.3.1//external/devxlib/src -I. -I/home/thiago/Documents/spyn/qe/q-e-qe-7.3.1//include -I../UtilXlib -I. -c paw_variables.f90
mpif90 -O2 -fallow-argument-mismatch -cpp -D__FFTW -D__MPI  -I/home/thiago/Documents/spyn/qe/q-e-qe-7.3.1//external/devxlib/src -I. -I/home/thiago/Documents/spyn/qe/q-e-qe-7.3.1//include -I../UtilXlib -I. -c atomic_number.f90
mpif90 -O2 -fallow-argument-mismatch -cpp -D__FFTW -D__MPI  -I/home/thiago/Documents/spyn/qe/q-e-qe-7.3.1//external/devxlib/src -I. -I/home/thiago/Documents/spyn/qe/q-e-qe-7.3.1//include -I../UtilXlib -I. -c dylmr2.f90
mpif90 -O2 -fallow-argument-mismatch -cpp -D__FFTW -D__MPI  -I/home/thiago/Documents/spyn/qe/q-e-qe-7.3.1//external/devxlib/src -I. -I/home/thiago/Documents/spyn/qe/q-e-qe-7.3.1//include -I../UtilXlib -I. -c splinelib.f90
mpif90 -O2 -fallow-argument-mismatch -cpp -D__FFTW -D__MPI  -I/home/thiago/Documents/spyn/qe/q-e-qe-7.3.1//external/devxlib/src -I. -I/home/thiago/Documents/spyn/qe/q-e-qe-7.3.1//include  -c fft_smallbox_type.f90
mpif90 -O2 -fallow-argument-mismatch -cpp -D__FFTW -D__MPI  -I/home/thiago/Documents/spyn/qe/q-e-qe-7.3.1//external/devxlib/src -I. -I/home/thiago/Documents/spyn/qe/q-e-qe-7.3.1//include -I../UtilXlib -I. -c xmltools.f90
gfortran -O2 -fallow-argument-mismatch -cpp -D__FFTW -D__MPI  -I/home/thiago/Documents/spyn/qe/q-e-qe-7.3.1//external/devxlib/src -I. -I/home/thiago/Documents/spyn/qe/q-e-qe-7.3.1//include   -c mbd_c_api.F90
mpif90 -O2 -fallow-argument-mismatch -cpp -D__FFTW -D__MPI  -I/home/thiago/Documents/spyn/qe/q-e-qe-7.3.1//external/devxlib/src -I. -I/home/thiago/Documents/spyn/qe/q-e-qe-7.3.1//include  -c tg_gather.f90
tg_gather.f90:77:36:

   34 |   CALL MPI_ALLREDUCE( MPI_IN_PLACE, tg_v, nsiz, MPI_DOUBLE_PRECISION, MPI_SUM, dffts%comm2, ierr )
      |                                    2
......
   77 |   CALL MPI_ALLREDUCE( MPI_IN_PLACE, tg_v, nsiz, MPI_DOUBLE_PRECISION, MPI_SUM, dffts%comm2, ierr )
      |                                    1
Warning: Type mismatch between actual argument at (1) and actual argument at (2) (COMPLEX(8)/REAL(8)).
mpif90 -O2 -fallow-argument-mismatch -cpp -D__FFTW -D__MPI  -I/home/thiago/Documents/spyn/qe/q-e-qe-7.3.1//external/devxlib/src -I. -I/home/thiago/Documents/spyn/qe/q-e-qe-7.3.1//include  -c fft_helper_subroutines.f90
fft_helper_subroutines.f90:154:42:

  154 |         CALL MPI_ALLREDUCE( MPI_IN_PLACE, tmp_rhos, SIZE(tmp_rhos), MPI_DOUBLE_PRECISION, MPI_SUM, desc%comm2, ierr )
      |                                          1
......
  220 |         CALL MPI_ALLREDUCE( MPI_IN_PLACE, tmp_rhos, 2*SIZE(tmp_rhos), MPI_DOUBLE_PRECISION, MPI_SUM, desc%comm2, ierr )
      |                                          2
Warning: Type mismatch between actual argument at (1) and actual argument at (2) (REAL(8)/COMPLEX(8)).
ar -r libmbd.a mbd.o mbd_c_api.o mbd_constants.o mbd_coulomb.o mbd_damping.o mbd_dipole.o mbd_formulas.o mbd_geom.o mbd_gradients.o mbd_hamiltonian.o mbd_lapack.o mbd_linalg.o mbd_matrix.o mbd_methods.o mbd_rpa.o mbd_scs.o mbd_ts.o mbd_utils.o mbd_vdw_param.o
make[2]: Leaving directory '/home/thiago/Documents/spyn/qe/q-e-qe-7.3.1/external/mbd/src'
make[1]: Leaving directory '/home/thiago/Documents/spyn/qe/q-e-qe-7.3.1/install'
mpif90 -O2 -fallow-argument-mismatch -cpp -D__FFTW -D__MPI  -I/home/thiago/Documents/spyn/qe/q-e-qe-7.3.1//external/devxlib/src -I. -I/home/thiago/Documents/spyn/qe/q-e-qe-7.3.1//include  -c transto.f90
mpif90 -O2 -fallow-argument-mismatch -cpp -D__FFTW -D__MPI  -I/home/thiago/Documents/spyn/qe/q-e-qe-7.3.1//external/devxlib/src -I. -I/home/thiago/Documents/spyn/qe/q-e-qe-7.3.1//include -I../UtilXlib -I. -c spinor.f90
mpif90 -O2 -fallow-argument-mismatch -cpp -D__FFTW -D__MPI  -I/home/thiago/Documents/spyn/qe/q-e-qe-7.3.1//external/devxlib/src -I. -I/home/thiago/Documents/spyn/qe/q-e-qe-7.3.1//include -I../UtilXlib -I. -c sph_ind.f90
mpif90 -O2 -fallow-argument-mismatch -cpp -D__FFTW -D__MPI  -I/home/thiago/Documents/spyn/qe/q-e-qe-7.3.1//external/devxlib/src -I. -I/home/thiago/Documents/spyn/qe/q-e-qe-7.3.1//include -I../UtilXlib -I. -c simpsn.f90
mpif90 -O2 -fallow-argument-mismatch -cpp -D__FFTW -D__MPI  -I/home/thiago/Documents/spyn/qe/q-e-qe-7.3.1//external/devxlib/src -I. -I/home/thiago/Documents/spyn/qe/q-e-qe-7.3.1//include -I../UtilXlib -I. -c upf_parallel_include.f90
mpif90 -O2 -fallow-argument-mismatch -cpp -D__FFTW -D__MPI  -I/home/thiago/Documents/spyn/qe/q-e-qe-7.3.1//external/devxlib/src -I. -I/home/thiago/Documents/spyn/qe/q-e-qe-7.3.1//include  -c scatter_mod.f90
mpif90 -O2 -fallow-argument-mismatch -cpp -D__FFTW -D__MPI  -I/home/thiago/Documents/spyn/qe/q-e-qe-7.3.1//external/devxlib/src -I. -I/home/thiago/Documents/spyn/qe/q-e-qe-7.3.1//include  -c fft_scatter_2d.f90
scatter_mod.f90:428:23:

  413 |      CALL MPI_ALLGATHERV( f_in(offset_in), recvcount(dfftp%mype2), MPI_DOUBLE_PRECISION, &
      |                          2
......
  428 |   CALL MPI_ALLGATHERV( f_aux, recvcount(dfftp%mype3), MPI_DOUBLE_PRECISION, &
      |                       1
Warning: Rank mismatch between actual argument at (1) and actual argument at (2) (scalar and rank-1)
scatter_mod.f90:351:24:

  351 |                         f_out(offset_in), sendcount(dfft%mype2), MPI_DOUBLE_PRECISION, &
      |                        1
......
  638 |                               f_aux, sendcount(dfftp%mype3), MPI_DOUBLE_PRECISION, &
      |                              2
Warning: Element of assumed-shape or pointer array as actual argument at (1) cannot correspond to actual argument at (2)
scatter_mod.f90:249:21:

  249 |   CALL MPI_SCATTERV( f_in, sendcount, displs, MPI_DOUBLE_PRECISION,   &
      |                     1
......
  637 |            CALL MPI_SCATTERV( f_in(1,ibnd), sendcount, displs, MPI_DOUBLE_PRECISION,   &
      |                              2
Warning: Type mismatch between actual argument at (1) and actual argument at (2) (REAL(8)/COMPLEX(8)).
scatter_mod.f90:250:21:

  250 |                      f_aux, sendcount(dfft%mype3), MPI_DOUBLE_PRECISION, &
      |                     1
......
  638 |                               f_aux, sendcount(dfftp%mype3), MPI_DOUBLE_PRECISION, &
      |                              2
Warning: Type mismatch between actual argument at (1) and actual argument at (2) (REAL(8)/COMPLEX(8)).
scatter_mod.f90:84:23:

   84 |      CALL MPI_GATHERV( f_in(offset_in) , recvcount(dfft%mype2), MPI_DOUBLE_PRECISION, &
      |                       1
......
  520 |            CALL MPI_GATHERV( f_in(offset_in,jbnd), recvcount(dfftp%mype2), MPI_DOUBLE_PRECISION, &
      |                             2
Warning: Type mismatch between actual argument at (1) and actual argument at (2) (REAL(8)/COMPLEX(8)).
scatter_mod.f90:85:23:

   85 |                        f_aux(offset_aux), recvcount, displs, MPI_DOUBLE_PRECISION, dfft%root,      &
      |                       1
......
  521 |                              f_aux(offset_aux), recvcount, displs, MPI_DOUBLE_PRECISION, &
      |                             2
Warning: Type mismatch between actual argument at (1) and actual argument at (2) (REAL(8)/COMPLEX(8)).
mpif90 -O2 -fallow-argument-mismatch -cpp -D__FFTW -D__MPI  -I/home/thiago/Documents/spyn/qe/q-e-qe-7.3.1//external/devxlib/src -I. -I/home/thiago/Documents/spyn/qe/q-e-qe-7.3.1//include -I../UtilXlib -I. -c ylmr2_gpu.f90
mpif90 -O2 -fallow-argument-mismatch -cpp -D__FFTW -D__MPI  -I/home/thiago/Documents/spyn/qe/q-e-qe-7.3.1//external/devxlib/src -I. -I/home/thiago/Documents/spyn/qe/q-e-qe-7.3.1//include -I../UtilXlib -I. -c dom.f90
mpif90 -O2 -fallow-argument-mismatch -cpp -D__FFTW -D__MPI  -I/home/thiago/Documents/spyn/qe/q-e-qe-7.3.1//external/devxlib/src -I. -I/home/thiago/Documents/spyn/qe/q-e-qe-7.3.1//include  -c distools.f90
mpif90 -O2 -fallow-argument-mismatch -cpp -D__FFTW -D__MPI  -I/home/thiago/Documents/spyn/qe/q-e-qe-7.3.1//external/devxlib/src -I. -I/home/thiago/Documents/spyn/qe/q-e-qe-7.3.1//include -I../UtilXlib -I. -c wxml.f90
mpif90 -O2 -fallow-argument-mismatch -cpp -D__FFTW -D__MPI  -I/home/thiago/Documents/spyn/qe/q-e-qe-7.3.1//external/devxlib/src -I. -I/home/thiago/Documents/spyn/qe/q-e-qe-7.3.1//include  -c la_error.f90
mpif90 -O2 -fallow-argument-mismatch -cpp -D__FFTW -D__MPI  -I/home/thiago/Documents/spyn/qe/q-e-qe-7.3.1//external/devxlib/src -I. -I/home/thiago/Documents/spyn/qe/q-e-qe-7.3.1//include  -c la_helper.f90
mpif90 -O2 -fallow-argument-mismatch -cpp -D__FFTW -D__MPI  -I/home/thiago/Documents/spyn/qe/q-e-qe-7.3.1//external/devxlib/src -I. -I/home/thiago/Documents/spyn/qe/q-e-qe-7.3.1//include  -c cdiaghg.f90
mpif90 -O2 -fallow-argument-mismatch -cpp -D__FFTW -D__MPI  -I/home/thiago/Documents/spyn/qe/q-e-qe-7.3.1//external/devxlib/src -I. -I/home/thiago/Documents/spyn/qe/q-e-qe-7.3.1//include  -c fft_buffers.f90
cdiaghg.f90:196:18:

  193 |   CALL MPI_BCAST( e, SIZE(e), MPI_DOUBLE_PRECISION, root_bgrp, intra_bgrp_comm, info )
      |                  2
......
  196 |   CALL MPI_BCAST( v, SIZE(v), MPI_DOUBLE_COMPLEX, root_bgrp, intra_bgrp_comm, info )
      |                  1
Warning: Type mismatch between actual argument at (1) and actual argument at (2) (COMPLEX(8)/REAL(8)).
mpif90 -O2 -fallow-argument-mismatch -cpp -D__FFTW -D__MPI  -I/home/thiago/Documents/spyn/qe/q-e-qe-7.3.1//external/devxlib/src -I. -I/home/thiago/Documents/spyn/qe/q-e-qe-7.3.1//include -I../UtilXlib -I. -c upf_const.f90
mpif90 -O2 -fallow-argument-mismatch -cpp -D__FFTW -D__MPI  -I/home/thiago/Documents/spyn/qe/q-e-qe-7.3.1//external/devxlib/src -I. -I/home/thiago/Documents/spyn/qe/q-e-qe-7.3.1//include -I../UtilXlib -I. -c pseudo_types.f90
mpif90 -O2 -fallow-argument-mismatch -cpp -D__FFTW -D__MPI  -I/home/thiago/Documents/spyn/qe/q-e-qe-7.3.1//external/devxlib/src -I. -I/home/thiago/Documents/spyn/qe/q-e-qe-7.3.1//include  -c fft_scatter_2d_gpu.f90
mpif90 -O2 -fallow-argument-mismatch -cpp -D__FFTW -D__MPI  -I/home/thiago/Documents/spyn/qe/q-e-qe-7.3.1//external/devxlib/src -I. -I/home/thiago/Documents/spyn/qe/q-e-qe-7.3.1//include  -c fft_ggen.f90
mpif90 -O2 -fallow-argument-mismatch -cpp -D__FFTW -D__MPI  -I/home/thiago/Documents/spyn/qe/q-e-qe-7.3.1//external/devxlib/src -I. -I/home/thiago/Documents/spyn/qe/q-e-qe-7.3.1//include -I../UtilXlib -I. -c sph_bes.f90
ar ruv libqela.a la_types.o la_error.o la_module.o la_helper.o cdiaghg.o rdiaghg.o dspev_drv.o ptoolkit.o transto.o distools.o zhpev_drv.o mp_diag.o la_param.o       
ar: `u' modifier ignored since `D' is the default (see `U')
ar: creating libqela.a
a - la_types.o
a - la_error.o
a - la_module.o
a - la_helper.o
a - cdiaghg.o
a - rdiaghg.o
a - dspev_drv.o
a - ptoolkit.o
a - transto.o
a - distools.o
a - zhpev_drv.o
a - mp_diag.o
a - la_param.o
ranlib libqela.a    
make[1]: Leaving directory '/home/thiago/Documents/spyn/qe/q-e-qe-7.3.1/LAXlib'
mpif90 -O2 -fallow-argument-mismatch -cpp -D__FFTW -D__MPI  -I/home/thiago/Documents/spyn/qe/q-e-qe-7.3.1//external/devxlib/src -I. -I/home/thiago/Documents/spyn/qe/q-e-qe-7.3.1//include -I../UtilXlib -I. -c upf_error.f90
mpif90 -O2 -fallow-argument-mismatch -cpp -D__FFTW -D__MPI  -I/home/thiago/Documents/spyn/qe/q-e-qe-7.3.1//external/devxlib/src -I. -I/home/thiago/Documents/spyn/qe/q-e-qe-7.3.1//include  -c fft_interfaces.f90
( cd KS_Solvers ; make TLDEPS= all || exit 1 )
make[1]: Entering directory '/home/thiago/Documents/spyn/qe/q-e-qe-7.3.1/KS_Solvers'
Makefile:101: warning: overriding recipe for target 'librmm'
Makefile:93: warning: ignoring old recipe for target 'librmm'
if test -d Davidson_RCI ; then \
( cd Davidson_RCI ; make all || exit 1 ) ; fi
mpif90 -O2 -fallow-argument-mismatch -cpp -D__FFTW -D__MPI  -I/home/thiago/Documents/spyn/qe/q-e-qe-7.3.1//external/devxlib/src -I. -I/home/thiago/Documents/spyn/qe/q-e-qe-7.3.1//include -I../UtilXlib -I. -c ylmr2.f90
make[2]: Entering directory '/home/thiago/Documents/spyn/qe/q-e-qe-7.3.1/KS_Solvers/Davidson_RCI'
mpif90 -O2 -fallow-argument-mismatch -cpp -D__FFTW -D__MPI  -I/home/thiago/Documents/spyn/qe/q-e-qe-7.3.1//external/devxlib/src -I. -I/home/thiago/Documents/spyn/qe/q-e-qe-7.3.1//include -I ../../LAXlib -I ../../UtilXlib -I. -c david_rci.f90
mpif90 -O2 -fallow-argument-mismatch -cpp -D__FFTW -D__MPI  -I/home/thiago/Documents/spyn/qe/q-e-qe-7.3.1//external/devxlib/src -I. -I/home/thiago/Documents/spyn/qe/q-e-qe-7.3.1//include  -c fft_scatter_gpu.f90
mpif90 -O2 -fallow-argument-mismatch -cpp -D__FFTW -D__MPI  -I/home/thiago/Documents/spyn/qe/q-e-qe-7.3.1//external/devxlib/src -I. -I/home/thiago/Documents/spyn/qe/q-e-qe-7.3.1//include  -c fft_parallel_2d.f90
mpif90 -O2 -fallow-argument-mismatch -cpp -D__FFTW -D__MPI  -I/home/thiago/Documents/spyn/qe/q-e-qe-7.3.1//external/devxlib/src -I. -I/home/thiago/Documents/spyn/qe/q-e-qe-7.3.1//include -I../UtilXlib -I. -c radial_grids.f90
mpif90 -O2 -fallow-argument-mismatch -cpp -D__FFTW -D__MPI  -I/home/thiago/Documents/spyn/qe/q-e-qe-7.3.1//external/devxlib/src -I. -I/home/thiago/Documents/spyn/qe/q-e-qe-7.3.1//include  -c fft_interpolate.f90
mpif90 -O2 -fallow-argument-mismatch -cpp -D__FFTW -D__MPI  -I/home/thiago/Documents/spyn/qe/q-e-qe-7.3.1//external/devxlib/src -I. -I/home/thiago/Documents/spyn/qe/q-e-qe-7.3.1//include -I../UtilXlib -I. -c gth.f90
mpif90 -O2 -fallow-argument-mismatch -cpp -D__FFTW -D__MPI  -I/home/thiago/Documents/spyn/qe/q-e-qe-7.3.1//external/devxlib/src -I. -I/home/thiago/Documents/spyn/qe/q-e-qe-7.3.1//include  -c fft_parallel.f90
mpif90 -O2 -fallow-argument-mismatch -cpp -D__FFTW -D__MPI  -I/home/thiago/Documents/spyn/qe/q-e-qe-7.3.1//external/devxlib/src -I. -I/home/thiago/Documents/spyn/qe/q-e-qe-7.3.1//include -I../UtilXlib -I. -c uspp_param.f90
mpif90 -O2 -fallow-argument-mismatch -cpp -D__FFTW -D__MPI  -I/home/thiago/Documents/spyn/qe/q-e-qe-7.3.1//external/devxlib/src -I. -I/home/thiago/Documents/spyn/qe/q-e-qe-7.3.1//include -I../UtilXlib -I. -c read_cpmd.f90
ar ruv libdavid_rci.a david_rci.o       
ar: `u' modifier ignored since `D' is the default (see `U')
ar: creating libdavid_rci.a
a - david_rci.o
ranlib libdavid_rci.a    
make[2]: Leaving directory '/home/thiago/Documents/spyn/qe/q-e-qe-7.3.1/KS_Solvers/Davidson_RCI'
if test -d Davidson ; then \
        ( cd Davidson ; make all || exit 1 ) ; fi
make[2]: Entering directory '/home/thiago/Documents/spyn/qe/q-e-qe-7.3.1/KS_Solvers/Davidson'
mpif90 -O2 -fallow-argument-mismatch -cpp -D__FFTW -D__MPI  -I/home/thiago/Documents/spyn/qe/q-e-qe-7.3.1//external/devxlib/src -I. -I/home/thiago/Documents/spyn/qe/q-e-qe-7.3.1//include -I ../../LAXlib -I ../../UtilXlib -I. -c cegterg.f90
mpif90 -O2 -fallow-argument-mismatch -cpp -D__FFTW -D__MPI  -I/home/thiago/Documents/spyn/qe/q-e-qe-7.3.1//external/devxlib/src -I. -I/home/thiago/Documents/spyn/qe/q-e-qe-7.3.1//include  -c fft_fwinv.f90
mpif90 -O2 -fallow-argument-mismatch -cpp -D__FFTW -D__MPI  -I/home/thiago/Documents/spyn/qe/q-e-qe-7.3.1//external/devxlib/src -I. -I/home/thiago/Documents/spyn/qe/q-e-qe-7.3.1//include -I../UtilXlib -I. -c read_fhi.f90
cegterg.f90:1652:66:

  207 |   CALL ZGEMM( 'C','N', nbase, my_n, kdim, ONE, psi, kdmx, hpsi(1,n_start), kdmx, ZERO, hc(1,n_start), nvecx )
      |                                                          2        
......
 1652 |               CALL ZGEMM( 'C', 'N', nr, nc, kdim, ONE, v(1, ir), &
      |                                                                  1
Warning: Element of assumed-shape or pointer array as actual argument at (1) cannot correspond to actual argument at (2)
cegterg.f90:1593:23:

  207 |   CALL ZGEMM( 'C','N', nbase, my_n, kdim, ONE, psi, kdmx, hpsi(1,n_start), kdmx, ZERO, hc(1,n_start), nvecx )
      |                                                          2
......
 1593 |                        v(1,ir), kdmx, w(1,ic), kdmx, ZERO, work, nx )
      |                       1
Warning: Element of assumed-shape or pointer array as actual argument at (1) cannot correspond to actual argument at (2)
ar ruv libqefft.a scatter_mod.o fft_scatter_2d.o fft_scatter_gpu.o fft_scatter_2d_gpu.o fft_ggen.o fft_fwinv.o fft_scalar.o fft_scalar.DFTI.o fft_scalar.ESSL.o fft_scalar.FFTW.o fft_scatter.o fft_scalar.cuFFT.o fftw_interfaces.o fft_scalar.FFTW3.o fft_scalar.SX6.o fft_parallel.o fft_parallel_2d.o fft_interfaces.o fft_interpolate.o stick_base.o fftw.o fftw_sp.o fftw_dp.o fft_smallbox.o fft_smallbox_type.o fft_support.o fft_error.o fft_stick.o fft_types.o tg_gather.o fft_helper_subroutines.o fft_param.o fft_buffers.o       
ar: `u' modifier ignored since `D' is the default (see `U')
ar: creating libqefft.a
a - scatter_mod.o
a - fft_scatter_2d.o
a - fft_scatter_gpu.o
a - fft_scatter_2d_gpu.o
a - fft_ggen.o
a - fft_fwinv.o
a - fft_scalar.o
a - fft_scalar.DFTI.o
a - fft_scalar.ESSL.o
a - fft_scalar.FFTW.o
a - fft_scatter.o
a - fft_scalar.cuFFT.o
a - fftw_interfaces.o
a - fft_scalar.FFTW3.o
a - fft_scalar.SX6.o
a - fft_parallel.o
a - fft_parallel_2d.o
a - fft_interfaces.o
a - fft_interpolate.o
a - stick_base.o
a - fftw.o
a - fftw_sp.o
a - fftw_dp.o
a - fft_smallbox.o
a - fft_smallbox_type.o
a - fft_support.o
a - fft_error.o
a - fft_stick.o
a - fft_types.o
a - tg_gather.o
a - fft_helper_subroutines.o
a - fft_param.o
a - fft_buffers.o
ranlib libqefft.a    
make[2]: Leaving directory '/home/thiago/Documents/spyn/qe/q-e-qe-7.3.1/FFTXlib/src'
make[1]: Leaving directory '/home/thiago/Documents/spyn/qe/q-e-qe-7.3.1/FFTXlib'
mpif90 -O2 -fallow-argument-mismatch -cpp -D__FFTW -D__MPI  -I/home/thiago/Documents/spyn/qe/q-e-qe-7.3.1//external/devxlib/src -I. -I/home/thiago/Documents/spyn/qe/q-e-qe-7.3.1//include -I../UtilXlib -I. -c read_ncpp.f90
mpif90 -O2 -fallow-argument-mismatch -cpp -D__FFTW -D__MPI  -I/home/thiago/Documents/spyn/qe/q-e-qe-7.3.1//external/devxlib/src -I. -I/home/thiago/Documents/spyn/qe/q-e-qe-7.3.1//include -I ../../LAXlib -I ../../UtilXlib -I. -c regterg.f90
mpif90 -O2 -fallow-argument-mismatch -cpp -D__FFTW -D__MPI  -I/home/thiago/Documents/spyn/qe/q-e-qe-7.3.1//external/devxlib/src -I. -I/home/thiago/Documents/spyn/qe/q-e-qe-7.3.1//include -I ../../LAXlib -I ../../UtilXlib -I. -c cegterg_gpu.f90
mpif90 -O2 -fallow-argument-mismatch -cpp -D__FFTW -D__MPI  -I/home/thiago/Documents/spyn/qe/q-e-qe-7.3.1//external/devxlib/src -I. -I/home/thiago/Documents/spyn/qe/q-e-qe-7.3.1//include -I../UtilXlib -I. -c read_psml.f90
regterg.f90:318:79:

  204 |   CALL DGEMM( 'T','N', nbase, my_n, npw2, 2.D0 , psi, npwx2, hpsi(1,n_start), npwx2, 0.D0, hr(1,n_start), nvecx )
      |                                                             2                  
......
  318 |         CALL DGEMM( 'N','N', npw2, notcnv, my_n, 1.D0, spsi(1,n_start), npwx2, vr(n_start,1), nvecx, 0.D0, psi(1,nb1), npwx2 )
      |                                                                               1
Warning: Type mismatch between actual argument at (1) and actual argument at (2) (REAL(8)/COMPLEX(8)).
regterg.f90:318:107:

  204 |   CALL DGEMM( 'T','N', nbase, my_n, npw2, 2.D0 , psi, npwx2, hpsi(1,n_start), npwx2, 0.D0, hr(1,n_start), nvecx )
      |                                                                                           2                
......
  318 |         CALL DGEMM( 'N','N', npw2, notcnv, my_n, 1.D0, spsi(1,n_start), npwx2, vr(n_start,1), nvecx, 0.D0, psi(1,nb1), npwx2 )
      |                                                                                                           1
Warning: Type mismatch between actual argument at (1) and actual argument at (2) (COMPLEX(8)/REAL(8)).
regterg.f90:1555:56:

  204 |   CALL DGEMM( 'T','N', nbase, my_n, npw2, 2.D0 , psi, npwx2, hpsi(1,n_start), npwx2, 0.D0, hr(1,n_start), nvecx )
      |                                                 2       
......
 1555 |               CALL DGEMM( 'T', 'N', nr, nc, npw2, 2.D0, v( 1, ir ), &
      |                                                        1
Warning: Element of assumed-shape or pointer array as actual argument at (1) cannot correspond to actual argument at (2)
regterg.f90:1498:23:

  204 |   CALL DGEMM( 'T','N', nbase, my_n, npw2, 2.D0 , psi, npwx2, hpsi(1,n_start), npwx2, 0.D0, hr(1,n_start), nvecx )
      |                                                 2
......
 1498 |                        v(1,ir), npwx2, w(1,ic), npwx2, 0.D0, work, nx )
      |                       1
Warning: Element of assumed-shape or pointer array as actual argument at (1) cannot correspond to actual argument at (2)
mpif90 -O2 -fallow-argument-mismatch -cpp -D__FFTW -D__MPI  -I/home/thiago/Documents/spyn/qe/q-e-qe-7.3.1//external/devxlib/src -I. -I/home/thiago/Documents/spyn/qe/q-e-qe-7.3.1//include -I ../../LAXlib -I ../../UtilXlib -I. -c regterg_gpu.f90
mpif90 -O2 -fallow-argument-mismatch -cpp -D__FFTW -D__MPI  -I/home/thiago/Documents/spyn/qe/q-e-qe-7.3.1//external/devxlib/src -I. -I/home/thiago/Documents/spyn/qe/q-e-qe-7.3.1//include -I../UtilXlib -I. -c read_upf_new.f90
mpif90 -O2 -fallow-argument-mismatch -cpp -D__FFTW -D__MPI  -I/home/thiago/Documents/spyn/qe/q-e-qe-7.3.1//external/devxlib/src -I. -I/home/thiago/Documents/spyn/qe/q-e-qe-7.3.1//include -I../UtilXlib -I. -c read_upf_v1.f90
mpif90 -O2 -fallow-argument-mismatch -cpp -D__FFTW -D__MPI  -I/home/thiago/Documents/spyn/qe/q-e-qe-7.3.1//external/devxlib/src -I. -I/home/thiago/Documents/spyn/qe/q-e-qe-7.3.1//include -I../UtilXlib -I. -c read_uspp.f90
mpif90 -O2 -fallow-argument-mismatch -cpp -D__FFTW -D__MPI  -I/home/thiago/Documents/spyn/qe/q-e-qe-7.3.1//external/devxlib/src -I. -I/home/thiago/Documents/spyn/qe/q-e-qe-7.3.1//include -I../UtilXlib -I. -c upf_auxtools.f90
mpif90 -O2 -fallow-argument-mismatch -cpp -D__FFTW -D__MPI  -I/home/thiago/Documents/spyn/qe/q-e-qe-7.3.1//external/devxlib/src -I. -I/home/thiago/Documents/spyn/qe/q-e-qe-7.3.1//include -I../UtilXlib -I. -c upf_ions.f90
mpif90 -O2 -fallow-argument-mismatch -cpp -D__FFTW -D__MPI  -I/home/thiago/Documents/spyn/qe/q-e-qe-7.3.1//external/devxlib/src -I. -I/home/thiago/Documents/spyn/qe/q-e-qe-7.3.1//include -I../UtilXlib -I. -c upf_to_internal.f90
mpif90 -O2 -fallow-argument-mismatch -cpp -D__FFTW -D__MPI  -I/home/thiago/Documents/spyn/qe/q-e-qe-7.3.1//external/devxlib/src -I. -I/home/thiago/Documents/spyn/qe/q-e-qe-7.3.1//include -I../UtilXlib -I. -c write_upf_new.f90
mpif90 -O2 -fallow-argument-mismatch -cpp -D__FFTW -D__MPI  -I/home/thiago/Documents/spyn/qe/q-e-qe-7.3.1//external/devxlib/src -I. -I/home/thiago/Documents/spyn/qe/q-e-qe-7.3.1//include -I../UtilXlib -I. -c casino_pp.f90
ar ruv libdavid.a cegterg.o regterg.o cegterg_gpu.o regterg_gpu.o       
ar: `u' modifier ignored since `D' is the default (see `U')
ar: creating libdavid.a
a - cegterg.o
a - regterg.o
a - cegterg_gpu.o
a - regterg_gpu.o
ranlib libdavid.a    
make[2]: Leaving directory '/home/thiago/Documents/spyn/qe/q-e-qe-7.3.1/KS_Solvers/Davidson'
if test -d CG ; then \
        ( cd CG ; make all || exit 1 ) ; fi
make[2]: Entering directory '/home/thiago/Documents/spyn/qe/q-e-qe-7.3.1/KS_Solvers/CG'
mpif90 -O2 -fallow-argument-mismatch -cpp -D__FFTW -D__MPI  -I/home/thiago/Documents/spyn/qe/q-e-qe-7.3.1//external/devxlib/src -I. -I/home/thiago/Documents/spyn/qe/q-e-qe-7.3.1//include -I ../../LAXlib -I ../../UtilXlib -I. -c ccgdiagg.f90
mpif90 -O2 -fallow-argument-mismatch -cpp -D__FFTW -D__MPI  -I/home/thiago/Documents/spyn/qe/q-e-qe-7.3.1//external/devxlib/src -I. -I/home/thiago/Documents/spyn/qe/q-e-qe-7.3.1//include -I ../../LAXlib -I ../../UtilXlib -I. -c rcgdiagg.f90
mpif90 -O2 -fallow-argument-mismatch -cpp -D__FFTW -D__MPI  -I/home/thiago/Documents/spyn/qe/q-e-qe-7.3.1//external/devxlib/src -I. -I/home/thiago/Documents/spyn/qe/q-e-qe-7.3.1//include -I ../../LAXlib -I ../../UtilXlib -I. -c rcgdiagg_gpu.f90
mpif90 -O2 -fallow-argument-mismatch -cpp -D__FFTW -D__MPI  -I/home/thiago/Documents/spyn/qe/q-e-qe-7.3.1//external/devxlib/src -I. -I/home/thiago/Documents/spyn/qe/q-e-qe-7.3.1//include -I../UtilXlib -I. -c atom.f90
mpif90 -O2 -fallow-argument-mismatch -cpp -D__FFTW -D__MPI  -I/home/thiago/Documents/spyn/qe/q-e-qe-7.3.1//external/devxlib/src -I. -I/home/thiago/Documents/spyn/qe/q-e-qe-7.3.1//include -I../UtilXlib -I. -c upf_spinorb.f90
mpif90 -O2 -fallow-argument-mismatch -cpp -D__FFTW -D__MPI  -I/home/thiago/Documents/spyn/qe/q-e-qe-7.3.1//external/devxlib/src -I. -I/home/thiago/Documents/spyn/qe/q-e-qe-7.3.1//include -I../UtilXlib -I. -c init_us_0.f90
rcgdiagg_gpu.f90:151:123:

  151 |      CALL cgcudaDGEMV( 'T', npw2, m_end-m_start+1, 2.D0, psi_d(1,m_start), npwx2, spsi_d, 1, 0.D0, lagrange_d(m_start), 1 )
      |                                                                                                                           1
Warning: Type mismatch in argument ‘a’ at (1); passed COMPLEX(8) to REAL(8)
rcgdiagg_gpu.f90:151:123:

  151 |      CALL cgcudaDGEMV( 'T', npw2, m_end-m_start+1, 2.D0, psi_d(1,m_start), npwx2, spsi_d, 1, 0.D0, lagrange_d(m_start), 1 )
      |                                                                                                                           1
Warning: Type mismatch in argument ‘x’ at (1); passed COMPLEX(8) to REAL(8)
rcgdiagg_gpu.f90:259:124:

  259 |         CALL cgcudaDGEMV( 'T', npw2, m_end-m_start+1, 2.D0, psi_d(1,m_start), npw2, scg_d, 1, 0.D0, lagrange_d(m_start), 1 )
      |                                                                                                                            1
Warning: Type mismatch in argument ‘a’ at (1); passed COMPLEX(8) to REAL(8)
rcgdiagg_gpu.f90:259:124:

  259 |         CALL cgcudaDGEMV( 'T', npw2, m_end-m_start+1, 2.D0, psi_d(1,m_start), npw2, scg_d, 1, 0.D0, lagrange_d(m_start), 1 )
      |                                                                                                                            1
Warning: Type mismatch in argument ‘x’ at (1); passed COMPLEX(8) to REAL(8)
mpif90 -O2 -fallow-argument-mismatch -cpp -D__FFTW -D__MPI  -I/home/thiago/Documents/spyn/qe/q-e-qe-7.3.1//external/devxlib/src -I. -I/home/thiago/Documents/spyn/qe/q-e-qe-7.3.1//include -I../UtilXlib -I. -c init_us_b0.f90
mpif90 -O2 -fallow-argument-mismatch -cpp -D__FFTW -D__MPI  -I/home/thiago/Documents/spyn/qe/q-e-qe-7.3.1//external/devxlib/src -I. -I/home/thiago/Documents/spyn/qe/q-e-qe-7.3.1//include -I../UtilXlib -I. -c init_tab_atwfc.f90
mpif90 -O2 -fallow-argument-mismatch -cpp -D__FFTW -D__MPI  -I/home/thiago/Documents/spyn/qe/q-e-qe-7.3.1//external/devxlib/src -I. -I/home/thiago/Documents/spyn/qe/q-e-qe-7.3.1//include -I ../../LAXlib -I ../../UtilXlib -I. -c ccgdiagg_gpu.f90
ccgdiagg_gpu.f90:235:12:

  235 |      e(m) = ksDdot( kdim2, psi_d(1,m), 1, hpsi_d, 1 )
      |            1
Warning: Type mismatch in argument ‘a’ at (1); passed COMPLEX(8) to REAL(8)
ccgdiagg_gpu.f90:235:12:

  235 |      e(m) = ksDdot( kdim2, psi_d(1,m), 1, hpsi_d, 1 )
      |            1
Warning: Type mismatch in argument ‘b’ at (1); passed COMPLEX(8) to REAL(8)
ccgdiagg_gpu.f90:254:16:

  254 |         es(1) = ksDdot( kdim2, spsi_d(1), 1, g_d(1), 1 )
      |                1
Warning: Type mismatch in argument ‘a’ at (1); passed COMPLEX(8) to REAL(8)
ccgdiagg_gpu.f90:254:16:

  254 |         es(1) = ksDdot( kdim2, spsi_d(1), 1, g_d(1), 1 )
      |                1
Warning: Type mismatch in argument ‘b’ at (1); passed COMPLEX(8) to REAL(8)
ccgdiagg_gpu.f90:255:16:

  255 |         es(2) = ksDdot( kdim2, spsi_d(1), 1, ppsi_d(1), 1 )
      |                1
Warning: Type mismatch in argument ‘a’ at (1); passed COMPLEX(8) to REAL(8)
ccgdiagg_gpu.f90:255:16:

  255 |         es(2) = ksDdot( kdim2, spsi_d(1), 1, ppsi_d(1), 1 )
      |                1
Warning: Type mismatch in argument ‘b’ at (1); passed COMPLEX(8) to REAL(8)
ccgdiagg_gpu.f90:301:17:

  301 |            gg1 = ksDdot( kdim2, g_d(1), 1, g0_d(1), 1 )
      |                 1
Warning: Type mismatch in argument ‘a’ at (1); passed COMPLEX(8) to REAL(8)
ccgdiagg_gpu.f90:301:17:

  301 |            gg1 = ksDdot( kdim2, g_d(1), 1, g0_d(1), 1 )
      |                 1
Warning: Type mismatch in argument ‘b’ at (1); passed COMPLEX(8) to REAL(8)
ccgdiagg_gpu.f90:314:13:

  314 |         gg = ksDdot( kdim2, g_d(1), 1, g0_d(1), 1 )
      |             1
Warning: Type mismatch in argument ‘a’ at (1); passed COMPLEX(8) to REAL(8)
ccgdiagg_gpu.f90:314:13:

  314 |         gg = ksDdot( kdim2, g_d(1), 1, g0_d(1), 1 )
      |             1
Warning: Type mismatch in argument ‘b’ at (1); passed COMPLEX(8) to REAL(8)
ccgdiagg_gpu.f90:365:14:

  365 |         cg0 = ksDdot( kdim2, cg_d(1), 1, scg_d(1), 1 )
      |              1
Warning: Type mismatch in argument ‘a’ at (1); passed COMPLEX(8) to REAL(8)
ccgdiagg_gpu.f90:365:14:

  365 |         cg0 = ksDdot( kdim2, cg_d(1), 1, scg_d(1), 1 )
      |              1
Warning: Type mismatch in argument ‘b’ at (1); passed COMPLEX(8) to REAL(8)
ccgdiagg_gpu.f90:379:27:

  379 |         a0 = 2.D0 *  ksDdot( kdim2, psi_d(1,m), 1, ppsi_d(1), 1 ) / cg0
      |                           1
Warning: Type mismatch in argument ‘a’ at (1); passed COMPLEX(8) to REAL(8)
ccgdiagg_gpu.f90:379:27:

  379 |         a0 = 2.D0 *  ksDdot( kdim2, psi_d(1,m), 1, ppsi_d(1), 1 ) / cg0
      |                           1
Warning: Type mismatch in argument ‘b’ at (1); passed COMPLEX(8) to REAL(8)
ccgdiagg_gpu.f90:383:19:

  383 |         b0 = ksDdot( kdim2, cg_d(1), 1, ppsi_d(1), 1 ) / cg0**2
      |                   1
Warning: Type mismatch in argument ‘a’ at (1); passed COMPLEX(8) to REAL(8)
ccgdiagg_gpu.f90:383:19:

  383 |         b0 = ksDdot( kdim2, cg_d(1), 1, ppsi_d(1), 1 ) / cg0**2
      |                   1
Warning: Type mismatch in argument ‘b’ at (1); passed COMPLEX(8) to REAL(8)
mpif90 -O2 -fallow-argument-mismatch -cpp -D__FFTW -D__MPI  -I/home/thiago/Documents/spyn/qe/q-e-qe-7.3.1//external/devxlib/src -I. -I/home/thiago/Documents/spyn/qe/q-e-qe-7.3.1//include -I../UtilXlib -I. -c interp_atwfc.f90
mpif90 -O2 -fallow-argument-mismatch -cpp -D__FFTW -D__MPI  -I/home/thiago/Documents/spyn/qe/q-e-qe-7.3.1//external/devxlib/src -I. -I/home/thiago/Documents/spyn/qe/q-e-qe-7.3.1//include -I../UtilXlib -I. -c read_ps.f90
mpif90 -O2 -fallow-argument-mismatch -cpp -D__FFTW -D__MPI  -I/home/thiago/Documents/spyn/qe/q-e-qe-7.3.1//external/devxlib/src -I. -I/home/thiago/Documents/spyn/qe/q-e-qe-7.3.1//include -I../UtilXlib -I. -c virtual_v2.f90
mpif90 -O2 -fallow-argument-mismatch -cpp -D__FFTW -D__MPI  -I/home/thiago/Documents/spyn/qe/q-e-qe-7.3.1//external/devxlib/src -I. -I/home/thiago/Documents/spyn/qe/q-e-qe-7.3.1//include -I../UtilXlib -I. -c upfconv.f90
ar ruv libcg.a ccgdiagg.o rcgdiagg.o rcgdiagg_gpu.o ccgdiagg_gpu.o       
ar: `u' modifier ignored since `D' is the default (see `U')
ar: creating libcg.a
a - ccgdiagg.o
a - rcgdiagg.o
a - rcgdiagg_gpu.o
a - ccgdiagg_gpu.o
ranlib libcg.a    
make[2]: Leaving directory '/home/thiago/Documents/spyn/qe/q-e-qe-7.3.1/KS_Solvers/CG'
if test -d PPCG ; then \
        ( cd PPCG ; make all || exit 1 ) ; fi
make[2]: Entering directory '/home/thiago/Documents/spyn/qe/q-e-qe-7.3.1/KS_Solvers/PPCG'
mpif90 -O2 -fallow-argument-mismatch -cpp -D__FFTW -D__MPI  -I/home/thiago/Documents/spyn/qe/q-e-qe-7.3.1//external/devxlib/src -I. -I/home/thiago/Documents/spyn/qe/q-e-qe-7.3.1//include -I ../../LAXlib -I ../../UtilXlib -I. -c generic_cublas.f90
mpif90 -O2 -fallow-argument-mismatch -cpp -D__FFTW -D__MPI  -I/home/thiago/Documents/spyn/qe/q-e-qe-7.3.1//external/devxlib/src -I. -I/home/thiago/Documents/spyn/qe/q-e-qe-7.3.1//include -I ../../LAXlib -I ../../UtilXlib -I. -c ppcg_gamma.f90
mpif90 -O2 -fallow-argument-mismatch -cpp -D__FFTW -D__MPI  -I/home/thiago/Documents/spyn/qe/q-e-qe-7.3.1//external/devxlib/src -I. -I/home/thiago/Documents/spyn/qe/q-e-qe-7.3.1//include -I ../../LAXlib -I ../../UtilXlib -I. -c ppcg_gamma_gpu.f90
mpif90 -O2 -fallow-argument-mismatch -cpp -D__FFTW -D__MPI  -I/home/thiago/Documents/spyn/qe/q-e-qe-7.3.1//external/devxlib/src -I. -I/home/thiago/Documents/spyn/qe/q-e-qe-7.3.1//include -I../UtilXlib -I. -c casino2upf.f90
ppcg_gamma.f90:159:72:

  146 |   CALL DGEMM('T','N', nbnd, my_n, npw2, 2.D0, psi, npwx2, hpsi(1,n_start), npwx2, 0.D0, G(1,n_start), nbnd)
      |                                                          2              
......
  159 |      CALL DGEMM('N','N',npw2, nbnd, my_n, -ONE, spsi(1,n_start), npwx2, G(n_start,1), nbnd, ONE, w, npwx2)
      |                                                                        1
Warning: Type mismatch between actual argument at (1) and actual argument at (2) (REAL(8)/COMPLEX(8)).
ppcg_gamma.f90:159:97:

  146 |   CALL DGEMM('T','N', nbnd, my_n, npw2, 2.D0, psi, npwx2, hpsi(1,n_start), npwx2, 0.D0, G(1,n_start), nbnd)
      |                                                                                        2         
......
  159 |      CALL DGEMM('N','N',npw2, nbnd, my_n, -ONE, spsi(1,n_start), npwx2, G(n_start,1), nbnd, ONE, w, npwx2)
      |                                                                                                 1
Warning: Type mismatch between actual argument at (1) and actual argument at (2) (COMPLEX(8)/REAL(8)).
ppcg_gamma.f90:1634:30:

  143 |   call threaded_memset( G, ZERO, nbnd*nbnd ) ! G = ZERO
      |                        2      
......
 1634 |         call threaded_memset( array_out, 0.d0, 2*kdimx*nact )
      |                              1
Warning: Type mismatch between actual argument at (1) and actual argument at (2) (COMPLEX(8)/REAL(8)).
ppcg_gamma.f90:1411:52:

  146 |   CALL DGEMM('T','N', nbnd, my_n, npw2, 2.D0, psi, npwx2, hpsi(1,n_start), npwx2, 0.D0, G(1,n_start), nbnd)
      |                                              2      
......
 1411 |            CALL DGEMM( 'T','N', nr, nc, npw2, 2.D0, v(1,ir), npwx2, w(1,ic), npwx2, 0.D0, work, nx )
      |                                                    1
Warning: Element of assumed-shape or pointer array as actual argument at (1) cannot correspond to actual argument at (2)
ppcg_gamma.f90:1414:40:

  147 |   IF ( gstart == 2 ) CALL DGER( nbnd, my_n, -1.D0, psi, npwx2, hpsi(1,n_start), npwx2, G(1,n_start), nbnd )
      |                                                   2
......
 1414 |               CALL DGER( nr, nc, -1.D0, v(1,ir), npwx2, w(1,ic), npwx2, work, nx )
      |                                        1
Warning: Element of assumed-shape or pointer array as actual argument at (1) cannot correspond to actual argument at (2)
mpif90 -O2 -fallow-argument-mismatch -cpp -D__FFTW -D__MPI  -I/home/thiago/Documents/spyn/qe/q-e-qe-7.3.1//external/devxlib/src -I. -I/home/thiago/Documents/spyn/qe/q-e-qe-7.3.1//include -I../UtilXlib -I. -c beta_mod.f90
ppcg_gamma_gpu.f90:187:78:

  175 |   CALL gpu_DGEMM('T','N', nbnd, my_n, npw2, 2.D0, psi_d, npwx2, hpsi_d(1,n_start), npwx2, 0.D0, G_d(1,n_start), nbnd)
      |                                                                2              
......
  187 |      CALL gpu_DGEMM('N','N',npw2, nbnd, my_n, -ONE, spsi_d(1,n_start), npwx2, G_d(n_start,1), nbnd, ONE, w_d, npwx2)
      |                                                                              1
Warning: Type mismatch between actual argument at (1) and actual argument at (2) (REAL(8)/COMPLEX(8)).
ppcg_gamma_gpu.f90:187:105:

  175 |   CALL gpu_DGEMM('T','N', nbnd, my_n, npw2, 2.D0, psi_d, npwx2, hpsi_d(1,n_start), npwx2, 0.D0, G_d(1,n_start), nbnd)
      |                                                                                                2         
......
  187 |      CALL gpu_DGEMM('N','N',npw2, nbnd, my_n, -ONE, spsi_d(1,n_start), npwx2, G_d(n_start,1), nbnd, ONE, w_d, npwx2)
      |                                                                                                         1
Warning: Type mismatch between actual argument at (1) and actual argument at (2) (COMPLEX(8)/REAL(8)).
ppcg_gamma_gpu.f90:608:80:

  608 |        call gpu_threaded_assign( buffer1_d,  psi_d, npwx, l, .true., col_idx_d )
      |                                                                                1
Warning: Missing actual argument for argument ‘_formal_37’ at (1)
ppcg_gamma_gpu.f90:615:81:

  615 |        call gpu_threaded_assign( buffer1_d,  hpsi_d, npwx, l, .true., col_idx_d )
      |                                                                                 1
Warning: Missing actual argument for argument ‘_formal_37’ at (1)
ppcg_gamma_gpu.f90:723:92:

  723 |             call gpu_threaded_assign( buffer1_d,  buffer_d, npwx, nact, .false., act_idx_d )
      |                                                                                            1
Warning: Missing actual argument for argument ‘_formal_37’ at (1)
ppcg_gamma_gpu.f90:1836:68:

 1830 |      CALL DGEMM('T','N', nwanted, nwanted, npw2, 2.D0, psi_t, npwx2, hpsi_t, npwx2, 0.D0, G, nbnd)
      |                                                                     2
......
 1836 |      CALL DGEMM('N','N',npw2, nwanted, nwanted, -ONE, psi_t, npwx2, G, nbnd, ONE, res, npwx2)
      |                                                                    1
Warning: Type mismatch between actual argument at (1) and actual argument at (2) (REAL(8)/COMPLEX(8)).
ppcg_gamma_gpu.f90:1836:82:

 1830 |      CALL DGEMM('T','N', nwanted, nwanted, npw2, 2.D0, psi_t, npwx2, hpsi_t, npwx2, 0.D0, G, nbnd)
      |                                                                                          2
......
 1836 |      CALL DGEMM('N','N',npw2, nwanted, nwanted, -ONE, psi_t, npwx2, G, nbnd, ONE, res, npwx2)
      |                                                                                  1
Warning: Type mismatch between actual argument at (1) and actual argument at (2) (COMPLEX(8)/REAL(8)).
ppcg_gamma_gpu.f90:1560:52:

 1560 |            CALL DGEMM( 'T','N', nr, nc, npw2, 2.D0, v(1,ir), npwx2, w(1,ic), npwx2, 0.D0, work, nx )
      |                                                    1
......
 1830 |      CALL DGEMM('T','N', nwanted, nwanted, npw2, 2.D0, psi_t, npwx2, hpsi_t, npwx2, 0.D0, G, nbnd)
      |                                                       2
Warning: Element of assumed-shape or pointer array as actual argument at (1) cannot correspond to actual argument at (2)
ppcg_gamma_gpu.f90:1560:68:

 1560 |            CALL DGEMM( 'T','N', nr, nc, npw2, 2.D0, v(1,ir), npwx2, w(1,ic), npwx2, 0.D0, work, nx )
      |                                                                    1
......
 1830 |      CALL DGEMM('T','N', nwanted, nwanted, npw2, 2.D0, psi_t, npwx2, hpsi_t, npwx2, 0.D0, G, nbnd)
      |                                                                     2
Warning: Element of assumed-shape or pointer array as actual argument at (1) cannot correspond to actual argument at (2)
ppcg_gamma_gpu.f90:1563:40:

 1563 |               CALL DGER( nr, nc, -1.D0, v(1,ir), npwx2, w(1,ic), npwx2, work, nx )
      |                                        1
......
 1831 |      IF ( gstart == 2 ) CALL DGER( nwanted, nwanted, -1.D0, psi_t, npwx2, hpsi_t, npwx2, G, nbnd )
      |                                                            2
Warning: Element of assumed-shape or pointer array as actual argument at (1) cannot correspond to actual argument at (2)
ppcg_gamma_gpu.f90:1563:56:

 1563 |               CALL DGER( nr, nc, -1.D0, v(1,ir), npwx2, w(1,ic), npwx2, work, nx )
      |                                                        1
......
 1831 |      IF ( gstart == 2 ) CALL DGER( nwanted, nwanted, -1.D0, psi_t, npwx2, hpsi_t, npwx2, G, nbnd )
      |                                                                          2
Warning: Element of assumed-shape or pointer array as actual argument at (1) cannot correspond to actual argument at (2)
mpif90 -O2 -fallow-argument-mismatch -cpp -D__FFTW -D__MPI  -I/home/thiago/Documents/spyn/qe/q-e-qe-7.3.1//external/devxlib/src -I. -I/home/thiago/Documents/spyn/qe/q-e-qe-7.3.1//include -I../UtilXlib -I. -c qrad_mod.f90
mpif90 -O2 -fallow-argument-mismatch -cpp -D__FFTW -D__MPI  -I/home/thiago/Documents/spyn/qe/q-e-qe-7.3.1//external/devxlib/src -I. -I/home/thiago/Documents/spyn/qe/q-e-qe-7.3.1//include -I ../../LAXlib -I ../../UtilXlib -I. -c ppcg_k.f90
ppcg_k.f90:1374:53:

  147 |   CALL ZGEMM('C','N', nbnd, my_n, kdim, C_ONE, psi, kdimx, hpsi(1,n_start), kdimx, C_ZERO, G(1,n_start), nbnd)
      |                                               2      
......
 1374 |            CALL ZGEMM( 'C','N', nr, nc, kdim, C_ONE, v(1,ir), kdimx, w(1,ic), kdimx, C_ZERO, work, nx )
      |                                                     1
Warning: Element of assumed-shape or pointer array as actual argument at (1) cannot correspond to actual argument at (2)
mpif90 -O2 -fallow-argument-mismatch -cpp -D__FFTW -D__MPI  -I/home/thiago/Documents/spyn/qe/q-e-qe-7.3.1//external/devxlib/src -I. -I/home/thiago/Documents/spyn/qe/q-e-qe-7.3.1//include -I../UtilXlib -I. -c rhoat_mod.f90
mpif90 -O2 -fallow-argument-mismatch -cpp -D__FFTW -D__MPI  -I/home/thiago/Documents/spyn/qe/q-e-qe-7.3.1//external/devxlib/src -I. -I/home/thiago/Documents/spyn/qe/q-e-qe-7.3.1//include -I../UtilXlib -I. -c rhoc_mod.f90
mpif90 -O2 -fallow-argument-mismatch -cpp -D__FFTW -D__MPI  -I/home/thiago/Documents/spyn/qe/q-e-qe-7.3.1//external/devxlib/src -I. -I/home/thiago/Documents/spyn/qe/q-e-qe-7.3.1//include -I../UtilXlib -I. -c vloc_mod.f90
mpif90 -O2 -fallow-argument-mismatch -cpp -D__FFTW -D__MPI  -I/home/thiago/Documents/spyn/qe/q-e-qe-7.3.1//external/devxlib/src -I. -I/home/thiago/Documents/spyn/qe/q-e-qe-7.3.1//include -I../UtilXlib -I. -c uspp.f90
mpif90 -O2 -fallow-argument-mismatch -cpp -D__FFTW -D__MPI  -I/home/thiago/Documents/spyn/qe/q-e-qe-7.3.1//external/devxlib/src -I. -I/home/thiago/Documents/spyn/qe/q-e-qe-7.3.1//include -I../UtilXlib -I. -c qvan2.f90
mpif90 -O2 -fallow-argument-mismatch -cpp -D__FFTW -D__MPI  -I/home/thiago/Documents/spyn/qe/q-e-qe-7.3.1//external/devxlib/src -I. -I/home/thiago/Documents/spyn/qe/q-e-qe-7.3.1//include -I ../../LAXlib -I ../../UtilXlib -I. -c ppcg_k_gpu.f90
ppcg_k_gpu.f90:1664:53:

 1664 |            CALL ZGEMM( 'C','N', nr, nc, kdim, C_ONE, v(1,ir), kdimx, w(1,ic), kdimx, C_ZERO, work, nx )
      |                                                     1
......
 1923 |      CALL ZGEMM('C','N', nwanted, nwanted, kdim, C_ONE, psi_t, kdimx, hpsi_t, kdimx, C_ZERO, G, nbnd)
      |                                                        2
Warning: Element of assumed-shape or pointer array as actual argument at (1) cannot correspond to actual argument at (2)
ppcg_k_gpu.f90:1664:69:

 1664 |            CALL ZGEMM( 'C','N', nr, nc, kdim, C_ONE, v(1,ir), kdimx, w(1,ic), kdimx, C_ZERO, work, nx )
      |                                                                     1
......
 1923 |      CALL ZGEMM('C','N', nwanted, nwanted, kdim, C_ONE, psi_t, kdimx, hpsi_t, kdimx, C_ZERO, G, nbnd)
      |                                                                      2
Warning: Element of assumed-shape or pointer array as actual argument at (1) cannot correspond to actual argument at (2)
mpif90 -O2 -fallow-argument-mismatch -cpp -D__FFTW -D__MPI  -I/home/thiago/Documents/spyn/qe/q-e-qe-7.3.1//external/devxlib/src -I. -I/home/thiago/Documents/spyn/qe/q-e-qe-7.3.1//include -I../UtilXlib -I. -c dqvan2.f90
mpif90 -O2 -fallow-argument-mismatch -cpp -D__FFTW -D__MPI  -I/home/thiago/Documents/spyn/qe/q-e-qe-7.3.1//external/devxlib/src -I. -I/home/thiago/Documents/spyn/qe/q-e-qe-7.3.1//include -I../UtilXlib -I. -c gen_us_dj.f90
mpif90 -O2 -fallow-argument-mismatch -cpp -D__FFTW -D__MPI  -I/home/thiago/Documents/spyn/qe/q-e-qe-7.3.1//external/devxlib/src -I. -I/home/thiago/Documents/spyn/qe/q-e-qe-7.3.1//include -I../UtilXlib -I. -c gen_us_dy.f90
mpif90 -O2 -fallow-argument-mismatch -cpp -D__FFTW -D__MPI  -I/home/thiago/Documents/spyn/qe/q-e-qe-7.3.1//external/devxlib/src -I. -I/home/thiago/Documents/spyn/qe/q-e-qe-7.3.1//include -I../UtilXlib -I. -c init_us_1.f90
mpif90 -O2 -fallow-argument-mismatch -cpp -D__FFTW -D__MPI  -I/home/thiago/Documents/spyn/qe/q-e-qe-7.3.1//external/devxlib/src -I. -I/home/thiago/Documents/spyn/qe/q-e-qe-7.3.1//include -I../UtilXlib -I. -c init_us_2_acc.f90
mpif90 -g -o virtual_v2.x virtual_v2.o atom.o atomic_number.o dylmr2.o gth.o interp_atwfc.o paw_variables.o pseudo_types.o radial_grids.o read_cpmd.o read_fhi.o read_ncpp.o read_ps.o read_psml.o read_upf_new.o read_upf_v1.o read_uspp.o spinor.o sph_ind.o sph_bes.o splinelib.o simpsn.o upf_auxtools.o upf_const.o upf_error.o upf_invmat.o upf_io.o upf_ions.o upf_kinds.o upf_params.o upf_parallel_include.o upf_spinorb.o upf_to_internal.o upf_utils.o uspp.o uspp_data.o uspp_param.o write_upf_new.o xmltools.o ylmr2.o ylmr2_gpu.o dom.o wxml.o -L/usr/local/lib -llapack  -lblas  -lblas 
mpif90 -g -o upfconv.x upfconv.o casino_pp.o atom.o atomic_number.o dylmr2.o gth.o interp_atwfc.o paw_variables.o pseudo_types.o radial_grids.o read_cpmd.o read_fhi.o read_ncpp.o read_ps.o read_psml.o read_upf_new.o read_upf_v1.o read_uspp.o spinor.o sph_ind.o sph_bes.o splinelib.o simpsn.o upf_auxtools.o upf_const.o upf_error.o upf_invmat.o upf_io.o upf_ions.o upf_kinds.o upf_params.o upf_parallel_include.o upf_spinorb.o upf_to_internal.o upf_utils.o uspp.o uspp_data.o uspp_param.o write_upf_new.o xmltools.o ylmr2.o ylmr2_gpu.o dom.o wxml.o -L/usr/local/lib -llapack  -lblas  -lblas 
mpif90 -g -o casino2upf.x casino2upf.o casino_pp.o atom.o atomic_number.o dylmr2.o gth.o interp_atwfc.o paw_variables.o pseudo_types.o radial_grids.o read_cpmd.o read_fhi.o read_ncpp.o read_ps.o read_psml.o read_upf_new.o read_upf_v1.o read_uspp.o spinor.o sph_ind.o sph_bes.o splinelib.o simpsn.o upf_auxtools.o upf_const.o upf_error.o upf_invmat.o upf_io.o upf_ions.o upf_kinds.o upf_params.o upf_parallel_include.o upf_spinorb.o upf_to_internal.o upf_utils.o uspp.o uspp_data.o uspp_param.o write_upf_new.o xmltools.o ylmr2.o ylmr2_gpu.o dom.o wxml.o -L/usr/local/lib -llapack  -lblas  -lblas 
ar ruv libupf.a beta_mod.o qrad_mod.o rhoat_mod.o rhoc_mod.o vloc_mod.o qvan2.o dqvan2.o gen_us_dj.o gen_us_dy.o init_us_0.o init_us_b0.o init_us_1.o init_us_2_acc.o init_tab_atwfc.o atom.o atomic_number.o dylmr2.o gth.o interp_atwfc.o paw_variables.o pseudo_types.o radial_grids.o read_cpmd.o read_fhi.o read_ncpp.o read_ps.o read_psml.o read_upf_new.o read_upf_v1.o read_uspp.o spinor.o sph_ind.o sph_bes.o splinelib.o simpsn.o upf_auxtools.o upf_const.o upf_error.o upf_invmat.o upf_io.o upf_ions.o upf_kinds.o upf_params.o upf_parallel_include.o upf_spinorb.o upf_to_internal.o upf_utils.o uspp.o uspp_data.o uspp_param.o write_upf_new.o xmltools.o ylmr2.o ylmr2_gpu.o dom.o wxml.o       
ar: `u' modifier ignored since `D' is the default (see `U')
ar: creating libupf.a
a - beta_mod.o
a - qrad_mod.o
a - rhoat_mod.o
a - rhoc_mod.o
a - vloc_mod.o
a - qvan2.o
a - dqvan2.o
a - gen_us_dj.o
a - gen_us_dy.o
a - init_us_0.o
a - init_us_b0.o
a - init_us_1.o
a - init_us_2_acc.o
a - init_tab_atwfc.o
a - atom.o
a - atomic_number.o
a - dylmr2.o
a - gth.o
a - interp_atwfc.o
a - paw_variables.o
a - pseudo_types.o
a - radial_grids.o
a - read_cpmd.o
a - read_fhi.o
a - read_ncpp.o
a - read_ps.o
a - read_psml.o
a - read_upf_new.o
a - read_upf_v1.o
a - read_uspp.o
a - spinor.o
a - sph_ind.o
a - sph_bes.o
a - splinelib.o
a - simpsn.o
a - upf_auxtools.o
a - upf_const.o
a - upf_error.o
a - upf_invmat.o
a - upf_io.o
a - upf_ions.o
a - upf_kinds.o
a - upf_params.o
a - upf_parallel_include.o
a - upf_spinorb.o
a - upf_to_internal.o
a - upf_utils.o
a - uspp.o
a - uspp_data.o
a - uspp_param.o
a - write_upf_new.o
a - xmltools.o
a - ylmr2.o
a - ylmr2_gpu.o
a - dom.o
a - wxml.o
ranlib libupf.a    
make[1]: Leaving directory '/home/thiago/Documents/spyn/qe/q-e-qe-7.3.1/upflib'
( cd Modules ; make TLDEPS= all || exit 1 )
make[1]: Entering directory '/home/thiago/Documents/spyn/qe/q-e-qe-7.3.1/Modules'
mpif90 -O2 -fallow-argument-mismatch -cpp -D__FFTW -D__MPI  -I/home/thiago/Documents/spyn/qe/q-e-qe-7.3.1//external/devxlib/src -I. -I/home/thiago/Documents/spyn/qe/q-e-qe-7.3.1//include -I/home/thiago/Documents/spyn/qe/q-e-qe-7.3.1//upflib -I/home/thiago/Documents/spyn/qe/q-e-qe-7.3.1//XClib -I/home/thiago/Documents/spyn/qe/q-e-qe-7.3.1//Modules -I/home/thiago/Documents/spyn/qe/q-e-qe-7.3.1//FFTXlib/src -I/home/thiago/Documents/spyn/qe/q-e-qe-7.3.1//LAXlib -I/home/thiago/Documents/spyn/qe/q-e-qe-7.3.1//UtilXlib -I/home/thiago/Documents/spyn/qe/q-e-qe-7.3.1//MBD -I/home/thiago/Documents/spyn/qe/q-e-qe-7.3.1//KS_Solvers  -c kind.f90
mpif90 -O2 -fallow-argument-mismatch -cpp -D__FFTW -D__MPI  -I/home/thiago/Documents/spyn/qe/q-e-qe-7.3.1//external/devxlib/src -I. -I/home/thiago/Documents/spyn/qe/q-e-qe-7.3.1//include -I/home/thiago/Documents/spyn/qe/q-e-qe-7.3.1//upflib -I/home/thiago/Documents/spyn/qe/q-e-qe-7.3.1//XClib -I/home/thiago/Documents/spyn/qe/q-e-qe-7.3.1//Modules -I/home/thiago/Documents/spyn/qe/q-e-qe-7.3.1//FFTXlib/src -I/home/thiago/Documents/spyn/qe/q-e-qe-7.3.1//LAXlib -I/home/thiago/Documents/spyn/qe/q-e-qe-7.3.1//UtilXlib -I/home/thiago/Documents/spyn/qe/q-e-qe-7.3.1//MBD -I/home/thiago/Documents/spyn/qe/q-e-qe-7.3.1//KS_Solvers  -c parameters.f90
mpif90 -O2 -fallow-argument-mismatch -cpp -D__FFTW -D__MPI  -I/home/thiago/Documents/spyn/qe/q-e-qe-7.3.1//external/devxlib/src -I. -I/home/thiago/Documents/spyn/qe/q-e-qe-7.3.1//include -I/home/thiago/Documents/spyn/qe/q-e-qe-7.3.1//upflib -I/home/thiago/Documents/spyn/qe/q-e-qe-7.3.1//XClib -I/home/thiago/Documents/spyn/qe/q-e-qe-7.3.1//Modules -I/home/thiago/Documents/spyn/qe/q-e-qe-7.3.1//FFTXlib/src -I/home/thiago/Documents/spyn/qe/q-e-qe-7.3.1//LAXlib -I/home/thiago/Documents/spyn/qe/q-e-qe-7.3.1//UtilXlib -I/home/thiago/Documents/spyn/qe/q-e-qe-7.3.1//MBD -I/home/thiago/Documents/spyn/qe/q-e-qe-7.3.1//KS_Solvers  -c io_global.f90
mpif90 -O2 -fallow-argument-mismatch -cpp -D__FFTW -D__MPI  -I/home/thiago/Documents/spyn/qe/q-e-qe-7.3.1//external/devxlib/src -I. -I/home/thiago/Documents/spyn/qe/q-e-qe-7.3.1//include -I/home/thiago/Documents/spyn/qe/q-e-qe-7.3.1//upflib -I/home/thiago/Documents/spyn/qe/q-e-qe-7.3.1//XClib -I/home/thiago/Documents/spyn/qe/q-e-qe-7.3.1//Modules -I/home/thiago/Documents/spyn/qe/q-e-qe-7.3.1//FFTXlib/src -I/home/thiago/Documents/spyn/qe/q-e-qe-7.3.1//LAXlib -I/home/thiago/Documents/spyn/qe/q-e-qe-7.3.1//UtilXlib -I/home/thiago/Documents/spyn/qe/q-e-qe-7.3.1//MBD -I/home/thiago/Documents/spyn/qe/q-e-qe-7.3.1//KS_Solvers  -c mp_bands.f90
mpif90 -O2 -fallow-argument-mismatch -cpp -D__FFTW -D__MPI  -I/home/thiago/Documents/spyn/qe/q-e-qe-7.3.1//external/devxlib/src -I. -I/home/thiago/Documents/spyn/qe/q-e-qe-7.3.1//include -I/home/thiago/Documents/spyn/qe/q-e-qe-7.3.1//upflib -I/home/thiago/Documents/spyn/qe/q-e-qe-7.3.1//XClib -I/home/thiago/Documents/spyn/qe/q-e-qe-7.3.1//Modules -I/home/thiago/Documents/spyn/qe/q-e-qe-7.3.1//FFTXlib/src -I/home/thiago/Documents/spyn/qe/q-e-qe-7.3.1//LAXlib -I/home/thiago/Documents/spyn/qe/q-e-qe-7.3.1//UtilXlib -I/home/thiago/Documents/spyn/qe/q-e-qe-7.3.1//MBD -I/home/thiago/Documents/spyn/qe/q-e-qe-7.3.1//KS_Solvers  -c fft_base.f90
mpif90 -O2 -fallow-argument-mismatch -cpp -D__FFTW -D__MPI  -I/home/thiago/Documents/spyn/qe/q-e-qe-7.3.1//external/devxlib/src -I. -I/home/thiago/Documents/spyn/qe/q-e-qe-7.3.1//include -I/home/thiago/Documents/spyn/qe/q-e-qe-7.3.1//upflib -I/home/thiago/Documents/spyn/qe/q-e-qe-7.3.1//XClib -I/home/thiago/Documents/spyn/qe/q-e-qe-7.3.1//Modules -I/home/thiago/Documents/spyn/qe/q-e-qe-7.3.1//FFTXlib/src -I/home/thiago/Documents/spyn/qe/q-e-qe-7.3.1//LAXlib -I/home/thiago/Documents/spyn/qe/q-e-qe-7.3.1//UtilXlib -I/home/thiago/Documents/spyn/qe/q-e-qe-7.3.1//MBD -I/home/thiago/Documents/spyn/qe/q-e-qe-7.3.1//KS_Solvers  -c coulomb_vcut.f90
mpif90 -O2 -fallow-argument-mismatch -cpp -D__FFTW -D__MPI  -I/home/thiago/Documents/spyn/qe/q-e-qe-7.3.1//external/devxlib/src -I. -I/home/thiago/Documents/spyn/qe/q-e-qe-7.3.1//include -I/home/thiago/Documents/spyn/qe/q-e-qe-7.3.1//upflib -I/home/thiago/Documents/spyn/qe/q-e-qe-7.3.1//XClib -I/home/thiago/Documents/spyn/qe/q-e-qe-7.3.1//Modules -I/home/thiago/Documents/spyn/qe/q-e-qe-7.3.1//FFTXlib/src -I/home/thiago/Documents/spyn/qe/q-e-qe-7.3.1//LAXlib -I/home/thiago/Documents/spyn/qe/q-e-qe-7.3.1//UtilXlib -I/home/thiago/Documents/spyn/qe/q-e-qe-7.3.1//MBD -I/home/thiago/Documents/spyn/qe/q-e-qe-7.3.1//KS_Solvers  -c environ_api_stub.f90
mpif90 -O2 -fallow-argument-mismatch -cpp -D__FFTW -D__MPI  -I/home/thiago/Documents/spyn/qe/q-e-qe-7.3.1//external/devxlib/src -I. -I/home/thiago/Documents/spyn/qe/q-e-qe-7.3.1//include -I/home/thiago/Documents/spyn/qe/q-e-qe-7.3.1//upflib -I/home/thiago/Documents/spyn/qe/q-e-qe-7.3.1//XClib -I/home/thiago/Documents/spyn/qe/q-e-qe-7.3.1//Modules -I/home/thiago/Documents/spyn/qe/q-e-qe-7.3.1//FFTXlib/src -I/home/thiago/Documents/spyn/qe/q-e-qe-7.3.1//LAXlib -I/home/thiago/Documents/spyn/qe/q-e-qe-7.3.1//UtilXlib -I/home/thiago/Documents/spyn/qe/q-e-qe-7.3.1//MBD -I/home/thiago/Documents/spyn/qe/q-e-qe-7.3.1//KS_Solvers  -c mp_pools.f90
mpif90 -O2 -fallow-argument-mismatch -cpp -D__FFTW -D__MPI  -I/home/thiago/Documents/spyn/qe/q-e-qe-7.3.1//external/devxlib/src -I. -I/home/thiago/Documents/spyn/qe/q-e-qe-7.3.1//include -I/home/thiago/Documents/spyn/qe/q-e-qe-7.3.1//upflib -I/home/thiago/Documents/spyn/qe/q-e-qe-7.3.1//XClib -I/home/thiago/Documents/spyn/qe/q-e-qe-7.3.1//Modules -I/home/thiago/Documents/spyn/qe/q-e-qe-7.3.1//FFTXlib/src -I/home/thiago/Documents/spyn/qe/q-e-qe-7.3.1//LAXlib -I/home/thiago/Documents/spyn/qe/q-e-qe-7.3.1//UtilXlib -I/home/thiago/Documents/spyn/qe/q-e-qe-7.3.1//MBD -I/home/thiago/Documents/spyn/qe/q-e-qe-7.3.1//KS_Solvers  -c qeh5_module.f90
mpif90 -O2 -fallow-argument-mismatch -cpp -D__FFTW -D__MPI  -I/home/thiago/Documents/spyn/qe/q-e-qe-7.3.1//external/devxlib/src -I. -I/home/thiago/Documents/spyn/qe/q-e-qe-7.3.1//include -I/home/thiago/Documents/spyn/qe/q-e-qe-7.3.1//upflib -I/home/thiago/Documents/spyn/qe/q-e-qe-7.3.1//XClib -I/home/thiago/Documents/spyn/qe/q-e-qe-7.3.1//Modules -I/home/thiago/Documents/spyn/qe/q-e-qe-7.3.1//FFTXlib/src -I/home/thiago/Documents/spyn/qe/q-e-qe-7.3.1//LAXlib -I/home/thiago/Documents/spyn/qe/q-e-qe-7.3.1//UtilXlib -I/home/thiago/Documents/spyn/qe/q-e-qe-7.3.1//MBD -I/home/thiago/Documents/spyn/qe/q-e-qe-7.3.1//KS_Solvers  -c version.f90
mpif90 -O2 -fallow-argument-mismatch -cpp -D__FFTW -D__MPI  -I/home/thiago/Documents/spyn/qe/q-e-qe-7.3.1//external/devxlib/src -I. -I/home/thiago/Documents/spyn/qe/q-e-qe-7.3.1//include -I/home/thiago/Documents/spyn/qe/q-e-qe-7.3.1//upflib -I/home/thiago/Documents/spyn/qe/q-e-qe-7.3.1//XClib -I/home/thiago/Documents/spyn/qe/q-e-qe-7.3.1//Modules -I/home/thiago/Documents/spyn/qe/q-e-qe-7.3.1//FFTXlib/src -I/home/thiago/Documents/spyn/qe/q-e-qe-7.3.1//LAXlib -I/home/thiago/Documents/spyn/qe/q-e-qe-7.3.1//UtilXlib -I/home/thiago/Documents/spyn/qe/q-e-qe-7.3.1//MBD -I/home/thiago/Documents/spyn/qe/q-e-qe-7.3.1//KS_Solvers  -c fsockets.f90
mpif90 -O2 -fallow-argument-mismatch -cpp -D__FFTW -D__MPI  -I/home/thiago/Documents/spyn/qe/q-e-qe-7.3.1//external/devxlib/src -I. -I/home/thiago/Documents/spyn/qe/q-e-qe-7.3.1//include -I/home/thiago/Documents/spyn/qe/q-e-qe-7.3.1//upflib -I/home/thiago/Documents/spyn/qe/q-e-qe-7.3.1//XClib -I/home/thiago/Documents/spyn/qe/q-e-qe-7.3.1//Modules -I/home/thiago/Documents/spyn/qe/q-e-qe-7.3.1//FFTXlib/src -I/home/thiago/Documents/spyn/qe/q-e-qe-7.3.1//LAXlib -I/home/thiago/Documents/spyn/qe/q-e-qe-7.3.1//UtilXlib -I/home/thiago/Documents/spyn/qe/q-e-qe-7.3.1//MBD -I/home/thiago/Documents/spyn/qe/q-e-qe-7.3.1//KS_Solvers  -c lmdif.f90
mpif90 -O2 -fallow-argument-mismatch -cpp -D__FFTW -D__MPI  -I/home/thiago/Documents/spyn/qe/q-e-qe-7.3.1//external/devxlib/src -I. -I/home/thiago/Documents/spyn/qe/q-e-qe-7.3.1//include -I/home/thiago/Documents/spyn/qe/q-e-qe-7.3.1//upflib -I/home/thiago/Documents/spyn/qe/q-e-qe-7.3.1//XClib -I/home/thiago/Documents/spyn/qe/q-e-qe-7.3.1//Modules -I/home/thiago/Documents/spyn/qe/q-e-qe-7.3.1//FFTXlib/src -I/home/thiago/Documents/spyn/qe/q-e-qe-7.3.1//LAXlib -I/home/thiago/Documents/spyn/qe/q-e-qe-7.3.1//UtilXlib -I/home/thiago/Documents/spyn/qe/q-e-qe-7.3.1//MBD -I/home/thiago/Documents/spyn/qe/q-e-qe-7.3.1//KS_Solvers  -c plugin_flags.f90
mpif90 -O2 -fallow-argument-mismatch -cpp -D__FFTW -D__MPI  -I/home/thiago/Documents/spyn/qe/q-e-qe-7.3.1//external/devxlib/src -I. -I/home/thiago/Documents/spyn/qe/q-e-qe-7.3.1//include -I/home/thiago/Documents/spyn/qe/q-e-qe-7.3.1//upflib -I/home/thiago/Documents/spyn/qe/q-e-qe-7.3.1//XClib -I/home/thiago/Documents/spyn/qe/q-e-qe-7.3.1//Modules -I/home/thiago/Documents/spyn/qe/q-e-qe-7.3.1//FFTXlib/src -I/home/thiago/Documents/spyn/qe/q-e-qe-7.3.1//LAXlib -I/home/thiago/Documents/spyn/qe/q-e-qe-7.3.1//UtilXlib -I/home/thiago/Documents/spyn/qe/q-e-qe-7.3.1//MBD -I/home/thiago/Documents/spyn/qe/q-e-qe-7.3.1//KS_Solvers  -c mdiis.f90
mpif90 -O2 -fallow-argument-mismatch -cpp -D__FFTW -D__MPI  -I/home/thiago/Documents/spyn/qe/q-e-qe-7.3.1//external/devxlib/src -I. -I/home/thiago/Documents/spyn/qe/q-e-qe-7.3.1//include -I/home/thiago/Documents/spyn/qe/q-e-qe-7.3.1//upflib -I/home/thiago/Documents/spyn/qe/q-e-qe-7.3.1//XClib -I/home/thiago/Documents/spyn/qe/q-e-qe-7.3.1//Modules -I/home/thiago/Documents/spyn/qe/q-e-qe-7.3.1//FFTXlib/src -I/home/thiago/Documents/spyn/qe/q-e-qe-7.3.1//LAXlib -I/home/thiago/Documents/spyn/qe/q-e-qe-7.3.1//UtilXlib -I/home/thiago/Documents/spyn/qe/q-e-qe-7.3.1//MBD -I/home/thiago/Documents/spyn/qe/q-e-qe-7.3.1//KS_Solvers  -c mp_wave.f90
mdiis.f90:454:44:

  452 |         CALL daxpy(mdiist%nvec, +1.0_DP, mdiist%vbox(1, ibox2), 1, vadd, 1)
      |                                         2   
  453 |         CALL daxpy(mdiist%nvec, -1.0_DP, mdiist%vbox(1, ibox1), 1, vadd, 1)
  454 |         CALL daxpy(mdiist%nvec, mdiist%eta, vadd, 1, vbox1, 1)
      |                                            1
Warning: Rank mismatch between actual argument at (1) and actual argument at (2) (scalar and rank-1)
mdiis.f90:427:52:

  427 |         CALL daxpy(mdiist%nvec, mdiist%coef(ibox1), vadd, 1, vbox1, 1)
      |                                                    1
......
  452 |         CALL daxpy(mdiist%nvec, +1.0_DP, mdiist%vbox(1, ibox2), 1, vadd, 1)
      |                                         2           
Warning: Rank mismatch between actual argument at (1) and actual argument at (2) (scalar and rank-1)
mdiis.f90:221:47:

  221 |           CALL dcopy(mdiist%nvec, vbox1(1), 1, mdiist%vbox(1, mdiist%nbox + 1), 1)
      |                                               1
......
  451 |         CALL dcopy(mdiist%nvec, mdiist%vres(1, ibox2), 1, vadd, 1)
      |                                                          2
Warning: Element of assumed-shape or pointer array as actual argument at (1) cannot correspond to actual argument at (2)
mdiis.f90:222:47:

  222 |           CALL dcopy(mdiist%nvec, vres1(1), 1, mdiist%vres(1, mdiist%nbox + 1), 1)
      |                                               1
......
  451 |         CALL dcopy(mdiist%nvec, mdiist%vres(1, ibox2), 1, vadd, 1)
      |                                                          2
Warning: Element of assumed-shape or pointer array as actual argument at (1) cannot correspond to actual argument at (2)
mdiis.f90:230:47:

  230 |           CALL dcopy(mdiist%nvec, vbox1(1), 1, mdiist%vbox(1, ibox1), 1)
      |                                               1
......
  451 |         CALL dcopy(mdiist%nvec, mdiist%vres(1, ibox2), 1, vadd, 1)
      |                                                          2
Warning: Element of assumed-shape or pointer array as actual argument at (1) cannot correspond to actual argument at (2)
mdiis.f90:231:47:

  231 |           CALL dcopy(mdiist%nvec, vres1(1), 1, mdiist%vres(1, ibox1), 1)
      |                                               1
......
  451 |         CALL dcopy(mdiist%nvec, mdiist%vres(1, ibox2), 1, vadd, 1)
      |                                                          2
Warning: Element of assumed-shape or pointer array as actual argument at (1) cannot correspond to actual argument at (2)
mdiis.f90:135:58:

  135 |         CALL dcopy(mdiist%nvec, mdiist%vbox(1, ibox1), 1, mdiist%vbox(1, 1), 1)
      |                                                          1
......
  451 |         CALL dcopy(mdiist%nvec, mdiist%vres(1, ibox2), 1, vadd, 1)
      |                                                          2
Warning: Element of assumed-shape or pointer array as actual argument at (1) cannot correspond to actual argument at (2)
mdiis.f90:136:58:

  136 |         CALL dcopy(mdiist%nvec, mdiist%vres(1, ibox1), 1, mdiist%vres(1, 1), 1)
      |                                                          1
......
  451 |         CALL dcopy(mdiist%nvec, mdiist%vres(1, ibox2), 1, vadd, 1)
      |                                                          2
Warning: Element of assumed-shape or pointer array as actual argument at (1) cannot correspond to actual argument at (2)
mpif90 -O2 -fallow-argument-mismatch -cpp -D__FFTW -D__MPI  -I/home/thiago/Documents/spyn/qe/q-e-qe-7.3.1//external/devxlib/src -I. -I/home/thiago/Documents/spyn/qe/q-e-qe-7.3.1//include -I/home/thiago/Documents/spyn/qe/q-e-qe-7.3.1//upflib -I/home/thiago/Documents/spyn/qe/q-e-qe-7.3.1//XClib -I/home/thiago/Documents/spyn/qe/q-e-qe-7.3.1//Modules -I/home/thiago/Documents/spyn/qe/q-e-qe-7.3.1//FFTXlib/src -I/home/thiago/Documents/spyn/qe/q-e-qe-7.3.1//LAXlib -I/home/thiago/Documents/spyn/qe/q-e-qe-7.3.1//UtilXlib -I/home/thiago/Documents/spyn/qe/q-e-qe-7.3.1//MBD -I/home/thiago/Documents/spyn/qe/q-e-qe-7.3.1//KS_Solvers  -c open_close_input_file.f90
mpif90 -O2 -fallow-argument-mismatch -cpp -D__FFTW -D__MPI  -I/home/thiago/Documents/spyn/qe/q-e-qe-7.3.1//external/devxlib/src -I. -I/home/thiago/Documents/spyn/qe/q-e-qe-7.3.1//include -I/home/thiago/Documents/spyn/qe/q-e-qe-7.3.1//upflib -I/home/thiago/Documents/spyn/qe/q-e-qe-7.3.1//XClib -I/home/thiago/Documents/spyn/qe/q-e-qe-7.3.1//Modules -I/home/thiago/Documents/spyn/qe/q-e-qe-7.3.1//FFTXlib/src -I/home/thiago/Documents/spyn/qe/q-e-qe-7.3.1//LAXlib -I/home/thiago/Documents/spyn/qe/q-e-qe-7.3.1//UtilXlib -I/home/thiago/Documents/spyn/qe/q-e-qe-7.3.1//MBD -I/home/thiago/Documents/spyn/qe/q-e-qe-7.3.1//KS_Solvers  -c plugin_arguments.f90
mp_wave.f90:807:26:

  807 |       CALL MPI_ALLTOALLV( c_dist_pw, sendcount, sdispls, MPI_DOUBLE_COMPLEX,             &
      |                          1
......
  925 |       CALL MPI_ALLTOALLV( c_dist_pw, sendcount, sdispls, MPI_DOUBLE_PRECISION,             &
      |                          2
Warning: Type mismatch between actual argument at (1) and actual argument at (2) (COMPLEX(8)/REAL(8)).
mp_wave.f90:808:25:

  808 |            &             ctmp, recvcount, rdispls, MPI_DOUBLE_COMPLEX, comm, ierr)
      |                         1
......
  926 |            &             ctmp, recvcount, rdispls, MPI_DOUBLE_PRECISION, comm, ierr)
      |                         2
Warning: Type mismatch between actual argument at (1) and actual argument at (2) (COMPLEX(8)/REAL(8)).
mp_wave.f90:598:27:

  593 |             CALL MPI_RECV( igl, ngl, MPI_INTEGER, ROOT, IP+NPROC, gid, istatus, IERR )
      |                           2
......
  598 |             CALL MPI_RECV( ng_ip, 1, MPI_INTEGER, (ip-1), IP, gid, istatus, IERR )
      |                           1
Warning: Rank mismatch between actual argument at (1) and actual argument at (2) (rank-1 and scalar)
mp_wave.f90:602:27:

  592 |             CALL MPI_SEND( ngl, 1  , MPI_INTEGER, ROOT, IP, gid,IERR)
      |                           2
......
  602 |             CALL MPI_SEND( ig_ip, ng_ip, MPI_INTEGER, (ip-1), IP+NPROC, gid, IERR )
      |                           1
Warning: Rank mismatch between actual argument at (1) and actual argument at (2) (scalar and rank-1)
mp_wave.f90:401:27:

  401 |             CALL MPI_SEND( ig_l2g, ngwl, MPI_INTEGER, ROOT, IP, gid,IERR)
      |                           1
......
  592 |             CALL MPI_SEND( ngl, 1  , MPI_INTEGER, ROOT, IP, gid,IERR)
      |                           2
Warning: Rank mismatch between actual argument at (1) and actual argument at (2) (scalar and rank-1)
mp_wave.f90:402:27:

  402 |             CALL MPI_RECV( mill(1,1),3*ngwl, MPI_INTEGER, ROOT, IP+NPROC, gid, istatus, IERR )
      |                           1
......
  593 |             CALL MPI_RECV( igl, ngl, MPI_INTEGER, ROOT, IP+NPROC, gid, istatus, IERR )
      |                           2
Warning: Element of assumed-shape or pointer array as actual argument at (1) cannot correspond to actual argument at (2)
mp_wave.f90:412:27:

  412 |             CALL MPI_SEND( mill_ip, 3*ngw_ip, MPI_INTEGER, (ip-1), IP+NPROC, gid, IERR )
      |                           1
......
  592 |             CALL MPI_SEND( ngl, 1  , MPI_INTEGER, ROOT, IP, gid,IERR)
      |                           2
Warning: Rank mismatch between actual argument at (1) and actual argument at (2) (scalar and rank-2)
mp_wave.f90:300:27:

  300 |             CALL MPI_SEND( ig_l2g, ngwl, MPI_INTEGER, ROOT, IP, gid,IERR)
      |                           1
......
  592 |             CALL MPI_SEND( ngl, 1  , MPI_INTEGER, ROOT, IP, gid,IERR)
      |                           2
Warning: Rank mismatch between actual argument at (1) and actual argument at (2) (scalar and rank-1)
mp_wave.f90:301:27:

  301 |             CALL MPI_RECV( pw(1), ngwl, MPI_DOUBLE_COMPLEX, ROOT, IP+NPROC, gid, istatus, IERR )
      |                           1
......
  593 |             CALL MPI_RECV( igl, ngl, MPI_INTEGER, ROOT, IP+NPROC, gid, istatus, IERR )
      |                           2
Warning: Type mismatch between actual argument at (1) and actual argument at (2) (COMPLEX(8)/INTEGER(4)).
mp_wave.f90:311:27:

  311 |             CALL MPI_SEND( pw_ip, ngw_ip, MPI_DOUBLE_COMPLEX, (ip-1), IP+NPROC, gid, IERR )
      |                           1
......
  592 |             CALL MPI_SEND( ngl, 1  , MPI_INTEGER, ROOT, IP, gid,IERR)
      |                           2
Warning: Type mismatch between actual argument at (1) and actual argument at (2) (COMPLEX(8)/INTEGER(4)).
mp_wave.f90:191:27:

  191 |             CALL MPI_SEND( ig_l2g, ngwl, MPI_INTEGER, ROOT, IP, gid, IERR )
      |                           1
......
  592 |             CALL MPI_SEND( ngl, 1  , MPI_INTEGER, ROOT, IP, gid,IERR)
      |                           2
Warning: Rank mismatch between actual argument at (1) and actual argument at (2) (scalar and rank-1)
mp_wave.f90:192:27:

  192 |             CALL MPI_SEND( mill,3*ngwl, MPI_INTEGER, ROOT, IP+NPROC, gid, IERR )
      |                           1
......
  592 |             CALL MPI_SEND( ngl, 1  , MPI_INTEGER, ROOT, IP, gid,IERR)
      |                           2
Warning: Rank mismatch between actual argument at (1) and actual argument at (2) (scalar and rank-2)
mp_wave.f90:82:27:

   82 |             CALL MPI_SEND( ig_l2g, ngwl, MPI_INTEGER, ROOT, IP, gid, IERR )
      |                           1
......
  592 |             CALL MPI_SEND( ngl, 1  , MPI_INTEGER, ROOT, IP, gid,IERR)
      |                           2
Warning: Rank mismatch between actual argument at (1) and actual argument at (2) (scalar and rank-1)
mpif90 -O2 -fallow-argument-mismatch -cpp -D__FFTW -D__MPI  -I/home/thiago/Documents/spyn/qe/q-e-qe-7.3.1//external/devxlib/src -I. -I/home/thiago/Documents/spyn/qe/q-e-qe-7.3.1//include -I/home/thiago/Documents/spyn/qe/q-e-qe-7.3.1//upflib -I/home/thiago/Documents/spyn/qe/q-e-qe-7.3.1//XClib -I/home/thiago/Documents/spyn/qe/q-e-qe-7.3.1//Modules -I/home/thiago/Documents/spyn/qe/q-e-qe-7.3.1//FFTXlib/src -I/home/thiago/Documents/spyn/qe/q-e-qe-7.3.1//LAXlib -I/home/thiago/Documents/spyn/qe/q-e-qe-7.3.1//UtilXlib -I/home/thiago/Documents/spyn/qe/q-e-qe-7.3.1//MBD -I/home/thiago/Documents/spyn/qe/q-e-qe-7.3.1//KS_Solvers  -c plugin_variables.f90
mpif90 -O2 -fallow-argument-mismatch -cpp -D__FFTW -D__MPI  -I/home/thiago/Documents/spyn/qe/q-e-qe-7.3.1//external/devxlib/src -I. -I/home/thiago/Documents/spyn/qe/q-e-qe-7.3.1//include -I/home/thiago/Documents/spyn/qe/q-e-qe-7.3.1//upflib -I/home/thiago/Documents/spyn/qe/q-e-qe-7.3.1//XClib -I/home/thiago/Documents/spyn/qe/q-e-qe-7.3.1//Modules -I/home/thiago/Documents/spyn/qe/q-e-qe-7.3.1//FFTXlib/src -I/home/thiago/Documents/spyn/qe/q-e-qe-7.3.1//LAXlib -I/home/thiago/Documents/spyn/qe/q-e-qe-7.3.1//UtilXlib -I/home/thiago/Documents/spyn/qe/q-e-qe-7.3.1//MBD -I/home/thiago/Documents/spyn/qe/q-e-qe-7.3.1//KS_Solvers  -c wypos.f90
mpif90 -O2 -fallow-argument-mismatch -cpp -D__FFTW -D__MPI  -I/home/thiago/Documents/spyn/qe/q-e-qe-7.3.1//external/devxlib/src -I. -I/home/thiago/Documents/spyn/qe/q-e-qe-7.3.1//include -I/home/thiago/Documents/spyn/qe/q-e-qe-7.3.1//upflib -I/home/thiago/Documents/spyn/qe/q-e-qe-7.3.1//XClib -I/home/thiago/Documents/spyn/qe/q-e-qe-7.3.1//Modules -I/home/thiago/Documents/spyn/qe/q-e-qe-7.3.1//FFTXlib/src -I/home/thiago/Documents/spyn/qe/q-e-qe-7.3.1//LAXlib -I/home/thiago/Documents/spyn/qe/q-e-qe-7.3.1//UtilXlib -I/home/thiago/Documents/spyn/qe/q-e-qe-7.3.1//MBD -I/home/thiago/Documents/spyn/qe/q-e-qe-7.3.1//KS_Solvers  -c run_info.f90
mpif90 -O2 -fallow-argument-mismatch -cpp -D__FFTW -D__MPI  -I/home/thiago/Documents/spyn/qe/q-e-qe-7.3.1//external/devxlib/src -I. -I/home/thiago/Documents/spyn/qe/q-e-qe-7.3.1//include -I/home/thiago/Documents/spyn/qe/q-e-qe-7.3.1//upflib -I/home/thiago/Documents/spyn/qe/q-e-qe-7.3.1//XClib -I/home/thiago/Documents/spyn/qe/q-e-qe-7.3.1//Modules -I/home/thiago/Documents/spyn/qe/q-e-qe-7.3.1//FFTXlib/src -I/home/thiago/Documents/spyn/qe/q-e-qe-7.3.1//LAXlib -I/home/thiago/Documents/spyn/qe/q-e-qe-7.3.1//UtilXlib -I/home/thiago/Documents/spyn/qe/q-e-qe-7.3.1//MBD -I/home/thiago/Documents/spyn/qe/q-e-qe-7.3.1//KS_Solvers  -c space_group.f90
mpif90 -O2 -fallow-argument-mismatch -cpp -D__FFTW -D__MPI  -I/home/thiago/Documents/spyn/qe/q-e-qe-7.3.1//external/devxlib/src -I. -I/home/thiago/Documents/spyn/qe/q-e-qe-7.3.1//include -I/home/thiago/Documents/spyn/qe/q-e-qe-7.3.1//upflib -I/home/thiago/Documents/spyn/qe/q-e-qe-7.3.1//XClib -I/home/thiago/Documents/spyn/qe/q-e-qe-7.3.1//Modules -I/home/thiago/Documents/spyn/qe/q-e-qe-7.3.1//FFTXlib/src -I/home/thiago/Documents/spyn/qe/q-e-qe-7.3.1//LAXlib -I/home/thiago/Documents/spyn/qe/q-e-qe-7.3.1//UtilXlib -I/home/thiago/Documents/spyn/qe/q-e-qe-7.3.1//MBD -I/home/thiago/Documents/spyn/qe/q-e-qe-7.3.1//KS_Solvers  -c set_vdw_corr.f90
mpif90 -O2 -fallow-argument-mismatch -cpp -D__FFTW -D__MPI  -I/home/thiago/Documents/spyn/qe/q-e-qe-7.3.1//external/devxlib/src -I. -I/home/thiago/Documents/spyn/qe/q-e-qe-7.3.1//include -I/home/thiago/Documents/spyn/qe/q-e-qe-7.3.1//upflib -I/home/thiago/Documents/spyn/qe/q-e-qe-7.3.1//XClib -I/home/thiago/Documents/spyn/qe/q-e-qe-7.3.1//Modules -I/home/thiago/Documents/spyn/qe/q-e-qe-7.3.1//FFTXlib/src -I/home/thiago/Documents/spyn/qe/q-e-qe-7.3.1//LAXlib -I/home/thiago/Documents/spyn/qe/q-e-qe-7.3.1//UtilXlib -I/home/thiago/Documents/spyn/qe/q-e-qe-7.3.1//MBD -I/home/thiago/Documents/spyn/qe/q-e-qe-7.3.1//KS_Solvers  -c setqf.f90
mpif90 -O2 -fallow-argument-mismatch -cpp -D__FFTW -D__MPI  -I/home/thiago/Documents/spyn/qe/q-e-qe-7.3.1//external/devxlib/src -I. -I/home/thiago/Documents/spyn/qe/q-e-qe-7.3.1//include -I/home/thiago/Documents/spyn/qe/q-e-qe-7.3.1//upflib -I/home/thiago/Documents/spyn/qe/q-e-qe-7.3.1//XClib -I/home/thiago/Documents/spyn/qe/q-e-qe-7.3.1//Modules -I/home/thiago/Documents/spyn/qe/q-e-qe-7.3.1//FFTXlib/src -I/home/thiago/Documents/spyn/qe/q-e-qe-7.3.1//LAXlib -I/home/thiago/Documents/spyn/qe/q-e-qe-7.3.1//UtilXlib -I/home/thiago/Documents/spyn/qe/q-e-qe-7.3.1//MBD -I/home/thiago/Documents/spyn/qe/q-e-qe-7.3.1//KS_Solvers  -c timestep.f90
mpif90 -O2 -fallow-argument-mismatch -cpp -D__FFTW -D__MPI  -I/home/thiago/Documents/spyn/qe/q-e-qe-7.3.1//external/devxlib/src -I. -I/home/thiago/Documents/spyn/qe/q-e-qe-7.3.1//include -I/home/thiago/Documents/spyn/qe/q-e-qe-7.3.1//upflib -I/home/thiago/Documents/spyn/qe/q-e-qe-7.3.1//XClib -I/home/thiago/Documents/spyn/qe/q-e-qe-7.3.1//Modules -I/home/thiago/Documents/spyn/qe/q-e-qe-7.3.1//FFTXlib/src -I/home/thiago/Documents/spyn/qe/q-e-qe-7.3.1//LAXlib -I/home/thiago/Documents/spyn/qe/q-e-qe-7.3.1//UtilXlib -I/home/thiago/Documents/spyn/qe/q-e-qe-7.3.1//MBD -I/home/thiago/Documents/spyn/qe/q-e-qe-7.3.1//KS_Solvers  -c wavefunctions.f90
mpif90 -O2 -fallow-argument-mismatch -cpp -D__FFTW -D__MPI  -I/home/thiago/Documents/spyn/qe/q-e-qe-7.3.1//external/devxlib/src -I. -I/home/thiago/Documents/spyn/qe/q-e-qe-7.3.1//include -I/home/thiago/Documents/spyn/qe/q-e-qe-7.3.1//upflib -I/home/thiago/Documents/spyn/qe/q-e-qe-7.3.1//XClib -I/home/thiago/Documents/spyn/qe/q-e-qe-7.3.1//Modules -I/home/thiago/Documents/spyn/qe/q-e-qe-7.3.1//FFTXlib/src -I/home/thiago/Documents/spyn/qe/q-e-qe-7.3.1//LAXlib -I/home/thiago/Documents/spyn/qe/q-e-qe-7.3.1//UtilXlib -I/home/thiago/Documents/spyn/qe/q-e-qe-7.3.1//MBD -I/home/thiago/Documents/spyn/qe/q-e-qe-7.3.1//KS_Solvers  -c qes_types_module.f90
ar ruv libppcg.a generic_cublas.o ppcg_gamma.o ppcg_gamma_gpu.o ppcg_k.o ppcg_k_gpu.o
ar: `u' modifier ignored since `D' is the default (see `U')
ar: creating libppcg.a
a - generic_cublas.o
a - ppcg_gamma.o
a - ppcg_gamma_gpu.o
a - ppcg_k.o
a - ppcg_k_gpu.o
ranlib libppcg.a
make[2]: Leaving directory '/home/thiago/Documents/spyn/qe/q-e-qe-7.3.1/KS_Solvers/PPCG'
if test -d ParO ; then \
        ( cd ParO ; make all || exit 1 ) ; fi
make[2]: Entering directory '/home/thiago/Documents/spyn/qe/q-e-qe-7.3.1/KS_Solvers/ParO'
mpif90 -O2 -fallow-argument-mismatch -cpp -D__FFTW -D__MPI  -I/home/thiago/Documents/spyn/qe/q-e-qe-7.3.1//external/devxlib/src -I. -I/home/thiago/Documents/spyn/qe/q-e-qe-7.3.1//include -I ../../LAXlib -I ../../UtilXlib -I. -c paro_gamma.f90
mpif90 -O2 -fallow-argument-mismatch -cpp -D__FFTW -D__MPI  -I/home/thiago/Documents/spyn/qe/q-e-qe-7.3.1//external/devxlib/src -I. -I/home/thiago/Documents/spyn/qe/q-e-qe-7.3.1//include -I ../../LAXlib -I ../../UtilXlib -I. -c paro_gamma_new.f90
mpif90 -O2 -fallow-argument-mismatch -cpp -D__FFTW -D__MPI  -I/home/thiago/Documents/spyn/qe/q-e-qe-7.3.1//external/devxlib/src -I. -I/home/thiago/Documents/spyn/qe/q-e-qe-7.3.1//include -I ../../LAXlib -I ../../UtilXlib -I. -c paro_k.f90
mpif90 -O2 -fallow-argument-mismatch -cpp -D__FFTW -D__MPI  -I/home/thiago/Documents/spyn/qe/q-e-qe-7.3.1//external/devxlib/src -I. -I/home/thiago/Documents/spyn/qe/q-e-qe-7.3.1//include -I/home/thiago/Documents/spyn/qe/q-e-qe-7.3.1//upflib -I/home/thiago/Documents/spyn/qe/q-e-qe-7.3.1//XClib -I/home/thiago/Documents/spyn/qe/q-e-qe-7.3.1//Modules -I/home/thiago/Documents/spyn/qe/q-e-qe-7.3.1//FFTXlib/src -I/home/thiago/Documents/spyn/qe/q-e-qe-7.3.1//LAXlib -I/home/thiago/Documents/spyn/qe/q-e-qe-7.3.1//UtilXlib -I/home/thiago/Documents/spyn/qe/q-e-qe-7.3.1//MBD -I/home/thiago/Documents/spyn/qe/q-e-qe-7.3.1//KS_Solvers  -c molecule_types.f90
mpif90 -O2 -fallow-argument-mismatch -cpp -D__FFTW -D__MPI  -I/home/thiago/Documents/spyn/qe/q-e-qe-7.3.1//external/devxlib/src -I. -I/home/thiago/Documents/spyn/qe/q-e-qe-7.3.1//include -I ../../LAXlib -I ../../UtilXlib -I. -c paro_k_new.f90
mpif90 -O2 -fallow-argument-mismatch -cpp -D__FFTW -D__MPI  -I/home/thiago/Documents/spyn/qe/q-e-qe-7.3.1//external/devxlib/src -I. -I/home/thiago/Documents/spyn/qe/q-e-qe-7.3.1//include -I ../../LAXlib -I ../../UtilXlib -I. -c pcg_gamma.f90
pcg_gamma.f90:118:51:

  115 |   CALL DGEMV( 'T', npw2, nbnd, 2.0_DP, spsi0, npwx2,       z, 1, 0.0_DP, spsi0vec, 1 )
      |                                                           2
......
  118 |   CALL DGEMV( 'N', npw2, nbnd, -1.D0, psi0, npwx2, spsi0vec, 1, 1.0_DP,       z, 1 )
      |                                                   1
Warning: Type mismatch between actual argument at (1) and actual argument at (2) (REAL(8)/COMPLEX(8)).
pcg_gamma.f90:118:78:

  115 |   CALL DGEMV( 'T', npw2, nbnd, 2.0_DP, spsi0, npwx2,       z, 1, 0.0_DP, spsi0vec, 1 )
      |                                                                         2     
......
  118 |   CALL DGEMV( 'N', npw2, nbnd, -1.D0, psi0, npwx2, spsi0vec, 1, 1.0_DP,       z, 1 )
      |                                                                              1
Warning: Type mismatch between actual argument at (1) and actual argument at (2) (COMPLEX(8)/REAL(8)).
mpif90 -O2 -fallow-argument-mismatch -cpp -D__FFTW -D__MPI  -I/home/thiago/Documents/spyn/qe/q-e-qe-7.3.1//external/devxlib/src -I. -I/home/thiago/Documents/spyn/qe/q-e-qe-7.3.1//include -I/home/thiago/Documents/spyn/qe/q-e-qe-7.3.1//upflib -I/home/thiago/Documents/spyn/qe/q-e-qe-7.3.1//XClib -I/home/thiago/Documents/spyn/qe/q-e-qe-7.3.1//Modules -I/home/thiago/Documents/spyn/qe/q-e-qe-7.3.1//FFTXlib/src -I/home/thiago/Documents/spyn/qe/q-e-qe-7.3.1//LAXlib -I/home/thiago/Documents/spyn/qe/q-e-qe-7.3.1//UtilXlib -I/home/thiago/Documents/spyn/qe/q-e-qe-7.3.1//MBD -I/home/thiago/Documents/spyn/qe/q-e-qe-7.3.1//KS_Solvers  -c zvscal.f90
mpif90 -O2 -fallow-argument-mismatch -cpp -D__FFTW -D__MPI  -I/home/thiago/Documents/spyn/qe/q-e-qe-7.3.1//external/devxlib/src -I. -I/home/thiago/Documents/spyn/qe/q-e-qe-7.3.1//include -I ../../LAXlib -I ../../UtilXlib -I. -c pcg_k.f90
mpif90 -O2 -fallow-argument-mismatch -cpp -D__FFTW -D__MPI  -I/home/thiago/Documents/spyn/qe/q-e-qe-7.3.1//external/devxlib/src -I. -I/home/thiago/Documents/spyn/qe/q-e-qe-7.3.1//include -I ../../LAXlib -I ../../UtilXlib -I. -c bpcg_gamma.f90
mpif90 -O2 -fallow-argument-mismatch -cpp -D__FFTW -D__MPI  -I/home/thiago/Documents/spyn/qe/q-e-qe-7.3.1//external/devxlib/src -I. -I/home/thiago/Documents/spyn/qe/q-e-qe-7.3.1//include -I/home/thiago/Documents/spyn/qe/q-e-qe-7.3.1//upflib -I/home/thiago/Documents/spyn/qe/q-e-qe-7.3.1//XClib -I/home/thiago/Documents/spyn/qe/q-e-qe-7.3.1//Modules -I/home/thiago/Documents/spyn/qe/q-e-qe-7.3.1//FFTXlib/src -I/home/thiago/Documents/spyn/qe/q-e-qe-7.3.1//LAXlib -I/home/thiago/Documents/spyn/qe/q-e-qe-7.3.1//UtilXlib -I/home/thiago/Documents/spyn/qe/q-e-qe-7.3.1//MBD -I/home/thiago/Documents/spyn/qe/q-e-qe-7.3.1//KS_Solvers  -c wave_gauge.f90
bpcg_gamma.f90:164:66:

  161 |         CALL MYDGEMM( 'T','N', nbnd,nnew,npw2, 2.D0, spsi0, npwx2, z(:,nactive+1), npwx2, 0.D0, spsi0vec, nbnd )
      |                                                                   2
......
  164 |         CALL MYDGEMM( 'N','N', npw2,nnew,nbnd,-1.D0, psi0, npwx2, spsi0vec, nbnd, 1.D0, z(:,nactive+1), npwx2 )
      |                                                                  1
Warning: Type mismatch between actual argument at (1) and actual argument at (2) (REAL(8)/COMPLEX(8)).
bpcg_gamma.f90:164:88:

  161 |         CALL MYDGEMM( 'T','N', nbnd,nnew,npw2, 2.D0, spsi0, npwx2, z(:,nactive+1), npwx2, 0.D0, spsi0vec, nbnd )
      |                                                                                                2
......
  164 |         CALL MYDGEMM( 'N','N', npw2,nnew,nbnd,-1.D0, psi0, npwx2, spsi0vec, nbnd, 1.D0, z(:,nactive+1), npwx2 )
      |                                                                                        1
Warning: Type mismatch between actual argument at (1) and actual argument at (2) (COMPLEX(8)/REAL(8)).
wave_gauge.f90:154:58:

  113 |          call dgemm('T', 'N', nbnd, nbnd, 2*npw, 2.d0, t_plus, 2*npwx, t_zero, 2*npwx, 0.d0, sa, nbnd)
      |                                                       2   
......
  154 |              call dgemm('T', 'N', nbnd, nbnd, nbnd, 1.d0, sa, nbnd, sa, nbnd, 0.d0, ssa, nbnd)
      |                                                          1
Warning: Type mismatch between actual argument at (1) and actual argument at (2) (REAL(8)/COMPLEX(8)).
wave_gauge.f90:154:68:

  113 |          call dgemm('T', 'N', nbnd, nbnd, 2*npw, 2.d0, t_plus, 2*npwx, t_zero, 2*npwx, 0.d0, sa, nbnd)
      |                                                                       2
......
  154 |              call dgemm('T', 'N', nbnd, nbnd, nbnd, 1.d0, sa, nbnd, sa, nbnd, 0.d0, ssa, nbnd)
      |                                                                    1
Warning: Type mismatch between actual argument at (1) and actual argument at (2) (REAL(8)/COMPLEX(8)).
mpif90 -O2 -fallow-argument-mismatch -cpp -D__FFTW -D__MPI  -I/home/thiago/Documents/spyn/qe/q-e-qe-7.3.1//external/devxlib/src -I. -I/home/thiago/Documents/spyn/qe/q-e-qe-7.3.1//include -I/home/thiago/Documents/spyn/qe/q-e-qe-7.3.1//upflib -I/home/thiago/Documents/spyn/qe/q-e-qe-7.3.1//XClib -I/home/thiago/Documents/spyn/qe/q-e-qe-7.3.1//Modules -I/home/thiago/Documents/spyn/qe/q-e-qe-7.3.1//FFTXlib/src -I/home/thiago/Documents/spyn/qe/q-e-qe-7.3.1//LAXlib -I/home/thiago/Documents/spyn/qe/q-e-qe-7.3.1//UtilXlib -I/home/thiago/Documents/spyn/qe/q-e-qe-7.3.1//MBD -I/home/thiago/Documents/spyn/qe/q-e-qe-7.3.1//KS_Solvers  -c wavefunctions_gpu.f90
mpif90 -O2 -fallow-argument-mismatch -cpp -D__FFTW -D__MPI  -I/home/thiago/Documents/spyn/qe/q-e-qe-7.3.1//external/devxlib/src -I. -I/home/thiago/Documents/spyn/qe/q-e-qe-7.3.1//include -I ../../LAXlib -I ../../UtilXlib -I. -c bpcg_k.f90
mpif90 -O2 -fallow-argument-mismatch -cpp -D__FFTW -D__MPI  -I/home/thiago/Documents/spyn/qe/q-e-qe-7.3.1//external/devxlib/src -I. -I/home/thiago/Documents/spyn/qe/q-e-qe-7.3.1//include -I/home/thiago/Documents/spyn/qe/q-e-qe-7.3.1//upflib -I/home/thiago/Documents/spyn/qe/q-e-qe-7.3.1//XClib -I/home/thiago/Documents/spyn/qe/q-e-qe-7.3.1//Modules -I/home/thiago/Documents/spyn/qe/q-e-qe-7.3.1//FFTXlib/src -I/home/thiago/Documents/spyn/qe/q-e-qe-7.3.1//LAXlib -I/home/thiago/Documents/spyn/qe/q-e-qe-7.3.1//UtilXlib -I/home/thiago/Documents/spyn/qe/q-e-qe-7.3.1//MBD -I/home/thiago/Documents/spyn/qe/q-e-qe-7.3.1//KS_Solvers  -c cuda_subroutines.f90
mpif90 -O2 -fallow-argument-mismatch -cpp -D__FFTW -D__MPI  -I/home/thiago/Documents/spyn/qe/q-e-qe-7.3.1//external/devxlib/src -I. -I/home/thiago/Documents/spyn/qe/q-e-qe-7.3.1//include -I/home/thiago/Documents/spyn/qe/q-e-qe-7.3.1//upflib -I/home/thiago/Documents/spyn/qe/q-e-qe-7.3.1//XClib -I/home/thiago/Documents/spyn/qe/q-e-qe-7.3.1//Modules -I/home/thiago/Documents/spyn/qe/q-e-qe-7.3.1//FFTXlib/src -I/home/thiago/Documents/spyn/qe/q-e-qe-7.3.1//LAXlib -I/home/thiago/Documents/spyn/qe/q-e-qe-7.3.1//UtilXlib -I/home/thiago/Documents/spyn/qe/q-e-qe-7.3.1//MBD -I/home/thiago/Documents/spyn/qe/q-e-qe-7.3.1//KS_Solvers  -c atom_weight.f90
mpif90 -O2 -fallow-argument-mismatch -cpp -D__FFTW -D__MPI  -I/home/thiago/Documents/spyn/qe/q-e-qe-7.3.1//external/devxlib/src -I. -I/home/thiago/Documents/spyn/qe/q-e-qe-7.3.1//include -I/home/thiago/Documents/spyn/qe/q-e-qe-7.3.1//upflib -I/home/thiago/Documents/spyn/qe/q-e-qe-7.3.1//XClib -I/home/thiago/Documents/spyn/qe/q-e-qe-7.3.1//Modules -I/home/thiago/Documents/spyn/qe/q-e-qe-7.3.1//FFTXlib/src -I/home/thiago/Documents/spyn/qe/q-e-qe-7.3.1//LAXlib -I/home/thiago/Documents/spyn/qe/q-e-qe-7.3.1//UtilXlib -I/home/thiago/Documents/spyn/qe/q-e-qe-7.3.1//MBD -I/home/thiago/Documents/spyn/qe/q-e-qe-7.3.1//KS_Solvers  -c capital.f90
mpif90 -O2 -fallow-argument-mismatch -cpp -D__FFTW -D__MPI  -I/home/thiago/Documents/spyn/qe/q-e-qe-7.3.1//external/devxlib/src -I. -I/home/thiago/Documents/spyn/qe/q-e-qe-7.3.1//include -I/home/thiago/Documents/spyn/qe/q-e-qe-7.3.1//upflib -I/home/thiago/Documents/spyn/qe/q-e-qe-7.3.1//XClib -I/home/thiago/Documents/spyn/qe/q-e-qe-7.3.1//Modules -I/home/thiago/Documents/spyn/qe/q-e-qe-7.3.1//FFTXlib/src -I/home/thiago/Documents/spyn/qe/q-e-qe-7.3.1//LAXlib -I/home/thiago/Documents/spyn/qe/q-e-qe-7.3.1//UtilXlib -I/home/thiago/Documents/spyn/qe/q-e-qe-7.3.1//MBD -I/home/thiago/Documents/spyn/qe/q-e-qe-7.3.1//KS_Solvers  -c cryst_to_car.f90
mpif90 -O2 -fallow-argument-mismatch -cpp -D__FFTW -D__MPI  -I/home/thiago/Documents/spyn/qe/q-e-qe-7.3.1//external/devxlib/src -I. -I/home/thiago/Documents/spyn/qe/q-e-qe-7.3.1//include -I/home/thiago/Documents/spyn/qe/q-e-qe-7.3.1//upflib -I/home/thiago/Documents/spyn/qe/q-e-qe-7.3.1//XClib -I/home/thiago/Documents/spyn/qe/q-e-qe-7.3.1//Modules -I/home/thiago/Documents/spyn/qe/q-e-qe-7.3.1//FFTXlib/src -I/home/thiago/Documents/spyn/qe/q-e-qe-7.3.1//LAXlib -I/home/thiago/Documents/spyn/qe/q-e-qe-7.3.1//UtilXlib -I/home/thiago/Documents/spyn/qe/q-e-qe-7.3.1//MBD -I/home/thiago/Documents/spyn/qe/q-e-qe-7.3.1//KS_Solvers  -c expint.f90
mpif90 -O2 -fallow-argument-mismatch -cpp -D__FFTW -D__MPI  -I/home/thiago/Documents/spyn/qe/q-e-qe-7.3.1//external/devxlib/src -I. -I/home/thiago/Documents/spyn/qe/q-e-qe-7.3.1//include -I/home/thiago/Documents/spyn/qe/q-e-qe-7.3.1//upflib -I/home/thiago/Documents/spyn/qe/q-e-qe-7.3.1//XClib -I/home/thiago/Documents/spyn/qe/q-e-qe-7.3.1//Modules -I/home/thiago/Documents/spyn/qe/q-e-qe-7.3.1//FFTXlib/src -I/home/thiago/Documents/spyn/qe/q-e-qe-7.3.1//LAXlib -I/home/thiago/Documents/spyn/qe/q-e-qe-7.3.1//UtilXlib -I/home/thiago/Documents/spyn/qe/q-e-qe-7.3.1//MBD -I/home/thiago/Documents/spyn/qe/q-e-qe-7.3.1//KS_Solvers  -c generate_k_along_lines.f90
mpif90 -O2 -fallow-argument-mismatch -cpp -D__FFTW -D__MPI  -I/home/thiago/Documents/spyn/qe/q-e-qe-7.3.1//external/devxlib/src -I. -I/home/thiago/Documents/spyn/qe/q-e-qe-7.3.1//include -I/home/thiago/Documents/spyn/qe/q-e-qe-7.3.1//upflib -I/home/thiago/Documents/spyn/qe/q-e-qe-7.3.1//XClib -I/home/thiago/Documents/spyn/qe/q-e-qe-7.3.1//Modules -I/home/thiago/Documents/spyn/qe/q-e-qe-7.3.1//FFTXlib/src -I/home/thiago/Documents/spyn/qe/q-e-qe-7.3.1//LAXlib -I/home/thiago/Documents/spyn/qe/q-e-qe-7.3.1//UtilXlib -I/home/thiago/Documents/spyn/qe/q-e-qe-7.3.1//MBD -I/home/thiago/Documents/spyn/qe/q-e-qe-7.3.1//KS_Solvers  -c has_xml.f90
mpif90 -O2 -fallow-argument-mismatch -cpp -D__FFTW -D__MPI  -I/home/thiago/Documents/spyn/qe/q-e-qe-7.3.1//external/devxlib/src -I. -I/home/thiago/Documents/spyn/qe/q-e-qe-7.3.1//include -I/home/thiago/Documents/spyn/qe/q-e-qe-7.3.1//upflib -I/home/thiago/Documents/spyn/qe/q-e-qe-7.3.1//XClib -I/home/thiago/Documents/spyn/qe/q-e-qe-7.3.1//Modules -I/home/thiago/Documents/spyn/qe/q-e-qe-7.3.1//FFTXlib/src -I/home/thiago/Documents/spyn/qe/q-e-qe-7.3.1//LAXlib -I/home/thiago/Documents/spyn/qe/q-e-qe-7.3.1//UtilXlib -I/home/thiago/Documents/spyn/qe/q-e-qe-7.3.1//MBD -I/home/thiago/Documents/spyn/qe/q-e-qe-7.3.1//KS_Solvers  -c inpfile.f90
mpif90 -O2 -fallow-argument-mismatch -cpp -D__FFTW -D__MPI  -I/home/thiago/Documents/spyn/qe/q-e-qe-7.3.1//external/devxlib/src -I. -I/home/thiago/Documents/spyn/qe/q-e-qe-7.3.1//include -I/home/thiago/Documents/spyn/qe/q-e-qe-7.3.1//upflib -I/home/thiago/Documents/spyn/qe/q-e-qe-7.3.1//XClib -I/home/thiago/Documents/spyn/qe/q-e-qe-7.3.1//Modules -I/home/thiago/Documents/spyn/qe/q-e-qe-7.3.1//FFTXlib/src -I/home/thiago/Documents/spyn/qe/q-e-qe-7.3.1//LAXlib -I/home/thiago/Documents/spyn/qe/q-e-qe-7.3.1//UtilXlib -I/home/thiago/Documents/spyn/qe/q-e-qe-7.3.1//MBD -I/home/thiago/Documents/spyn/qe/q-e-qe-7.3.1//KS_Solvers  -c int_to_char.f90
mpif90 -O2 -fallow-argument-mismatch -cpp -D__FFTW -D__MPI  -I/home/thiago/Documents/spyn/qe/q-e-qe-7.3.1//external/devxlib/src -I. -I/home/thiago/Documents/spyn/qe/q-e-qe-7.3.1//include -I/home/thiago/Documents/spyn/qe/q-e-qe-7.3.1//upflib -I/home/thiago/Documents/spyn/qe/q-e-qe-7.3.1//XClib -I/home/thiago/Documents/spyn/qe/q-e-qe-7.3.1//Modules -I/home/thiago/Documents/spyn/qe/q-e-qe-7.3.1//FFTXlib/src -I/home/thiago/Documents/spyn/qe/q-e-qe-7.3.1//LAXlib -I/home/thiago/Documents/spyn/qe/q-e-qe-7.3.1//UtilXlib -I/home/thiago/Documents/spyn/qe/q-e-qe-7.3.1//MBD -I/home/thiago/Documents/spyn/qe/q-e-qe-7.3.1//KS_Solvers  -c linpack.f90
mpif90 -O2 -fallow-argument-mismatch -cpp -D__FFTW -D__MPI  -I/home/thiago/Documents/spyn/qe/q-e-qe-7.3.1//external/devxlib/src -I. -I/home/thiago/Documents/spyn/qe/q-e-qe-7.3.1//include -I/home/thiago/Documents/spyn/qe/q-e-qe-7.3.1//upflib -I/home/thiago/Documents/spyn/qe/q-e-qe-7.3.1//XClib -I/home/thiago/Documents/spyn/qe/q-e-qe-7.3.1//Modules -I/home/thiago/Documents/spyn/qe/q-e-qe-7.3.1//FFTXlib/src -I/home/thiago/Documents/spyn/qe/q-e-qe-7.3.1//LAXlib -I/home/thiago/Documents/spyn/qe/q-e-qe-7.3.1//UtilXlib -I/home/thiago/Documents/spyn/qe/q-e-qe-7.3.1//MBD -I/home/thiago/Documents/spyn/qe/q-e-qe-7.3.1//KS_Solvers  -c matches.f90
mpif90 -O2 -fallow-argument-mismatch -cpp -D__FFTW -D__MPI  -I/home/thiago/Documents/spyn/qe/q-e-qe-7.3.1//external/devxlib/src -I. -I/home/thiago/Documents/spyn/qe/q-e-qe-7.3.1//include -I/home/thiago/Documents/spyn/qe/q-e-qe-7.3.1//upflib -I/home/thiago/Documents/spyn/qe/q-e-qe-7.3.1//XClib -I/home/thiago/Documents/spyn/qe/q-e-qe-7.3.1//Modules -I/home/thiago/Documents/spyn/qe/q-e-qe-7.3.1//FFTXlib/src -I/home/thiago/Documents/spyn/qe/q-e-qe-7.3.1//LAXlib -I/home/thiago/Documents/spyn/qe/q-e-qe-7.3.1//UtilXlib -I/home/thiago/Documents/spyn/qe/q-e-qe-7.3.1//MBD -I/home/thiago/Documents/spyn/qe/q-e-qe-7.3.1//KS_Solvers  -c plot_io.f90
ar ruv libparo.a paro_gamma.o paro_gamma_new.o paro_k.o paro_k_new.o pcg_gamma.o pcg_k.o bpcg_gamma.o bpcg_k.o
ar: `u' modifier ignored since `D' is the default (see `U')
ar: creating libparo.a
a - paro_gamma.o
a - paro_gamma_new.o
a - paro_k.o
a - paro_k_new.o
a - pcg_gamma.o
a - pcg_k.o
a - bpcg_gamma.o
a - bpcg_k.o
ranlib libparo.a
make[2]: Leaving directory '/home/thiago/Documents/spyn/qe/q-e-qe-7.3.1/KS_Solvers/ParO'
if test -d RMM ; then \
        ( cd RMM ; make all || exit 1 ) ; fi
make[2]: Entering directory '/home/thiago/Documents/spyn/qe/q-e-qe-7.3.1/KS_Solvers/RMM'
mpif90 -O2 -fallow-argument-mismatch -cpp -D__FFTW -D__MPI  -I/home/thiago/Documents/spyn/qe/q-e-qe-7.3.1//external/devxlib/src -I. -I/home/thiago/Documents/spyn/qe/q-e-qe-7.3.1//include -I ../../LAXlib -I ../PPCG -I ../../UtilXlib -I. -c crmmdiagg.f90
mpif90 -O2 -fallow-argument-mismatch -cpp -D__FFTW -D__MPI  -I/home/thiago/Documents/spyn/qe/q-e-qe-7.3.1//external/devxlib/src -I. -I/home/thiago/Documents/spyn/qe/q-e-qe-7.3.1//include -I/home/thiago/Documents/spyn/qe/q-e-qe-7.3.1//upflib -I/home/thiago/Documents/spyn/qe/q-e-qe-7.3.1//XClib -I/home/thiago/Documents/spyn/qe/q-e-qe-7.3.1//Modules -I/home/thiago/Documents/spyn/qe/q-e-qe-7.3.1//FFTXlib/src -I/home/thiago/Documents/spyn/qe/q-e-qe-7.3.1//LAXlib -I/home/thiago/Documents/spyn/qe/q-e-qe-7.3.1//UtilXlib -I/home/thiago/Documents/spyn/qe/q-e-qe-7.3.1//MBD -I/home/thiago/Documents/spyn/qe/q-e-qe-7.3.1//KS_Solvers  -c radial_gradients.f90
mpif90 -O2 -fallow-argument-mismatch -cpp -D__FFTW -D__MPI  -I/home/thiago/Documents/spyn/qe/q-e-qe-7.3.1//external/devxlib/src -I. -I/home/thiago/Documents/spyn/qe/q-e-qe-7.3.1//include -I/home/thiago/Documents/spyn/qe/q-e-qe-7.3.1//upflib -I/home/thiago/Documents/spyn/qe/q-e-qe-7.3.1//XClib -I/home/thiago/Documents/spyn/qe/q-e-qe-7.3.1//Modules -I/home/thiago/Documents/spyn/qe/q-e-qe-7.3.1//FFTXlib/src -I/home/thiago/Documents/spyn/qe/q-e-qe-7.3.1//LAXlib -I/home/thiago/Documents/spyn/qe/q-e-qe-7.3.1//UtilXlib -I/home/thiago/Documents/spyn/qe/q-e-qe-7.3.1//MBD -I/home/thiago/Documents/spyn/qe/q-e-qe-7.3.1//KS_Solvers  -c rgen.f90
mpif90 -O2 -fallow-argument-mismatch -cpp -D__FFTW -D__MPI  -I/home/thiago/Documents/spyn/qe/q-e-qe-7.3.1//external/devxlib/src -I. -I/home/thiago/Documents/spyn/qe/q-e-qe-7.3.1//include -I ../../LAXlib -I ../PPCG -I ../../UtilXlib -I. -c crmmdiagg_gpu.f90
mpif90 -O2 -fallow-argument-mismatch -cpp -D__FFTW -D__MPI  -I/home/thiago/Documents/spyn/qe/q-e-qe-7.3.1//external/devxlib/src -I. -I/home/thiago/Documents/spyn/qe/q-e-qe-7.3.1//include -I/home/thiago/Documents/spyn/qe/q-e-qe-7.3.1//upflib -I/home/thiago/Documents/spyn/qe/q-e-qe-7.3.1//XClib -I/home/thiago/Documents/spyn/qe/q-e-qe-7.3.1//Modules -I/home/thiago/Documents/spyn/qe/q-e-qe-7.3.1//FFTXlib/src -I/home/thiago/Documents/spyn/qe/q-e-qe-7.3.1//LAXlib -I/home/thiago/Documents/spyn/qe/q-e-qe-7.3.1//UtilXlib -I/home/thiago/Documents/spyn/qe/q-e-qe-7.3.1//MBD -I/home/thiago/Documents/spyn/qe/q-e-qe-7.3.1//KS_Solvers  -c recips.f90
mpif90 -O2 -fallow-argument-mismatch -cpp -D__FFTW -D__MPI  -I/home/thiago/Documents/spyn/qe/q-e-qe-7.3.1//external/devxlib/src -I. -I/home/thiago/Documents/spyn/qe/q-e-qe-7.3.1//include -I/home/thiago/Documents/spyn/qe/q-e-qe-7.3.1//upflib -I/home/thiago/Documents/spyn/qe/q-e-qe-7.3.1//XClib -I/home/thiago/Documents/spyn/qe/q-e-qe-7.3.1//Modules -I/home/thiago/Documents/spyn/qe/q-e-qe-7.3.1//FFTXlib/src -I/home/thiago/Documents/spyn/qe/q-e-qe-7.3.1//LAXlib -I/home/thiago/Documents/spyn/qe/q-e-qe-7.3.1//UtilXlib -I/home/thiago/Documents/spyn/qe/q-e-qe-7.3.1//MBD -I/home/thiago/Documents/spyn/qe/q-e-qe-7.3.1//KS_Solvers  -c remove_tot_torque.f90
mpif90 -O2 -fallow-argument-mismatch -cpp -D__FFTW -D__MPI  -I/home/thiago/Documents/spyn/qe/q-e-qe-7.3.1//external/devxlib/src -I. -I/home/thiago/Documents/spyn/qe/q-e-qe-7.3.1//include -I/home/thiago/Documents/spyn/qe/q-e-qe-7.3.1//upflib -I/home/thiago/Documents/spyn/qe/q-e-qe-7.3.1//XClib -I/home/thiago/Documents/spyn/qe/q-e-qe-7.3.1//Modules -I/home/thiago/Documents/spyn/qe/q-e-qe-7.3.1//FFTXlib/src -I/home/thiago/Documents/spyn/qe/q-e-qe-7.3.1//LAXlib -I/home/thiago/Documents/spyn/qe/q-e-qe-7.3.1//UtilXlib -I/home/thiago/Documents/spyn/qe/q-e-qe-7.3.1//MBD -I/home/thiago/Documents/spyn/qe/q-e-qe-7.3.1//KS_Solvers  -c sort.f90
mpif90 -O2 -fallow-argument-mismatch -cpp -D__FFTW -D__MPI  -I/home/thiago/Documents/spyn/qe/q-e-qe-7.3.1//external/devxlib/src -I. -I/home/thiago/Documents/spyn/qe/q-e-qe-7.3.1//include -I/home/thiago/Documents/spyn/qe/q-e-qe-7.3.1//upflib -I/home/thiago/Documents/spyn/qe/q-e-qe-7.3.1//XClib -I/home/thiago/Documents/spyn/qe/q-e-qe-7.3.1//Modules -I/home/thiago/Documents/spyn/qe/q-e-qe-7.3.1//FFTXlib/src -I/home/thiago/Documents/spyn/qe/q-e-qe-7.3.1//LAXlib -I/home/thiago/Documents/spyn/qe/q-e-qe-7.3.1//UtilXlib -I/home/thiago/Documents/spyn/qe/q-e-qe-7.3.1//MBD -I/home/thiago/Documents/spyn/qe/q-e-qe-7.3.1//KS_Solvers  -c trimcheck.f90
mpif90 -O2 -fallow-argument-mismatch -cpp -D__FFTW -D__MPI  -I/home/thiago/Documents/spyn/qe/q-e-qe-7.3.1//external/devxlib/src -I. -I/home/thiago/Documents/spyn/qe/q-e-qe-7.3.1//include -I ../../LAXlib -I ../PPCG -I ../../UtilXlib -I. -c rrmmdiagg.f90
rrmmdiagg.f90:696:29:

  696 |     vnrm = SQRT( DDOT( ndim, vr, 1, u1, 1 ) )
      |                             1
......
  873 |        php = 2._DP * DDOT( npw2, psi (1,ibnd), 1, hpsi (1,ibnd), 1 )
      |                                 2
Warning: Type mismatch between actual argument at (1) and actual argument at (2) (REAL(8)/COMPLEX(8)).
rrmmdiagg.f90:696:36:

  696 |     vnrm = SQRT( DDOT( ndim, vr, 1, u1, 1 ) )
      |                                    1
......
  873 |        php = 2._DP * DDOT( npw2, psi (1,ibnd), 1, hpsi (1,ibnd), 1 )
      |                                                  2
Warning: Type mismatch between actual argument at (1) and actual argument at (2) (REAL(8)/COMPLEX(8)).
rrmmdiagg.f90:419:44:

  419 |        CALL DGEMV( 'T', npw2, idiis, 2._DP, vec2(1,1), npwx2, &
      |                                            1
......
  690 |     CALL DGEMV( 'N', ndim, kdim, 1._DP, x1, ndim, h3(:,imin), 1, 0._DP, vr, 1 )
      |                                        2    
Warning: Type mismatch between actual argument at (1) and actual argument at (2) (COMPLEX(8)/REAL(8)).
rrmmdiagg.f90:420:19:

  420 |                    vec1(1), 1, 0._DP, tr(1,jbnd), 1 )
      |                   1
......
  690 |     CALL DGEMV( 'N', ndim, kdim, 1._DP, x1, ndim, h3(:,imin), 1, 0._DP, vr, 1 )
      |                                                  2
Warning: Type mismatch between actual argument at (1) and actual argument at (2) (COMPLEX(8)/REAL(8)).
mpif90 -O2 -fallow-argument-mismatch -cpp -D__FFTW -D__MPI  -I/home/thiago/Documents/spyn/qe/q-e-qe-7.3.1//external/devxlib/src -I. -I/home/thiago/Documents/spyn/qe/q-e-qe-7.3.1//include -I/home/thiago/Documents/spyn/qe/q-e-qe-7.3.1//upflib -I/home/thiago/Documents/spyn/qe/q-e-qe-7.3.1//XClib -I/home/thiago/Documents/spyn/qe/q-e-qe-7.3.1//Modules -I/home/thiago/Documents/spyn/qe/q-e-qe-7.3.1//FFTXlib/src -I/home/thiago/Documents/spyn/qe/q-e-qe-7.3.1//LAXlib -I/home/thiago/Documents/spyn/qe/q-e-qe-7.3.1//UtilXlib -I/home/thiago/Documents/spyn/qe/q-e-qe-7.3.1//MBD -I/home/thiago/Documents/spyn/qe/q-e-qe-7.3.1//KS_Solvers  -c test_input_file.f90
mpif90 -O2 -fallow-argument-mismatch -cpp -D__FFTW -D__MPI  -I/home/thiago/Documents/spyn/qe/q-e-qe-7.3.1//external/devxlib/src -I. -I/home/thiago/Documents/spyn/qe/q-e-qe-7.3.1//include -I ../../LAXlib -I ../PPCG -I ../../UtilXlib -I. -c rrmmdiagg_gpu.f90
mpif90 -O2 -fallow-argument-mismatch -cpp -D__FFTW -D__MPI  -I/home/thiago/Documents/spyn/qe/q-e-qe-7.3.1//external/devxlib/src -I. -I/home/thiago/Documents/spyn/qe/q-e-qe-7.3.1//include -I/home/thiago/Documents/spyn/qe/q-e-qe-7.3.1//upflib -I/home/thiago/Documents/spyn/qe/q-e-qe-7.3.1//XClib -I/home/thiago/Documents/spyn/qe/q-e-qe-7.3.1//Modules -I/home/thiago/Documents/spyn/qe/q-e-qe-7.3.1//FFTXlib/src -I/home/thiago/Documents/spyn/qe/q-e-qe-7.3.1//LAXlib -I/home/thiago/Documents/spyn/qe/q-e-qe-7.3.1//UtilXlib -I/home/thiago/Documents/spyn/qe/q-e-qe-7.3.1//MBD -I/home/thiago/Documents/spyn/qe/q-e-qe-7.3.1//KS_Solvers  -c date_and_tim.f90
mpif90 -O2 -fallow-argument-mismatch -cpp -D__FFTW -D__MPI  -I/home/thiago/Documents/spyn/qe/q-e-qe-7.3.1//external/devxlib/src -I. -I/home/thiago/Documents/spyn/qe/q-e-qe-7.3.1//include -I/home/thiago/Documents/spyn/qe/q-e-qe-7.3.1//upflib -I/home/thiago/Documents/spyn/qe/q-e-qe-7.3.1//XClib -I/home/thiago/Documents/spyn/qe/q-e-qe-7.3.1//Modules -I/home/thiago/Documents/spyn/qe/q-e-qe-7.3.1//FFTXlib/src -I/home/thiago/Documents/spyn/qe/q-e-qe-7.3.1//LAXlib -I/home/thiago/Documents/spyn/qe/q-e-qe-7.3.1//UtilXlib -I/home/thiago/Documents/spyn/qe/q-e-qe-7.3.1//MBD -I/home/thiago/Documents/spyn/qe/q-e-qe-7.3.1//KS_Solvers  -c volume.f90
mpif90 -O2 -fallow-argument-mismatch -cpp -D__FFTW -D__MPI  -I/home/thiago/Documents/spyn/qe/q-e-qe-7.3.1//external/devxlib/src -I. -I/home/thiago/Documents/spyn/qe/q-e-qe-7.3.1//include -I/home/thiago/Documents/spyn/qe/q-e-qe-7.3.1//upflib -I/home/thiago/Documents/spyn/qe/q-e-qe-7.3.1//XClib -I/home/thiago/Documents/spyn/qe/q-e-qe-7.3.1//Modules -I/home/thiago/Documents/spyn/qe/q-e-qe-7.3.1//FFTXlib/src -I/home/thiago/Documents/spyn/qe/q-e-qe-7.3.1//LAXlib -I/home/thiago/Documents/spyn/qe/q-e-qe-7.3.1//UtilXlib -I/home/thiago/Documents/spyn/qe/q-e-qe-7.3.1//MBD -I/home/thiago/Documents/spyn/qe/q-e-qe-7.3.1//KS_Solvers  -c deviatoric.f90
gcc -O3 -D__FFTW -D__MPI -I. -I/home/thiago/Documents/spyn/qe/q-e-qe-7.3.1//include   -c customize_signals.c
gcc -O3 -D__FFTW -D__MPI -I. -I/home/thiago/Documents/spyn/qe/q-e-qe-7.3.1//include   -c qmmm_aux.c
gcc -O3 -D__FFTW -D__MPI -I. -I/home/thiago/Documents/spyn/qe/q-e-qe-7.3.1//include   -c sockets.c
gcc -O3 -D__FFTW -D__MPI -I. -I/home/thiago/Documents/spyn/qe/q-e-qe-7.3.1//include   -c stack.c
mpif90 -O2 -fallow-argument-mismatch -cpp -D__FFTW -D__MPI  -I/home/thiago/Documents/spyn/qe/q-e-qe-7.3.1//external/devxlib/src -I. -I/home/thiago/Documents/spyn/qe/q-e-qe-7.3.1//include -I/home/thiago/Documents/spyn/qe/q-e-qe-7.3.1//upflib -I/home/thiago/Documents/spyn/qe/q-e-qe-7.3.1//XClib -I/home/thiago/Documents/spyn/qe/q-e-qe-7.3.1//Modules -I/home/thiago/Documents/spyn/qe/q-e-qe-7.3.1//FFTXlib/src -I/home/thiago/Documents/spyn/qe/q-e-qe-7.3.1//LAXlib -I/home/thiago/Documents/spyn/qe/q-e-qe-7.3.1//UtilXlib -I/home/thiago/Documents/spyn/qe/q-e-qe-7.3.1//MBD -I/home/thiago/Documents/spyn/qe/q-e-qe-7.3.1//KS_Solvers  -c mp_rism.f90
mpif90 -O2 -fallow-argument-mismatch -cpp -D__FFTW -D__MPI  -I/home/thiago/Documents/spyn/qe/q-e-qe-7.3.1//external/devxlib/src -I. -I/home/thiago/Documents/spyn/qe/q-e-qe-7.3.1//include -I/home/thiago/Documents/spyn/qe/q-e-qe-7.3.1//upflib -I/home/thiago/Documents/spyn/qe/q-e-qe-7.3.1//XClib -I/home/thiago/Documents/spyn/qe/q-e-qe-7.3.1//Modules -I/home/thiago/Documents/spyn/qe/q-e-qe-7.3.1//FFTXlib/src -I/home/thiago/Documents/spyn/qe/q-e-qe-7.3.1//LAXlib -I/home/thiago/Documents/spyn/qe/q-e-qe-7.3.1//UtilXlib -I/home/thiago/Documents/spyn/qe/q-e-qe-7.3.1//MBD -I/home/thiago/Documents/spyn/qe/q-e-qe-7.3.1//KS_Solvers  -c err_rism.f90
mpif90 -O2 -fallow-argument-mismatch -cpp -D__FFTW -D__MPI  -I/home/thiago/Documents/spyn/qe/q-e-qe-7.3.1//external/devxlib/src -I. -I/home/thiago/Documents/spyn/qe/q-e-qe-7.3.1//include -I/home/thiago/Documents/spyn/qe/q-e-qe-7.3.1//upflib -I/home/thiago/Documents/spyn/qe/q-e-qe-7.3.1//XClib -I/home/thiago/Documents/spyn/qe/q-e-qe-7.3.1//Modules -I/home/thiago/Documents/spyn/qe/q-e-qe-7.3.1//FFTXlib/src -I/home/thiago/Documents/spyn/qe/q-e-qe-7.3.1//LAXlib -I/home/thiago/Documents/spyn/qe/q-e-qe-7.3.1//UtilXlib -I/home/thiago/Documents/spyn/qe/q-e-qe-7.3.1//MBD -I/home/thiago/Documents/spyn/qe/q-e-qe-7.3.1//KS_Solvers  -c solvmol.f90
mpif90 -O2 -fallow-argument-mismatch -cpp -D__FFTW -D__MPI  -I/home/thiago/Documents/spyn/qe/q-e-qe-7.3.1//external/devxlib/src -I. -I/home/thiago/Documents/spyn/qe/q-e-qe-7.3.1//include -I/home/thiago/Documents/spyn/qe/q-e-qe-7.3.1//upflib -I/home/thiago/Documents/spyn/qe/q-e-qe-7.3.1//XClib -I/home/thiago/Documents/spyn/qe/q-e-qe-7.3.1//Modules -I/home/thiago/Documents/spyn/qe/q-e-qe-7.3.1//FFTXlib/src -I/home/thiago/Documents/spyn/qe/q-e-qe-7.3.1//LAXlib -I/home/thiago/Documents/spyn/qe/q-e-qe-7.3.1//UtilXlib -I/home/thiago/Documents/spyn/qe/q-e-qe-7.3.1//MBD -I/home/thiago/Documents/spyn/qe/q-e-qe-7.3.1//KS_Solvers  -c cryst_to_car_2d.f90
mpif90 -O2 -fallow-argument-mismatch -cpp -D__FFTW -D__MPI  -I/home/thiago/Documents/spyn/qe/q-e-qe-7.3.1//external/devxlib/src -I. -I/home/thiago/Documents/spyn/qe/q-e-qe-7.3.1//include -I/home/thiago/Documents/spyn/qe/q-e-qe-7.3.1//upflib -I/home/thiago/Documents/spyn/qe/q-e-qe-7.3.1//XClib -I/home/thiago/Documents/spyn/qe/q-e-qe-7.3.1//Modules -I/home/thiago/Documents/spyn/qe/q-e-qe-7.3.1//FFTXlib/src -I/home/thiago/Documents/spyn/qe/q-e-qe-7.3.1//LAXlib -I/home/thiago/Documents/spyn/qe/q-e-qe-7.3.1//UtilXlib -I/home/thiago/Documents/spyn/qe/q-e-qe-7.3.1//MBD -I/home/thiago/Documents/spyn/qe/q-e-qe-7.3.1//KS_Solvers  -c lj_forcefield.f90
mpif90 -O2 -fallow-argument-mismatch -cpp -D__FFTW -D__MPI  -I/home/thiago/Documents/spyn/qe/q-e-qe-7.3.1//external/devxlib/src -I. -I/home/thiago/Documents/spyn/qe/q-e-qe-7.3.1//include -I/home/thiago/Documents/spyn/qe/q-e-qe-7.3.1//upflib -I/home/thiago/Documents/spyn/qe/q-e-qe-7.3.1//XClib -I/home/thiago/Documents/spyn/qe/q-e-qe-7.3.1//Modules -I/home/thiago/Documents/spyn/qe/q-e-qe-7.3.1//FFTXlib/src -I/home/thiago/Documents/spyn/qe/q-e-qe-7.3.1//LAXlib -I/home/thiago/Documents/spyn/qe/q-e-qe-7.3.1//UtilXlib -I/home/thiago/Documents/spyn/qe/q-e-qe-7.3.1//MBD -I/home/thiago/Documents/spyn/qe/q-e-qe-7.3.1//KS_Solvers  -c mp_swap_ax_rism.f90
mpif90 -O2 -fallow-argument-mismatch -cpp -D__FFTW -D__MPI  -I/home/thiago/Documents/spyn/qe/q-e-qe-7.3.1//external/devxlib/src -I. -I/home/thiago/Documents/spyn/qe/q-e-qe-7.3.1//include -I/home/thiago/Documents/spyn/qe/q-e-qe-7.3.1//upflib -I/home/thiago/Documents/spyn/qe/q-e-qe-7.3.1//XClib -I/home/thiago/Documents/spyn/qe/q-e-qe-7.3.1//Modules -I/home/thiago/Documents/spyn/qe/q-e-qe-7.3.1//FFTXlib/src -I/home/thiago/Documents/spyn/qe/q-e-qe-7.3.1//LAXlib -I/home/thiago/Documents/spyn/qe/q-e-qe-7.3.1//UtilXlib -I/home/thiago/Documents/spyn/qe/q-e-qe-7.3.1//MBD -I/home/thiago/Documents/spyn/qe/q-e-qe-7.3.1//KS_Solvers  -c plot_rism.f90
mpif90 -O2 -fallow-argument-mismatch -cpp -D__FFTW -D__MPI  -I/home/thiago/Documents/spyn/qe/q-e-qe-7.3.1//external/devxlib/src -I. -I/home/thiago/Documents/spyn/qe/q-e-qe-7.3.1//include -I/home/thiago/Documents/spyn/qe/q-e-qe-7.3.1//upflib -I/home/thiago/Documents/spyn/qe/q-e-qe-7.3.1//XClib -I/home/thiago/Documents/spyn/qe/q-e-qe-7.3.1//Modules -I/home/thiago/Documents/spyn/qe/q-e-qe-7.3.1//FFTXlib/src -I/home/thiago/Documents/spyn/qe/q-e-qe-7.3.1//LAXlib -I/home/thiago/Documents/spyn/qe/q-e-qe-7.3.1//UtilXlib -I/home/thiago/Documents/spyn/qe/q-e-qe-7.3.1//MBD -I/home/thiago/Documents/spyn/qe/q-e-qe-7.3.1//KS_Solvers  -c rms_residual.f90
mpif90 -O2 -fallow-argument-mismatch -cpp -D__FFTW -D__MPI  -I/home/thiago/Documents/spyn/qe/q-e-qe-7.3.1//external/devxlib/src -I. -I/home/thiago/Documents/spyn/qe/q-e-qe-7.3.1//include -I/home/thiago/Documents/spyn/qe/q-e-qe-7.3.1//upflib -I/home/thiago/Documents/spyn/qe/q-e-qe-7.3.1//XClib -I/home/thiago/Documents/spyn/qe/q-e-qe-7.3.1//Modules -I/home/thiago/Documents/spyn/qe/q-e-qe-7.3.1//FFTXlib/src -I/home/thiago/Documents/spyn/qe/q-e-qe-7.3.1//LAXlib -I/home/thiago/Documents/spyn/qe/q-e-qe-7.3.1//UtilXlib -I/home/thiago/Documents/spyn/qe/q-e-qe-7.3.1//MBD -I/home/thiago/Documents/spyn/qe/q-e-qe-7.3.1//KS_Solvers  -c constants.f90
mpif90 -O2 -fallow-argument-mismatch -cpp -D__FFTW -D__MPI  -I/home/thiago/Documents/spyn/qe/q-e-qe-7.3.1//external/devxlib/src -I. -I/home/thiago/Documents/spyn/qe/q-e-qe-7.3.1//include -I/home/thiago/Documents/spyn/qe/q-e-qe-7.3.1//upflib -I/home/thiago/Documents/spyn/qe/q-e-qe-7.3.1//XClib -I/home/thiago/Documents/spyn/qe/q-e-qe-7.3.1//Modules -I/home/thiago/Documents/spyn/qe/q-e-qe-7.3.1//FFTXlib/src -I/home/thiago/Documents/spyn/qe/q-e-qe-7.3.1//LAXlib -I/home/thiago/Documents/spyn/qe/q-e-qe-7.3.1//UtilXlib -I/home/thiago/Documents/spyn/qe/q-e-qe-7.3.1//MBD -I/home/thiago/Documents/spyn/qe/q-e-qe-7.3.1//KS_Solvers  -c control_flags.f90
mpif90 -O2 -fallow-argument-mismatch -cpp -D__FFTW -D__MPI  -I/home/thiago/Documents/spyn/qe/q-e-qe-7.3.1//external/devxlib/src -I. -I/home/thiago/Documents/spyn/qe/q-e-qe-7.3.1//include -I/home/thiago/Documents/spyn/qe/q-e-qe-7.3.1//upflib -I/home/thiago/Documents/spyn/qe/q-e-qe-7.3.1//XClib -I/home/thiago/Documents/spyn/qe/q-e-qe-7.3.1//Modules -I/home/thiago/Documents/spyn/qe/q-e-qe-7.3.1//FFTXlib/src -I/home/thiago/Documents/spyn/qe/q-e-qe-7.3.1//LAXlib -I/home/thiago/Documents/spyn/qe/q-e-qe-7.3.1//UtilXlib -I/home/thiago/Documents/spyn/qe/q-e-qe-7.3.1//MBD -I/home/thiago/Documents/spyn/qe/q-e-qe-7.3.1//KS_Solvers  -c invmat.f90
mpif90 -O2 -fallow-argument-mismatch -cpp -D__FFTW -D__MPI  -I/home/thiago/Documents/spyn/qe/q-e-qe-7.3.1//external/devxlib/src -I. -I/home/thiago/Documents/spyn/qe/q-e-qe-7.3.1//include -I/home/thiago/Documents/spyn/qe/q-e-qe-7.3.1//upflib -I/home/thiago/Documents/spyn/qe/q-e-qe-7.3.1//XClib -I/home/thiago/Documents/spyn/qe/q-e-qe-7.3.1//Modules -I/home/thiago/Documents/spyn/qe/q-e-qe-7.3.1//FFTXlib/src -I/home/thiago/Documents/spyn/qe/q-e-qe-7.3.1//LAXlib -I/home/thiago/Documents/spyn/qe/q-e-qe-7.3.1//UtilXlib -I/home/thiago/Documents/spyn/qe/q-e-qe-7.3.1//MBD -I/home/thiago/Documents/spyn/qe/q-e-qe-7.3.1//KS_Solvers  -c wannier_new.f90
ar ruv librmm.a crmmdiagg.o crmmdiagg_gpu.o rrmmdiagg.o rrmmdiagg_gpu.o       
ar: `u' modifier ignored since `D' is the default (see `U')
ar: creating librmm.a
a - crmmdiagg.o
a - crmmdiagg_gpu.o
a - rrmmdiagg.o
a - rrmmdiagg_gpu.o
ranlib librmm.a    
make[2]: Leaving directory '/home/thiago/Documents/spyn/qe/q-e-qe-7.3.1/KS_Solvers/RMM'
if test -d DENSE ; then \
        ( cd DENSE ; make all || exit 1 ) ; fi
make[2]: Entering directory '/home/thiago/Documents/spyn/qe/q-e-qe-7.3.1/KS_Solvers/DENSE'
mpif90 -O2 -fallow-argument-mismatch -cpp -D__FFTW -D__MPI  -I/home/thiago/Documents/spyn/qe/q-e-qe-7.3.1//external/devxlib/src -I. -I/home/thiago/Documents/spyn/qe/q-e-qe-7.3.1//include -I ../../LAXlib -I ../../UtilXlib -I ../../Modules -I. -c rotate_HSpsi_gamma.f90
mpif90 -O2 -fallow-argument-mismatch -cpp -D__FFTW -D__MPI  -I/home/thiago/Documents/spyn/qe/q-e-qe-7.3.1//external/devxlib/src -I. -I/home/thiago/Documents/spyn/qe/q-e-qe-7.3.1//include -I/home/thiago/Documents/spyn/qe/q-e-qe-7.3.1//upflib -I/home/thiago/Documents/spyn/qe/q-e-qe-7.3.1//XClib -I/home/thiago/Documents/spyn/qe/q-e-qe-7.3.1//Modules -I/home/thiago/Documents/spyn/qe/q-e-qe-7.3.1//FFTXlib/src -I/home/thiago/Documents/spyn/qe/q-e-qe-7.3.1//LAXlib -I/home/thiago/Documents/spyn/qe/q-e-qe-7.3.1//UtilXlib -I/home/thiago/Documents/spyn/qe/q-e-qe-7.3.1//MBD -I/home/thiago/Documents/spyn/qe/q-e-qe-7.3.1//KS_Solvers  -c mp_images.f90
mpif90 -O2 -fallow-argument-mismatch -cpp -D__FFTW -D__MPI  -I/home/thiago/Documents/spyn/qe/q-e-qe-7.3.1//external/devxlib/src -I. -I/home/thiago/Documents/spyn/qe/q-e-qe-7.3.1//include -I ../../LAXlib -I ../../UtilXlib -I ../../Modules -I. -c rotate_HSpsi_k.f90
mpif90 -O2 -fallow-argument-mismatch -cpp -D__FFTW -D__MPI  -I/home/thiago/Documents/spyn/qe/q-e-qe-7.3.1//external/devxlib/src -I. -I/home/thiago/Documents/spyn/qe/q-e-qe-7.3.1//include -I ../../LAXlib -I ../../UtilXlib -I ../../Modules -I. -c rotate_wfc_gamma.f90
rotate_HSpsi_gamma.f90:145:58:

   88 |   CALL MYDGEMM( 'T','N', nstart,my_n,kdim, 2.D0, psi,kdmx, hpsi(1,n_start),kdmx, 0.D0, hh(1,n_start),nstart )
      |                                                           2
......
  145 |   CALL MYDGEMM( 'N','N', kdim,my_n,nstart, 1.D0, psi,kdmx,vv(1,n_start),nstart, 0.D0, aux(1,n_start),kdmx )
      |                                                          1
Warning: Type mismatch between actual argument at (1) and actual argument at (2) (REAL(8)/COMPLEX(8)).
rotate_HSpsi_gamma.f90:145:86:

   88 |   CALL MYDGEMM( 'T','N', nstart,my_n,kdim, 2.D0, psi,kdmx, hpsi(1,n_start),kdmx, 0.D0, hh(1,n_start),nstart )
      |                                                                                       2
......
  145 |   CALL MYDGEMM( 'N','N', kdim,my_n,nstart, 1.D0, psi,kdmx,vv(1,n_start),nstart, 0.D0, aux(1,n_start),kdmx )
      |                                                                                      1
Warning: Type mismatch between actual argument at (1) and actual argument at (2) (COMPLEX(8)/REAL(8)).
rotate_HSpsi_gamma.f90:400:53:

  400 |            CALL DGEMM( 'T','N', nr,nc,my_kdim, 2.D0, v(npw_s,ir),kdmx,w(npw_s,ic),kdmx, 0.D0, work, nx )
      |                                                     1
......
  498 |      CALL DGEMM( 'N', 'N', kdim, my_nbnd, nstart, 1.D0, psi, kdmx, v, nstart, 0.D0, aux, kdmx )
      |                                                        2
Warning: Element of assumed-shape or pointer array as actual argument at (1) cannot correspond to actual argument at (2)
rotate_HSpsi_gamma.f90:400:70:

  400 |            CALL DGEMM( 'T','N', nr,nc,my_kdim, 2.D0, v(npw_s,ir),kdmx,w(npw_s,ic),kdmx, 0.D0, work, nx )
      |                                                                      1
......
  498 |      CALL DGEMM( 'N', 'N', kdim, my_nbnd, nstart, 1.D0, psi, kdmx, v, nstart, 0.D0, aux, kdmx )
      |                                                                   2   
Warning: Type mismatch between actual argument at (1) and actual argument at (2) (COMPLEX(8)/REAL(8)).
rotate_HSpsi_gamma.f90:400:94:

  400 |            CALL DGEMM( 'T','N', nr,nc,my_kdim, 2.D0, v(npw_s,ir),kdmx,w(npw_s,ic),kdmx, 0.D0, work, nx )
      |                                                                                              1
......
  498 |      CALL DGEMM( 'N', 'N', kdim, my_nbnd, nstart, 1.D0, psi, kdmx, v, nstart, 0.D0, aux, kdmx )
      |                                                                                    2          
Warning: Type mismatch between actual argument at (1) and actual argument at (2) (REAL(8)/COMPLEX(8)).
rotate_HSpsi_k.f90:429:63:

  429 |            CALL ZGEMM( 'C','N', nr,nc,my_kdim, ( 1.D0, 0.D0 ), v(npw_s,ir),kdmx, w(npw_s,ic),kdmx, ( 0.D0, 0.D0 ), work,nx )
      |                                                               1
......
  524 |      CALL ZGEMM( 'N', 'N', kdim, my_nbnd, nstart, (1.D0,0.D0), psi, kdmx, v, nstart, (0.D0,0.D0), aux, kdmx )
      |                                                               2
Warning: Element of assumed-shape or pointer array as actual argument at (1) cannot correspond to actual argument at (2)
rotate_HSpsi_k.f90:429:81:

  429 |            CALL ZGEMM( 'C','N', nr,nc,my_kdim, ( 1.D0, 0.D0 ), v(npw_s,ir),kdmx, w(npw_s,ic),kdmx, ( 0.D0, 0.D0 ), work,nx )
      |                                                                                 1
......
  524 |      CALL ZGEMM( 'N', 'N', kdim, my_nbnd, nstart, (1.D0,0.D0), psi, kdmx, v, nstart, (0.D0,0.D0), aux, kdmx )
      |                                                                          2       
Warning: Element of assumed-shape or pointer array as actual argument at (1) cannot correspond to actual argument at (2)
mpif90 -O2 -fallow-argument-mismatch -cpp -D__FFTW -D__MPI  -I/home/thiago/Documents/spyn/qe/q-e-qe-7.3.1//external/devxlib/src -I. -I/home/thiago/Documents/spyn/qe/q-e-qe-7.3.1//include -I/home/thiago/Documents/spyn/qe/q-e-qe-7.3.1//upflib -I/home/thiago/Documents/spyn/qe/q-e-qe-7.3.1//XClib -I/home/thiago/Documents/spyn/qe/q-e-qe-7.3.1//Modules -I/home/thiago/Documents/spyn/qe/q-e-qe-7.3.1//FFTXlib/src -I/home/thiago/Documents/spyn/qe/q-e-qe-7.3.1//LAXlib -I/home/thiago/Documents/spyn/qe/q-e-qe-7.3.1//UtilXlib -I/home/thiago/Documents/spyn/qe/q-e-qe-7.3.1//MBD -I/home/thiago/Documents/spyn/qe/q-e-qe-7.3.1//KS_Solvers  -c recvec.f90
rotate_wfc_gamma.f90:128:70:

   88 |   CALL DGEMM( 'T','N', nstart, my_n, npw2, 2.D0, psi, npwx2, aux(1,n_start), npwx2, 0.D0, hr(1,n_start), nstart )
      |                                                             2         
......
  128 |   CALL DGEMM( 'N','N', npw2, nbnd, my_n, 1.D0, psi(1,n_start), npwx2, vr(n_start,1), nstart, 0.D0, aux, npwx2 )
      |                                                                      1
Warning: Type mismatch between actual argument at (1) and actual argument at (2) (REAL(8)/COMPLEX(8)).
rotate_wfc_gamma.f90:128:99:

   88 |   CALL DGEMM( 'T','N', nstart, my_n, npw2, 2.D0, psi, npwx2, aux(1,n_start), npwx2, 0.D0, hr(1,n_start), nstart )
      |                                                                                          2         
......
  128 |   CALL DGEMM( 'N','N', npw2, nbnd, my_n, 1.D0, psi(1,n_start), npwx2, vr(n_start,1), nstart, 0.D0, aux, npwx2 )
      |                                                                                                   1
Warning: Type mismatch between actual argument at (1) and actual argument at (2) (COMPLEX(8)/REAL(8)).
rotate_wfc_gamma.f90:332:53:

   88 |   CALL DGEMM( 'T','N', nstart, my_n, npw2, 2.D0, psi, npwx2, aux(1,n_start), npwx2, 0.D0, hr(1,n_start), nstart )
      |                                                 2    
......
  332 |            CALL DGEMM( 'T', 'N', nr, nc, npw2, 2.D0, v(1,ir), npwx2, w(1,ic), npwx2, 0.D0, work, nx )
      |                                                     1
Warning: Element of assumed-shape or pointer array as actual argument at (1) cannot correspond to actual argument at (2)
rotate_wfc_gamma.f90:335:40:

   89 |   IF ( gstart == 2 ) call DGER( nstart, my_n, -1.D0, psi, npwx2, aux(1,n_start), npwx2, hr(1,n_start), nstart )
      |                                                     2
......
  335 |               CALL DGER( nr, nc, -1.D0, v(1,ir), npwx2, w(1,ic), npwx2, work, nx )
      |                                        1
Warning: Element of assumed-shape or pointer array as actual argument at (1) cannot correspond to actual argument at (2)
mpif90 -O2 -fallow-argument-mismatch -cpp -D__FFTW -D__MPI  -I/home/thiago/Documents/spyn/qe/q-e-qe-7.3.1//external/devxlib/src -I. -I/home/thiago/Documents/spyn/qe/q-e-qe-7.3.1//include -I/home/thiago/Documents/spyn/qe/q-e-qe-7.3.1//upflib -I/home/thiago/Documents/spyn/qe/q-e-qe-7.3.1//XClib -I/home/thiago/Documents/spyn/qe/q-e-qe-7.3.1//Modules -I/home/thiago/Documents/spyn/qe/q-e-qe-7.3.1//FFTXlib/src -I/home/thiago/Documents/spyn/qe/q-e-qe-7.3.1//LAXlib -I/home/thiago/Documents/spyn/qe/q-e-qe-7.3.1//UtilXlib -I/home/thiago/Documents/spyn/qe/q-e-qe-7.3.1//MBD -I/home/thiago/Documents/spyn/qe/q-e-qe-7.3.1//KS_Solvers  -c mp_world.f90
mpif90 -O2 -fallow-argument-mismatch -cpp -D__FFTW -D__MPI  -I/home/thiago/Documents/spyn/qe/q-e-qe-7.3.1//external/devxlib/src -I. -I/home/thiago/Documents/spyn/qe/q-e-qe-7.3.1//include -I/home/thiago/Documents/spyn/qe/q-e-qe-7.3.1//upflib -I/home/thiago/Documents/spyn/qe/q-e-qe-7.3.1//XClib -I/home/thiago/Documents/spyn/qe/q-e-qe-7.3.1//Modules -I/home/thiago/Documents/spyn/qe/q-e-qe-7.3.1//FFTXlib/src -I/home/thiago/Documents/spyn/qe/q-e-qe-7.3.1//LAXlib -I/home/thiago/Documents/spyn/qe/q-e-qe-7.3.1//UtilXlib -I/home/thiago/Documents/spyn/qe/q-e-qe-7.3.1//MBD -I/home/thiago/Documents/spyn/qe/q-e-qe-7.3.1//KS_Solvers  -c parser.f90
mpif90 -O2 -fallow-argument-mismatch -cpp -D__FFTW -D__MPI  -I/home/thiago/Documents/spyn/qe/q-e-qe-7.3.1//external/devxlib/src -I. -I/home/thiago/Documents/spyn/qe/q-e-qe-7.3.1//include -I/home/thiago/Documents/spyn/qe/q-e-qe-7.3.1//upflib -I/home/thiago/Documents/spyn/qe/q-e-qe-7.3.1//XClib -I/home/thiago/Documents/spyn/qe/q-e-qe-7.3.1//Modules -I/home/thiago/Documents/spyn/qe/q-e-qe-7.3.1//FFTXlib/src -I/home/thiago/Documents/spyn/qe/q-e-qe-7.3.1//LAXlib -I/home/thiago/Documents/spyn/qe/q-e-qe-7.3.1//UtilXlib -I/home/thiago/Documents/spyn/qe/q-e-qe-7.3.1//MBD -I/home/thiago/Documents/spyn/qe/q-e-qe-7.3.1//KS_Solvers  -c basic_algebra_routines.f90
mpif90 -O2 -fallow-argument-mismatch -cpp -D__FFTW -D__MPI  -I/home/thiago/Documents/spyn/qe/q-e-qe-7.3.1//external/devxlib/src -I. -I/home/thiago/Documents/spyn/qe/q-e-qe-7.3.1//include -I/home/thiago/Documents/spyn/qe/q-e-qe-7.3.1//upflib -I/home/thiago/Documents/spyn/qe/q-e-qe-7.3.1//XClib -I/home/thiago/Documents/spyn/qe/q-e-qe-7.3.1//Modules -I/home/thiago/Documents/spyn/qe/q-e-qe-7.3.1//FFTXlib/src -I/home/thiago/Documents/spyn/qe/q-e-qe-7.3.1//LAXlib -I/home/thiago/Documents/spyn/qe/q-e-qe-7.3.1//UtilXlib -I/home/thiago/Documents/spyn/qe/q-e-qe-7.3.1//MBD -I/home/thiago/Documents/spyn/qe/q-e-qe-7.3.1//KS_Solvers  -c noncol.f90
mpif90 -O2 -fallow-argument-mismatch -cpp -D__FFTW -D__MPI  -I/home/thiago/Documents/spyn/qe/q-e-qe-7.3.1//external/devxlib/src -I. -I/home/thiago/Documents/spyn/qe/q-e-qe-7.3.1//include -I ../../LAXlib -I ../../UtilXlib -I ../../Modules -I. -c rotate_wfc_k.f90
mpif90 -O2 -fallow-argument-mismatch -cpp -D__FFTW -D__MPI  -I/home/thiago/Documents/spyn/qe/q-e-qe-7.3.1//external/devxlib/src -I. -I/home/thiago/Documents/spyn/qe/q-e-qe-7.3.1//include -I/home/thiago/Documents/spyn/qe/q-e-qe-7.3.1//upflib -I/home/thiago/Documents/spyn/qe/q-e-qe-7.3.1//XClib -I/home/thiago/Documents/spyn/qe/q-e-qe-7.3.1//Modules -I/home/thiago/Documents/spyn/qe/q-e-qe-7.3.1//FFTXlib/src -I/home/thiago/Documents/spyn/qe/q-e-qe-7.3.1//LAXlib -I/home/thiago/Documents/spyn/qe/q-e-qe-7.3.1//UtilXlib -I/home/thiago/Documents/spyn/qe/q-e-qe-7.3.1//MBD -I/home/thiago/Documents/spyn/qe/q-e-qe-7.3.1//KS_Solvers  -c io_files.f90
mpif90 -O2 -fallow-argument-mismatch -cpp -D__FFTW -D__MPI  -I/home/thiago/Documents/spyn/qe/q-e-qe-7.3.1//external/devxlib/src -I. -I/home/thiago/Documents/spyn/qe/q-e-qe-7.3.1//include -I/home/thiago/Documents/spyn/qe/q-e-qe-7.3.1//upflib -I/home/thiago/Documents/spyn/qe/q-e-qe-7.3.1//XClib -I/home/thiago/Documents/spyn/qe/q-e-qe-7.3.1//Modules -I/home/thiago/Documents/spyn/qe/q-e-qe-7.3.1//FFTXlib/src -I/home/thiago/Documents/spyn/qe/q-e-qe-7.3.1//LAXlib -I/home/thiago/Documents/spyn/qe/q-e-qe-7.3.1//UtilXlib -I/home/thiago/Documents/spyn/qe/q-e-qe-7.3.1//MBD -I/home/thiago/Documents/spyn/qe/q-e-qe-7.3.1//KS_Solvers  -c bspline.f90
rotate_wfc_k.f90:327:64:

   87 |   call ZGEMM( 'C','N', nstart, my_n, kdim, (1.D0,0.D0), psi, kdmx, aux(1,n_start), kdmx, (0.D0,0.D0), hc(1,n_start), nstart )
      |                                                        2        
......
  327 |            CALL ZGEMM( 'C', 'N', nr, nc, kdim, ( 1.D0, 0.D0 ),  v(1,ir), kdmx, w(1,ic), kdmx, ( 0.D0, 0.D0 ), work, nx )
      |                                                                1
Warning: Element of assumed-shape or pointer array as actual argument at (1) cannot correspond to actual argument at (2)
mpif90 -O2 -fallow-argument-mismatch -cpp -D__FFTW -D__MPI  -I/home/thiago/Documents/spyn/qe/q-e-qe-7.3.1//external/devxlib/src -I. -I/home/thiago/Documents/spyn/qe/q-e-qe-7.3.1//include -I ../../LAXlib -I ../../UtilXlib -I ../../Modules -I. -c rotate_driver.f90
mpif90 -O2 -fallow-argument-mismatch -cpp -D__FFTW -D__MPI  -I/home/thiago/Documents/spyn/qe/q-e-qe-7.3.1//external/devxlib/src -I. -I/home/thiago/Documents/spyn/qe/q-e-qe-7.3.1//include -I ../../LAXlib -I ../../UtilXlib -I ../../Modules -I. -c rotate_wfc_gamma_gpu.f90
mpif90 -O2 -fallow-argument-mismatch -cpp -D__FFTW -D__MPI  -I/home/thiago/Documents/spyn/qe/q-e-qe-7.3.1//external/devxlib/src -I. -I/home/thiago/Documents/spyn/qe/q-e-qe-7.3.1//include -I ../../LAXlib -I ../../UtilXlib -I ../../Modules -I. -c rotate_wfc_k_gpu.f90
rotate_wfc_gamma_gpu.f90:107:95:

  107 |                                       npwx2, aux_d(1,n_start), npwx2, hr_d(1,n_start), nstart )
      |                                                                                               1
Warning: Type mismatch in argument ‘x’ at (1); passed COMPLEX(8) to REAL(8)
rotate_wfc_gamma_gpu.f90:107:95:

  107 |                                       npwx2, aux_d(1,n_start), npwx2, hr_d(1,n_start), nstart )
      |                                                                                               1
Warning: Type mismatch in argument ‘y’ at (1); passed COMPLEX(8) to REAL(8)
rotate_wfc_gamma_gpu.f90:121:98:

  121 |                                          npwx2, aux_d(1,n_start), npwx2, sr_d(1,n_start), nstart )
      |                                                                                                  1
Warning: Type mismatch in argument ‘x’ at (1); passed COMPLEX(8) to REAL(8)
rotate_wfc_gamma_gpu.f90:121:98:

  121 |                                          npwx2, aux_d(1,n_start), npwx2, sr_d(1,n_start), nstart )
      |                                                                                                  1
Warning: Type mismatch in argument ‘y’ at (1); passed COMPLEX(8) to REAL(8)
rotate_wfc_gamma_gpu.f90:129:98:

  129 |                                          npwx2, psi_d(1,n_start), npwx2, sr_d(1,n_start), nstart )
      |                                                                                                  1
Warning: Type mismatch in argument ‘x’ at (1); passed COMPLEX(8) to REAL(8)
rotate_wfc_gamma_gpu.f90:129:98:

  129 |                                          npwx2, psi_d(1,n_start), npwx2, sr_d(1,n_start), nstart )
      |                                                                                                  1
Warning: Type mismatch in argument ‘y’ at (1); passed COMPLEX(8) to REAL(8)
rotate_wfc_gamma_gpu.f90:154:28:

  105 |                     npwx2, aux_d(1,n_start), npwx2, 0.D0, hr_d(1,n_start), nstart )
      |                           2 
......
  154 |                      npwx2, vr_d(n_start,1), nstart, 0.D0, aux_d, npwx2 )
      |                            1
Warning: Type mismatch between actual argument at (1) and actual argument at (2) (REAL(8)/COMPLEX(8)).
rotate_wfc_gamma_gpu.f90:154:59:

  105 |                     npwx2, aux_d(1,n_start), npwx2, 0.D0, hr_d(1,n_start), nstart )
      |                                                          2 
......
  154 |                      npwx2, vr_d(n_start,1), nstart, 0.D0, aux_d, npwx2 )
      |                                                           1
Warning: Type mismatch between actual argument at (1) and actual argument at (2) (COMPLEX(8)/REAL(8)).
mpif90 -O2 -fallow-argument-mismatch -cpp -D__FFTW -D__MPI  -I/home/thiago/Documents/spyn/qe/q-e-qe-7.3.1//external/devxlib/src -I. -I/home/thiago/Documents/spyn/qe/q-e-qe-7.3.1//include -I/home/thiago/Documents/spyn/qe/q-e-qe-7.3.1//upflib -I/home/thiago/Documents/spyn/qe/q-e-qe-7.3.1//XClib -I/home/thiago/Documents/spyn/qe/q-e-qe-7.3.1//Modules -I/home/thiago/Documents/spyn/qe/q-e-qe-7.3.1//FFTXlib/src -I/home/thiago/Documents/spyn/qe/q-e-qe-7.3.1//LAXlib -I/home/thiago/Documents/spyn/qe/q-e-qe-7.3.1//UtilXlib -I/home/thiago/Documents/spyn/qe/q-e-qe-7.3.1//MBD -I/home/thiago/Documents/spyn/qe/q-e-qe-7.3.1//KS_Solvers  -c bz_form.f90
mpif90 -O2 -fallow-argument-mismatch -cpp -D__FFTW -D__MPI  -I/home/thiago/Documents/spyn/qe/q-e-qe-7.3.1//external/devxlib/src -I. -I/home/thiago/Documents/spyn/qe/q-e-qe-7.3.1//include -I/home/thiago/Documents/spyn/qe/q-e-qe-7.3.1//upflib -I/home/thiago/Documents/spyn/qe/q-e-qe-7.3.1//XClib -I/home/thiago/Documents/spyn/qe/q-e-qe-7.3.1//Modules -I/home/thiago/Documents/spyn/qe/q-e-qe-7.3.1//FFTXlib/src -I/home/thiago/Documents/spyn/qe/q-e-qe-7.3.1//LAXlib -I/home/thiago/Documents/spyn/qe/q-e-qe-7.3.1//UtilXlib -I/home/thiago/Documents/spyn/qe/q-e-qe-7.3.1//MBD -I/home/thiago/Documents/spyn/qe/q-e-qe-7.3.1//KS_Solvers  -c set_signal.f90
mpif90 -O2 -fallow-argument-mismatch -cpp -D__FFTW -D__MPI  -I/home/thiago/Documents/spyn/qe/q-e-qe-7.3.1//external/devxlib/src -I. -I/home/thiago/Documents/spyn/qe/q-e-qe-7.3.1//include -I ../../LAXlib -I ../../UtilXlib -I ../../Modules -I. -c rotate_driver_cuf.f90
mpif90 -O2 -fallow-argument-mismatch -cpp -D__FFTW -D__MPI  -I/home/thiago/Documents/spyn/qe/q-e-qe-7.3.1//external/devxlib/src -I. -I/home/thiago/Documents/spyn/qe/q-e-qe-7.3.1//include -I ../../LAXlib -I ../../UtilXlib -I ../../Modules -I. -c rotate_xpsi_k.f90
mpif90 -O2 -fallow-argument-mismatch -cpp -D__FFTW -D__MPI  -I/home/thiago/Documents/spyn/qe/q-e-qe-7.3.1//external/devxlib/src -I. -I/home/thiago/Documents/spyn/qe/q-e-qe-7.3.1//include -I ../../LAXlib -I ../../UtilXlib -I ../../Modules -I. -c rotate_xpsi_k_gpu.f90
rotate_xpsi_k.f90:422:64:

  110 |               psi, kdmx, hpsi(1,n_start), kdmx, (0.D0, 0.D0), hc(1,n_start), nstart )
      |              2                                                  
......
  422 |            CALL ZGEMM( 'C', 'N', nr, nc, kdim, ( 1.D0, 0.D0 ),  v(1,ir), kdmx, w(1,ic), kdmx, ( 0.D0, 0.D0 ), work, nx )
      |                                                                1
Warning: Element of assumed-shape or pointer array as actual argument at (1) cannot correspond to actual argument at (2)
mpif90 -O2 -fallow-argument-mismatch -cpp -D__FFTW -D__MPI  -I/home/thiago/Documents/spyn/qe/q-e-qe-7.3.1//external/devxlib/src -I. -I/home/thiago/Documents/spyn/qe/q-e-qe-7.3.1//include -I/home/thiago/Documents/spyn/qe/q-e-qe-7.3.1//upflib -I/home/thiago/Documents/spyn/qe/q-e-qe-7.3.1//XClib -I/home/thiago/Documents/spyn/qe/q-e-qe-7.3.1//Modules -I/home/thiago/Documents/spyn/qe/q-e-qe-7.3.1//FFTXlib/src -I/home/thiago/Documents/spyn/qe/q-e-qe-7.3.1//LAXlib -I/home/thiago/Documents/spyn/qe/q-e-qe-7.3.1//UtilXlib -I/home/thiago/Documents/spyn/qe/q-e-qe-7.3.1//MBD -I/home/thiago/Documents/spyn/qe/q-e-qe-7.3.1//KS_Solvers  -c command_line_options.f90
mpif90 -O2 -fallow-argument-mismatch -cpp -D__FFTW -D__MPI  -I/home/thiago/Documents/spyn/qe/q-e-qe-7.3.1//external/devxlib/src -I. -I/home/thiago/Documents/spyn/qe/q-e-qe-7.3.1//include -I ../../LAXlib -I ../../UtilXlib -I ../../Modules -I. -c rotate_xpsi_gamma.f90
mpif90 -O2 -fallow-argument-mismatch -cpp -D__FFTW -D__MPI  -I/home/thiago/Documents/spyn/qe/q-e-qe-7.3.1//external/devxlib/src -I. -I/home/thiago/Documents/spyn/qe/q-e-qe-7.3.1//include -I/home/thiago/Documents/spyn/qe/q-e-qe-7.3.1//upflib -I/home/thiago/Documents/spyn/qe/q-e-qe-7.3.1//XClib -I/home/thiago/Documents/spyn/qe/q-e-qe-7.3.1//Modules -I/home/thiago/Documents/spyn/qe/q-e-qe-7.3.1//FFTXlib/src -I/home/thiago/Documents/spyn/qe/q-e-qe-7.3.1//LAXlib -I/home/thiago/Documents/spyn/qe/q-e-qe-7.3.1//UtilXlib -I/home/thiago/Documents/spyn/qe/q-e-qe-7.3.1//MBD -I/home/thiago/Documents/spyn/qe/q-e-qe-7.3.1//KS_Solvers  -c random_numbers.f90
rotate_xpsi_gamma.f90:176:42:

  111 |               psi, npwx2, hpsi(1,n_start), npwx2, 0.D0, hr(1,n_start), nstart )
      |                          2                
......
  176 |                  tpsi(1,n_start), npwx2,  vr(n_start,1), nstart, 0.D0, evc,  npwx2 )
      |                                          1
Warning: Type mismatch between actual argument at (1) and actual argument at (2) (REAL(8)/COMPLEX(8)).
rotate_xpsi_gamma.f90:176:71:

  111 |               psi, npwx2, hpsi(1,n_start), npwx2, 0.D0, hr(1,n_start), nstart )
      |                                                        2               
......
  176 |                  tpsi(1,n_start), npwx2,  vr(n_start,1), nstart, 0.D0, evc,  npwx2 )
      |                                                                       1
Warning: Type mismatch between actual argument at (1) and actual argument at (2) (COMPLEX(8)/REAL(8)).
rotate_xpsi_gamma.f90:431:53:

  111 |               psi, npwx2, hpsi(1,n_start), npwx2, 0.D0, hr(1,n_start), nstart )
      |              2                                       
......
  431 |            CALL DGEMM( 'T', 'N', nr, nc, npw2, 2.D0, v(1,ir), npwx2, w(1,ic), npwx2, 0.D0, work, nx )
      |                                                     1
Warning: Element of assumed-shape or pointer array as actual argument at (1) cannot correspond to actual argument at (2)
rotate_xpsi_gamma.f90:434:40:

  114 |   CALL DGER( nstart, my_n, -1.D0, psi, npwx2, hpsi(1,n_start), npwx2, hr(1,n_start), nstart )
      |                                  2      
......
  434 |               CALL DGER( nr, nc, -1.D0, v(1,ir), npwx2, w(1,ic), npwx2, work, nx )
      |                                        1
Warning: Element of assumed-shape or pointer array as actual argument at (1) cannot correspond to actual argument at (2)
mpif90 -O2 -fallow-argument-mismatch -cpp -D__FFTW -D__MPI  -I/home/thiago/Documents/spyn/qe/q-e-qe-7.3.1//external/devxlib/src -I. -I/home/thiago/Documents/spyn/qe/q-e-qe-7.3.1//include -I ../../LAXlib -I ../../UtilXlib -I ../../Modules -I. -c rotate_xpsi_gamma_gpu.f90
rotate_xpsi_gamma_gpu.f90:194:44:

  126 |                     npwx2, hpsi_d(1,n_start), npwx2, 0.D0, hr_d(1,n_start), nstart )
      |                           2                 
......
  194 |                  tpsi_d(1,n_start), npwx2,  vr_d(n_start,1), nstart, 0.D0, evc_d,  npwx2 )
      |                                            1
Warning: Type mismatch between actual argument at (1) and actual argument at (2) (REAL(8)/COMPLEX(8)).
rotate_xpsi_gamma_gpu.f90:194:75:

  126 |                     npwx2, hpsi_d(1,n_start), npwx2, 0.D0, hr_d(1,n_start), nstart )
      |                                                           2                
......
  194 |                  tpsi_d(1,n_start), npwx2,  vr_d(n_start,1), nstart, 0.D0, evc_d,  npwx2 )
      |                                                                           1
Warning: Type mismatch between actual argument at (1) and actual argument at (2) (COMPLEX(8)/REAL(8)).
mpif90 -O2 -fallow-argument-mismatch -cpp -D__FFTW -D__MPI  -I/home/thiago/Documents/spyn/qe/q-e-qe-7.3.1//external/devxlib/src -I. -I/home/thiago/Documents/spyn/qe/q-e-qe-7.3.1//include -I ../../LAXlib -I ../../UtilXlib -I ../../Modules -I. -c gram_schmidt_gamma.f90
gram_schmidt_gamma.f90:358:16:

  336 |                    spsi(1,jbnd_start), npwx2, 0._DP, sr(ibnd_start,jbnd_start), ibnd_size )
      |                   2
......
  358 |                 sr(ibnd_start,jbnd_start), ibnd_size, 1._DP, phi(1,jbnd_start), npwx2 )
      |                1
Warning: Type mismatch between actual argument at (1) and actual argument at (2) (REAL(8)/COMPLEX(8)).
gram_schmidt_gamma.f90:358:61:

  336 |                    spsi(1,jbnd_start), npwx2, 0._DP, sr(ibnd_start,jbnd_start), ibnd_size )
      |                                                     2        
......
  358 |                 sr(ibnd_start,jbnd_start), ibnd_size, 1._DP, phi(1,jbnd_start), npwx2 )
      |                                                             1
Warning: Type mismatch between actual argument at (1) and actual argument at (2) (COMPLEX(8)/REAL(8)).
gram_schmidt_gamma.f90:233:22:

  211 |                          spsi(1,ibnd), 1, 0._DP, sr(ibnd_start), 1 )
      |                         2
......
  233 |                       sr(ibnd_start), 1, 1._DP, phi(1,ibnd), 1 )
      |                      1
Warning: Type mismatch between actual argument at (1) and actual argument at (2) (REAL(8)/COMPLEX(8)).
gram_schmidt_gamma.f90:233:48:

  211 |                          spsi(1,ibnd), 1, 0._DP, sr(ibnd_start), 1 )
      |                                                 2
......
  233 |                       sr(ibnd_start), 1, 1._DP, phi(1,ibnd), 1 )
      |                                                1
Warning: Type mismatch between actual argument at (1) and actual argument at (2) (COMPLEX(8)/REAL(8)).
mpif90 -O2 -fallow-argument-mismatch -cpp -D__FFTW -D__MPI  -I/home/thiago/Documents/spyn/qe/q-e-qe-7.3.1//external/devxlib/src -I. -I/home/thiago/Documents/spyn/qe/q-e-qe-7.3.1//include -I/home/thiago/Documents/spyn/qe/q-e-qe-7.3.1//upflib -I/home/thiago/Documents/spyn/qe/q-e-qe-7.3.1//XClib -I/home/thiago/Documents/spyn/qe/q-e-qe-7.3.1//Modules -I/home/thiago/Documents/spyn/qe/q-e-qe-7.3.1//FFTXlib/src -I/home/thiago/Documents/spyn/qe/q-e-qe-7.3.1//LAXlib -I/home/thiago/Documents/spyn/qe/q-e-qe-7.3.1//UtilXlib -I/home/thiago/Documents/spyn/qe/q-e-qe-7.3.1//MBD -I/home/thiago/Documents/spyn/qe/q-e-qe-7.3.1//KS_Solvers  -c electrons_base.f90
mpif90 -O2 -fallow-argument-mismatch -cpp -D__FFTW -D__MPI  -I/home/thiago/Documents/spyn/qe/q-e-qe-7.3.1//external/devxlib/src -I. -I/home/thiago/Documents/spyn/qe/q-e-qe-7.3.1//include -I/home/thiago/Documents/spyn/qe/q-e-qe-7.3.1//upflib -I/home/thiago/Documents/spyn/qe/q-e-qe-7.3.1//XClib -I/home/thiago/Documents/spyn/qe/q-e-qe-7.3.1//Modules -I/home/thiago/Documents/spyn/qe/q-e-qe-7.3.1//FFTXlib/src -I/home/thiago/Documents/spyn/qe/q-e-qe-7.3.1//LAXlib -I/home/thiago/Documents/spyn/qe/q-e-qe-7.3.1//UtilXlib -I/home/thiago/Documents/spyn/qe/q-e-qe-7.3.1//MBD -I/home/thiago/Documents/spyn/qe/q-e-qe-7.3.1//KS_Solvers  -c fox_init_module.f90
mpif90 -O2 -fallow-argument-mismatch -cpp -D__FFTW -D__MPI  -I/home/thiago/Documents/spyn/qe/q-e-qe-7.3.1//external/devxlib/src -I. -I/home/thiago/Documents/spyn/qe/q-e-qe-7.3.1//include -I ../../LAXlib -I ../../UtilXlib -I ../../Modules -I. -c gram_schmidt_k.f90
mpif90 -O2 -fallow-argument-mismatch -cpp -D__FFTW -D__MPI  -I/home/thiago/Documents/spyn/qe/q-e-qe-7.3.1//external/devxlib/src -I. -I/home/thiago/Documents/spyn/qe/q-e-qe-7.3.1//include -I/home/thiago/Documents/spyn/qe/q-e-qe-7.3.1//upflib -I/home/thiago/Documents/spyn/qe/q-e-qe-7.3.1//XClib -I/home/thiago/Documents/spyn/qe/q-e-qe-7.3.1//Modules -I/home/thiago/Documents/spyn/qe/q-e-qe-7.3.1//FFTXlib/src -I/home/thiago/Documents/spyn/qe/q-e-qe-7.3.1//LAXlib -I/home/thiago/Documents/spyn/qe/q-e-qe-7.3.1//UtilXlib -I/home/thiago/Documents/spyn/qe/q-e-qe-7.3.1//MBD -I/home/thiago/Documents/spyn/qe/q-e-qe-7.3.1//KS_Solvers  -c fft_rho.f90
mpif90 -O2 -fallow-argument-mismatch -cpp -D__FFTW -D__MPI  -I/home/thiago/Documents/spyn/qe/q-e-qe-7.3.1//external/devxlib/src -I. -I/home/thiago/Documents/spyn/qe/q-e-qe-7.3.1//include -I ../../LAXlib -I ../../UtilXlib -I ../../Modules -I. -c gram_schmidt_gamma_gpu.f90
mpif90 -O2 -fallow-argument-mismatch -cpp -D__FFTW -D__MPI  -I/home/thiago/Documents/spyn/qe/q-e-qe-7.3.1//external/devxlib/src -I. -I/home/thiago/Documents/spyn/qe/q-e-qe-7.3.1//include -I/home/thiago/Documents/spyn/qe/q-e-qe-7.3.1//upflib -I/home/thiago/Documents/spyn/qe/q-e-qe-7.3.1//XClib -I/home/thiago/Documents/spyn/qe/q-e-qe-7.3.1//Modules -I/home/thiago/Documents/spyn/qe/q-e-qe-7.3.1//FFTXlib/src -I/home/thiago/Documents/spyn/qe/q-e-qe-7.3.1//LAXlib -I/home/thiago/Documents/spyn/qe/q-e-qe-7.3.1//UtilXlib -I/home/thiago/Documents/spyn/qe/q-e-qe-7.3.1//MBD -I/home/thiago/Documents/spyn/qe/q-e-qe-7.3.1//KS_Solvers  -c fft_wave.f90
mpif90 -O2 -fallow-argument-mismatch -cpp -D__FFTW -D__MPI  -I/home/thiago/Documents/spyn/qe/q-e-qe-7.3.1//external/devxlib/src -I. -I/home/thiago/Documents/spyn/qe/q-e-qe-7.3.1//include -I ../../LAXlib -I ../../UtilXlib -I ../../Modules -I. -c gram_schmidt_k_gpu.f90
mpif90 -O2 -fallow-argument-mismatch -cpp -D__FFTW -D__MPI  -I/home/thiago/Documents/spyn/qe/q-e-qe-7.3.1//external/devxlib/src -I. -I/home/thiago/Documents/spyn/qe/q-e-qe-7.3.1//include -I/home/thiago/Documents/spyn/qe/q-e-qe-7.3.1//upflib -I/home/thiago/Documents/spyn/qe/q-e-qe-7.3.1//XClib -I/home/thiago/Documents/spyn/qe/q-e-qe-7.3.1//Modules -I/home/thiago/Documents/spyn/qe/q-e-qe-7.3.1//FFTXlib/src -I/home/thiago/Documents/spyn/qe/q-e-qe-7.3.1//LAXlib -I/home/thiago/Documents/spyn/qe/q-e-qe-7.3.1//UtilXlib -I/home/thiago/Documents/spyn/qe/q-e-qe-7.3.1//MBD -I/home/thiago/Documents/spyn/qe/q-e-qe-7.3.1//KS_Solvers  -c gvecw.f90
mpif90 -O2 -fallow-argument-mismatch -cpp -D__FFTW -D__MPI  -I/home/thiago/Documents/spyn/qe/q-e-qe-7.3.1//external/devxlib/src -I. -I/home/thiago/Documents/spyn/qe/q-e-qe-7.3.1//include -I/home/thiago/Documents/spyn/qe/q-e-qe-7.3.1//upflib -I/home/thiago/Documents/spyn/qe/q-e-qe-7.3.1//XClib -I/home/thiago/Documents/spyn/qe/q-e-qe-7.3.1//Modules -I/home/thiago/Documents/spyn/qe/q-e-qe-7.3.1//FFTXlib/src -I/home/thiago/Documents/spyn/qe/q-e-qe-7.3.1//LAXlib -I/home/thiago/Documents/spyn/qe/q-e-qe-7.3.1//UtilXlib -I/home/thiago/Documents/spyn/qe/q-e-qe-7.3.1//MBD -I/home/thiago/Documents/spyn/qe/q-e-qe-7.3.1//KS_Solvers  -c mp_exx.f90
mpif90 -O2 -fallow-argument-mismatch -cpp -D__FFTW -D__MPI  -I/home/thiago/Documents/spyn/qe/q-e-qe-7.3.1//external/devxlib/src -I. -I/home/thiago/Documents/spyn/qe/q-e-qe-7.3.1//include -I/home/thiago/Documents/spyn/qe/q-e-qe-7.3.1//upflib -I/home/thiago/Documents/spyn/qe/q-e-qe-7.3.1//XClib -I/home/thiago/Documents/spyn/qe/q-e-qe-7.3.1//Modules -I/home/thiago/Documents/spyn/qe/q-e-qe-7.3.1//FFTXlib/src -I/home/thiago/Documents/spyn/qe/q-e-qe-7.3.1//LAXlib -I/home/thiago/Documents/spyn/qe/q-e-qe-7.3.1//UtilXlib -I/home/thiago/Documents/spyn/qe/q-e-qe-7.3.1//MBD -I/home/thiago/Documents/spyn/qe/q-e-qe-7.3.1//KS_Solvers  -c mp_global.f90
mpif90 -O2 -fallow-argument-mismatch -cpp -D__FFTW -D__MPI  -I/home/thiago/Documents/spyn/qe/q-e-qe-7.3.1//external/devxlib/src -I. -I/home/thiago/Documents/spyn/qe/q-e-qe-7.3.1//include -I/home/thiago/Documents/spyn/qe/q-e-qe-7.3.1//upflib -I/home/thiago/Documents/spyn/qe/q-e-qe-7.3.1//XClib -I/home/thiago/Documents/spyn/qe/q-e-qe-7.3.1//Modules -I/home/thiago/Documents/spyn/qe/q-e-qe-7.3.1//FFTXlib/src -I/home/thiago/Documents/spyn/qe/q-e-qe-7.3.1//LAXlib -I/home/thiago/Documents/spyn/qe/q-e-qe-7.3.1//UtilXlib -I/home/thiago/Documents/spyn/qe/q-e-qe-7.3.1//MBD -I/home/thiago/Documents/spyn/qe/q-e-qe-7.3.1//KS_Solvers  -c printout_base.f90
mpif90 -O2 -fallow-argument-mismatch -cpp -D__FFTW -D__MPI  -I/home/thiago/Documents/spyn/qe/q-e-qe-7.3.1//external/devxlib/src -I. -I/home/thiago/Documents/spyn/qe/q-e-qe-7.3.1//include -I/home/thiago/Documents/spyn/qe/q-e-qe-7.3.1//upflib -I/home/thiago/Documents/spyn/qe/q-e-qe-7.3.1//XClib -I/home/thiago/Documents/spyn/qe/q-e-qe-7.3.1//Modules -I/home/thiago/Documents/spyn/qe/q-e-qe-7.3.1//FFTXlib/src -I/home/thiago/Documents/spyn/qe/q-e-qe-7.3.1//LAXlib -I/home/thiago/Documents/spyn/qe/q-e-qe-7.3.1//UtilXlib -I/home/thiago/Documents/spyn/qe/q-e-qe-7.3.1//MBD -I/home/thiago/Documents/spyn/qe/q-e-qe-7.3.1//KS_Solvers  -c pw_dot.f90
ar ruv libdense.a rotate_HSpsi_gamma.o rotate_HSpsi_k.o rotate_wfc_gamma.o rotate_wfc_k.o rotate_driver.o rotate_wfc_gamma_gpu.o rotate_wfc_k_gpu.o rotate_driver_cuf.o rotate_xpsi_k.o rotate_xpsi_k_gpu.o rotate_xpsi_gamma.o rotate_xpsi_gamma_gpu.o gram_schmidt_gamma.o gram_schmidt_k.o gram_schmidt_gamma_gpu.o gram_schmidt_k_gpu.o       
ar: `u' modifier ignored since `D' is the default (see `U')
ar: creating libdense.a
a - rotate_HSpsi_gamma.o
a - rotate_HSpsi_k.o
a - rotate_wfc_gamma.o
a - rotate_wfc_k.o
a - rotate_driver.o
a - rotate_wfc_gamma_gpu.o
a - rotate_wfc_k_gpu.o
a - rotate_driver_cuf.o
a - rotate_xpsi_k.o
a - rotate_xpsi_k_gpu.o
a - rotate_xpsi_gamma.o
a - rotate_xpsi_gamma_gpu.o
a - gram_schmidt_gamma.o
a - gram_schmidt_k.o
a - gram_schmidt_gamma_gpu.o
a - gram_schmidt_k_gpu.o
ranlib libdense.a    
make[2]: Leaving directory '/home/thiago/Documents/spyn/qe/q-e-qe-7.3.1/KS_Solvers/DENSE'
if test -d NewSolver ; then \
        ( cd NewSolver ; make all || exit 1 ) ; fi
ar ruv libks_solvers.a Davidson_RCI/david_rci.o Davidson/cegterg.o Davidson/regterg.o CG/ccgdiagg.o CG/rcgdiagg.o PPCG/generic_cublas.o PPCG/ppcg_gamma.o PPCG/ppcg_k.o ParO/bpcg_gamma.o ParO/bpcg_k.o ParO/paro_gamma.o ParO/pcg_gamma.o ParO/paro_k.o ParO/pcg_k.o ParO/paro_gamma_new.o ParO/paro_k_new.o DENSE/rotate_HSpsi_gamma.o DENSE/rotate_HSpsi_k.o DENSE/rotate_wfc_gamma.o DENSE/rotate_wfc_k.o DENSE/rotate_driver.o DENSE/gram_schmidt_gamma.o DENSE/gram_schmidt_k.o DENSE/gram_schmidt_k_gpu.o DENSE/gram_schmidt_gamma_gpu.o DENSE/rotate_xpsi_gamma.o DENSE/rotate_xpsi_gamma_gpu.o DENSE/rotate_xpsi_k_gpu.o DENSE/rotate_xpsi_k.o RMM/crmmdiagg.o RMM/crmmdiagg_gpu.o RMM/rrmmdiagg.o RMM/rrmmdiagg_gpu.o Davidson/cegterg_gpu.o Davidson/regterg_gpu.o DENSE/rotate_wfc_k_gpu.o DENSE/rotate_wfc_gamma_gpu.o DENSE/rotate_driver_cuf.o CG/rcgdiagg_gpu.o CG/ccgdiagg_gpu.o PPCG/ppcg_gamma_gpu.o PPCG/ppcg_k_gpu.o
ar: `u' modifier ignored since `D' is the default (see `U')
ar: creating libks_solvers.a
a - Davidson_RCI/david_rci.o
a - Davidson/cegterg.o
a - Davidson/regterg.o
a - CG/ccgdiagg.o
a - CG/rcgdiagg.o
a - PPCG/generic_cublas.o
a - PPCG/ppcg_gamma.o
a - PPCG/ppcg_k.o
a - ParO/bpcg_gamma.o
a - ParO/bpcg_k.o
a - ParO/paro_gamma.o
a - ParO/pcg_gamma.o
a - ParO/paro_k.o
a - ParO/pcg_k.o
a - ParO/paro_gamma_new.o
a - ParO/paro_k_new.o
a - DENSE/rotate_HSpsi_gamma.o
a - DENSE/rotate_HSpsi_k.o
a - DENSE/rotate_wfc_gamma.o
a - DENSE/rotate_wfc_k.o
a - DENSE/rotate_driver.o
a - DENSE/gram_schmidt_gamma.o
a - DENSE/gram_schmidt_k.o
a - DENSE/gram_schmidt_k_gpu.o
a - DENSE/gram_schmidt_gamma_gpu.o
a - DENSE/rotate_xpsi_gamma.o
a - DENSE/rotate_xpsi_gamma_gpu.o
a - DENSE/rotate_xpsi_k_gpu.o
a - DENSE/rotate_xpsi_k.o
a - RMM/crmmdiagg.o
a - RMM/crmmdiagg_gpu.o
a - RMM/rrmmdiagg.o
a - RMM/rrmmdiagg_gpu.o
a - Davidson/cegterg_gpu.o
a - Davidson/regterg_gpu.o
a - DENSE/rotate_wfc_k_gpu.o
a - DENSE/rotate_wfc_gamma_gpu.o
a - DENSE/rotate_driver_cuf.o
a - CG/rcgdiagg_gpu.o
a - CG/ccgdiagg_gpu.o
a - PPCG/ppcg_gamma_gpu.o
a - PPCG/ppcg_k_gpu.o
mpif90 -O2 -fallow-argument-mismatch -cpp -D__FFTW -D__MPI  -I/home/thiago/Documents/spyn/qe/q-e-qe-7.3.1//external/devxlib/src -I. -I/home/thiago/Documents/spyn/qe/q-e-qe-7.3.1//include -I/home/thiago/Documents/spyn/qe/q-e-qe-7.3.1//upflib -I/home/thiago/Documents/spyn/qe/q-e-qe-7.3.1//XClib -I/home/thiago/Documents/spyn/qe/q-e-qe-7.3.1//Modules -I/home/thiago/Documents/spyn/qe/q-e-qe-7.3.1//FFTXlib/src -I/home/thiago/Documents/spyn/qe/q-e-qe-7.3.1//LAXlib -I/home/thiago/Documents/spyn/qe/q-e-qe-7.3.1//UtilXlib -I/home/thiago/Documents/spyn/qe/q-e-qe-7.3.1//MBD -I/home/thiago/Documents/spyn/qe/q-e-qe-7.3.1//KS_Solvers  -c recvec_subs.f90
ranlib libks_solvers.a
mpif90 -O2 -fallow-argument-mismatch -cpp -D__FFTW -D__MPI  -I/home/thiago/Documents/spyn/qe/q-e-qe-7.3.1//external/devxlib/src -I. -I/home/thiago/Documents/spyn/qe/q-e-qe-7.3.1//include -I/home/thiago/Documents/spyn/qe/q-e-qe-7.3.1//upflib -I/home/thiago/Documents/spyn/qe/q-e-qe-7.3.1//XClib -I/home/thiago/Documents/spyn/qe/q-e-qe-7.3.1//Modules -I/home/thiago/Documents/spyn/qe/q-e-qe-7.3.1//FFTXlib/src -I/home/thiago/Documents/spyn/qe/q-e-qe-7.3.1//LAXlib -I/home/thiago/Documents/spyn/qe/q-e-qe-7.3.1//UtilXlib -I/home/thiago/Documents/spyn/qe/q-e-qe-7.3.1//MBD -I/home/thiago/Documents/spyn/qe/q-e-qe-7.3.1//KS_Solvers  -c ws_base.f90
mpif90 -O2 -fallow-argument-mismatch -cpp -D__FFTW -D__MPI  -I/home/thiago/Documents/spyn/qe/q-e-qe-7.3.1//external/devxlib/src -I. -I/home/thiago/Documents/spyn/qe/q-e-qe-7.3.1//include -I/home/thiago/Documents/spyn/qe/q-e-qe-7.3.1//upflib -I/home/thiago/Documents/spyn/qe/q-e-qe-7.3.1//XClib -I/home/thiago/Documents/spyn/qe/q-e-qe-7.3.1//Modules -I/home/thiago/Documents/spyn/qe/q-e-qe-7.3.1//FFTXlib/src -I/home/thiago/Documents/spyn/qe/q-e-qe-7.3.1//LAXlib -I/home/thiago/Documents/spyn/qe/q-e-qe-7.3.1//UtilXlib -I/home/thiago/Documents/spyn/qe/q-e-qe-7.3.1//MBD -I/home/thiago/Documents/spyn/qe/q-e-qe-7.3.1//KS_Solvers  -c io_base.f90
cpp -P -traditional -Uvector -D__FFTW -D__MPI -I. -I/home/thiago/Documents/spyn/qe/q-e-qe-7.3.1//include ks_solver_interfaces.h -o ks_solver_interfaces.fh
make[1]: Leaving directory '/home/thiago/Documents/spyn/qe/q-e-qe-7.3.1/KS_Solvers'
mpif90 -O2 -fallow-argument-mismatch -cpp -D__FFTW -D__MPI  -I/home/thiago/Documents/spyn/qe/q-e-qe-7.3.1//external/devxlib/src -I. -I/home/thiago/Documents/spyn/qe/q-e-qe-7.3.1//include -I/home/thiago/Documents/spyn/qe/q-e-qe-7.3.1//upflib -I/home/thiago/Documents/spyn/qe/q-e-qe-7.3.1//XClib -I/home/thiago/Documents/spyn/qe/q-e-qe-7.3.1//Modules -I/home/thiago/Documents/spyn/qe/q-e-qe-7.3.1//FFTXlib/src -I/home/thiago/Documents/spyn/qe/q-e-qe-7.3.1//LAXlib -I/home/thiago/Documents/spyn/qe/q-e-qe-7.3.1//UtilXlib -I/home/thiago/Documents/spyn/qe/q-e-qe-7.3.1//MBD -I/home/thiago/Documents/spyn/qe/q-e-qe-7.3.1//KS_Solvers  -c qes_bcast_module.f90
mpif90 -O2 -fallow-argument-mismatch -cpp -D__FFTW -D__MPI  -I/home/thiago/Documents/spyn/qe/q-e-qe-7.3.1//external/devxlib/src -I. -I/home/thiago/Documents/spyn/qe/q-e-qe-7.3.1//include -I/home/thiago/Documents/spyn/qe/q-e-qe-7.3.1//upflib -I/home/thiago/Documents/spyn/qe/q-e-qe-7.3.1//XClib -I/home/thiago/Documents/spyn/qe/q-e-qe-7.3.1//Modules -I/home/thiago/Documents/spyn/qe/q-e-qe-7.3.1//FFTXlib/src -I/home/thiago/Documents/spyn/qe/q-e-qe-7.3.1//LAXlib -I/home/thiago/Documents/spyn/qe/q-e-qe-7.3.1//UtilXlib -I/home/thiago/Documents/spyn/qe/q-e-qe-7.3.1//MBD -I/home/thiago/Documents/spyn/qe/q-e-qe-7.3.1//KS_Solvers  -c qes_init_module.f90
mpif90 -O2 -fallow-argument-mismatch -cpp -D__FFTW -D__MPI  -I/home/thiago/Documents/spyn/qe/q-e-qe-7.3.1//external/devxlib/src -I. -I/home/thiago/Documents/spyn/qe/q-e-qe-7.3.1//include -I/home/thiago/Documents/spyn/qe/q-e-qe-7.3.1//upflib -I/home/thiago/Documents/spyn/qe/q-e-qe-7.3.1//XClib -I/home/thiago/Documents/spyn/qe/q-e-qe-7.3.1//Modules -I/home/thiago/Documents/spyn/qe/q-e-qe-7.3.1//FFTXlib/src -I/home/thiago/Documents/spyn/qe/q-e-qe-7.3.1//LAXlib -I/home/thiago/Documents/spyn/qe/q-e-qe-7.3.1//UtilXlib -I/home/thiago/Documents/spyn/qe/q-e-qe-7.3.1//MBD -I/home/thiago/Documents/spyn/qe/q-e-qe-7.3.1//KS_Solvers  -c qes_read_module.f90
mpif90 -O2 -fallow-argument-mismatch -cpp -D__FFTW -D__MPI  -I/home/thiago/Documents/spyn/qe/q-e-qe-7.3.1//external/devxlib/src -I. -I/home/thiago/Documents/spyn/qe/q-e-qe-7.3.1//include -I/home/thiago/Documents/spyn/qe/q-e-qe-7.3.1//upflib -I/home/thiago/Documents/spyn/qe/q-e-qe-7.3.1//XClib -I/home/thiago/Documents/spyn/qe/q-e-qe-7.3.1//Modules -I/home/thiago/Documents/spyn/qe/q-e-qe-7.3.1//FFTXlib/src -I/home/thiago/Documents/spyn/qe/q-e-qe-7.3.1//LAXlib -I/home/thiago/Documents/spyn/qe/q-e-qe-7.3.1//UtilXlib -I/home/thiago/Documents/spyn/qe/q-e-qe-7.3.1//MBD -I/home/thiago/Documents/spyn/qe/q-e-qe-7.3.1//KS_Solvers  -c qes_reset_module.f90
mpif90 -O2 -fallow-argument-mismatch -cpp -D__FFTW -D__MPI  -I/home/thiago/Documents/spyn/qe/q-e-qe-7.3.1//external/devxlib/src -I. -I/home/thiago/Documents/spyn/qe/q-e-qe-7.3.1//include -I/home/thiago/Documents/spyn/qe/q-e-qe-7.3.1//upflib -I/home/thiago/Documents/spyn/qe/q-e-qe-7.3.1//XClib -I/home/thiago/Documents/spyn/qe/q-e-qe-7.3.1//Modules -I/home/thiago/Documents/spyn/qe/q-e-qe-7.3.1//FFTXlib/src -I/home/thiago/Documents/spyn/qe/q-e-qe-7.3.1//LAXlib -I/home/thiago/Documents/spyn/qe/q-e-qe-7.3.1//UtilXlib -I/home/thiago/Documents/spyn/qe/q-e-qe-7.3.1//MBD -I/home/thiago/Documents/spyn/qe/q-e-qe-7.3.1//KS_Solvers  -c qes_write_module.f90
mpif90 -O2 -fallow-argument-mismatch -cpp -D__FFTW -D__MPI  -I/home/thiago/Documents/spyn/qe/q-e-qe-7.3.1//external/devxlib/src -I. -I/home/thiago/Documents/spyn/qe/q-e-qe-7.3.1//include -I/home/thiago/Documents/spyn/qe/q-e-qe-7.3.1//upflib -I/home/thiago/Documents/spyn/qe/q-e-qe-7.3.1//XClib -I/home/thiago/Documents/spyn/qe/q-e-qe-7.3.1//Modules -I/home/thiago/Documents/spyn/qe/q-e-qe-7.3.1//FFTXlib/src -I/home/thiago/Documents/spyn/qe/q-e-qe-7.3.1//LAXlib -I/home/thiago/Documents/spyn/qe/q-e-qe-7.3.1//UtilXlib -I/home/thiago/Documents/spyn/qe/q-e-qe-7.3.1//MBD -I/home/thiago/Documents/spyn/qe/q-e-qe-7.3.1//KS_Solvers  -c qexsd_copy.f90
mpif90 -O2 -fallow-argument-mismatch -cpp -D__FFTW -D__MPI  -I/home/thiago/Documents/spyn/qe/q-e-qe-7.3.1//external/devxlib/src -I. -I/home/thiago/Documents/spyn/qe/q-e-qe-7.3.1//include -I/home/thiago/Documents/spyn/qe/q-e-qe-7.3.1//upflib -I/home/thiago/Documents/spyn/qe/q-e-qe-7.3.1//XClib -I/home/thiago/Documents/spyn/qe/q-e-qe-7.3.1//Modules -I/home/thiago/Documents/spyn/qe/q-e-qe-7.3.1//FFTXlib/src -I/home/thiago/Documents/spyn/qe/q-e-qe-7.3.1//LAXlib -I/home/thiago/Documents/spyn/qe/q-e-qe-7.3.1//UtilXlib -I/home/thiago/Documents/spyn/qe/q-e-qe-7.3.1//MBD -I/home/thiago/Documents/spyn/qe/q-e-qe-7.3.1//KS_Solvers  -c hdf5_qe.f90
mpif90 -O2 -fallow-argument-mismatch -cpp -D__FFTW -D__MPI  -I/home/thiago/Documents/spyn/qe/q-e-qe-7.3.1//external/devxlib/src -I. -I/home/thiago/Documents/spyn/qe/q-e-qe-7.3.1//include -I/home/thiago/Documents/spyn/qe/q-e-qe-7.3.1//upflib -I/home/thiago/Documents/spyn/qe/q-e-qe-7.3.1//XClib -I/home/thiago/Documents/spyn/qe/q-e-qe-7.3.1//Modules -I/home/thiago/Documents/spyn/qe/q-e-qe-7.3.1//FFTXlib/src -I/home/thiago/Documents/spyn/qe/q-e-qe-7.3.1//LAXlib -I/home/thiago/Documents/spyn/qe/q-e-qe-7.3.1//UtilXlib -I/home/thiago/Documents/spyn/qe/q-e-qe-7.3.1//MBD -I/home/thiago/Documents/spyn/qe/q-e-qe-7.3.1//KS_Solvers  -c xsf.f90
mpif90 -O2 -fallow-argument-mismatch -cpp -D__FFTW -D__MPI  -I/home/thiago/Documents/spyn/qe/q-e-qe-7.3.1//external/devxlib/src -I. -I/home/thiago/Documents/spyn/qe/q-e-qe-7.3.1//include -I/home/thiago/Documents/spyn/qe/q-e-qe-7.3.1//upflib -I/home/thiago/Documents/spyn/qe/q-e-qe-7.3.1//XClib -I/home/thiago/Documents/spyn/qe/q-e-qe-7.3.1//Modules -I/home/thiago/Documents/spyn/qe/q-e-qe-7.3.1//FFTXlib/src -I/home/thiago/Documents/spyn/qe/q-e-qe-7.3.1//LAXlib -I/home/thiago/Documents/spyn/qe/q-e-qe-7.3.1//UtilXlib -I/home/thiago/Documents/spyn/qe/q-e-qe-7.3.1//MBD -I/home/thiago/Documents/spyn/qe/q-e-qe-7.3.1//KS_Solvers  -c wyckoff.f90
mpif90 -O2 -fallow-argument-mismatch -cpp -D__FFTW -D__MPI  -I/home/thiago/Documents/spyn/qe/q-e-qe-7.3.1//external/devxlib/src -I. -I/home/thiago/Documents/spyn/qe/q-e-qe-7.3.1//include -I/home/thiago/Documents/spyn/qe/q-e-qe-7.3.1//upflib -I/home/thiago/Documents/spyn/qe/q-e-qe-7.3.1//XClib -I/home/thiago/Documents/spyn/qe/q-e-qe-7.3.1//Modules -I/home/thiago/Documents/spyn/qe/q-e-qe-7.3.1//FFTXlib/src -I/home/thiago/Documents/spyn/qe/q-e-qe-7.3.1//LAXlib -I/home/thiago/Documents/spyn/qe/q-e-qe-7.3.1//UtilXlib -I/home/thiago/Documents/spyn/qe/q-e-qe-7.3.1//MBD -I/home/thiago/Documents/spyn/qe/q-e-qe-7.3.1//KS_Solvers  -c random_numbers_gpu.f90
mpif90 -O2 -fallow-argument-mismatch -cpp -D__FFTW -D__MPI  -I/home/thiago/Documents/spyn/qe/q-e-qe-7.3.1//external/devxlib/src -I. -I/home/thiago/Documents/spyn/qe/q-e-qe-7.3.1//include -I/home/thiago/Documents/spyn/qe/q-e-qe-7.3.1//upflib -I/home/thiago/Documents/spyn/qe/q-e-qe-7.3.1//XClib -I/home/thiago/Documents/spyn/qe/q-e-qe-7.3.1//Modules -I/home/thiago/Documents/spyn/qe/q-e-qe-7.3.1//FFTXlib/src -I/home/thiago/Documents/spyn/qe/q-e-qe-7.3.1//LAXlib -I/home/thiago/Documents/spyn/qe/q-e-qe-7.3.1//UtilXlib -I/home/thiago/Documents/spyn/qe/q-e-qe-7.3.1//MBD -I/home/thiago/Documents/spyn/qe/q-e-qe-7.3.1//KS_Solvers  -c latgen.f90
mpif90 -O2 -fallow-argument-mismatch -cpp -D__FFTW -D__MPI  -I/home/thiago/Documents/spyn/qe/q-e-qe-7.3.1//external/devxlib/src -I. -I/home/thiago/Documents/spyn/qe/q-e-qe-7.3.1//include -I/home/thiago/Documents/spyn/qe/q-e-qe-7.3.1//upflib -I/home/thiago/Documents/spyn/qe/q-e-qe-7.3.1//XClib -I/home/thiago/Documents/spyn/qe/q-e-qe-7.3.1//Modules -I/home/thiago/Documents/spyn/qe/q-e-qe-7.3.1//FFTXlib/src -I/home/thiago/Documents/spyn/qe/q-e-qe-7.3.1//LAXlib -I/home/thiago/Documents/spyn/qe/q-e-qe-7.3.1//UtilXlib -I/home/thiago/Documents/spyn/qe/q-e-qe-7.3.1//MBD -I/home/thiago/Documents/spyn/qe/q-e-qe-7.3.1//KS_Solvers  -c wgauss.f90
mpif90 -O2 -fallow-argument-mismatch -cpp -D__FFTW -D__MPI  -I/home/thiago/Documents/spyn/qe/q-e-qe-7.3.1//external/devxlib/src -I. -I/home/thiago/Documents/spyn/qe/q-e-qe-7.3.1//include -I/home/thiago/Documents/spyn/qe/q-e-qe-7.3.1//upflib -I/home/thiago/Documents/spyn/qe/q-e-qe-7.3.1//XClib -I/home/thiago/Documents/spyn/qe/q-e-qe-7.3.1//Modules -I/home/thiago/Documents/spyn/qe/q-e-qe-7.3.1//FFTXlib/src -I/home/thiago/Documents/spyn/qe/q-e-qe-7.3.1//LAXlib -I/home/thiago/Documents/spyn/qe/q-e-qe-7.3.1//UtilXlib -I/home/thiago/Documents/spyn/qe/q-e-qe-7.3.1//MBD -I/home/thiago/Documents/spyn/qe/q-e-qe-7.3.1//KS_Solvers  -c w0gauss.f90
mpif90 -O2 -fallow-argument-mismatch -cpp -D__FFTW -D__MPI  -I/home/thiago/Documents/spyn/qe/q-e-qe-7.3.1//external/devxlib/src -I. -I/home/thiago/Documents/spyn/qe/q-e-qe-7.3.1//include -I/home/thiago/Documents/spyn/qe/q-e-qe-7.3.1//upflib -I/home/thiago/Documents/spyn/qe/q-e-qe-7.3.1//XClib -I/home/thiago/Documents/spyn/qe/q-e-qe-7.3.1//Modules -I/home/thiago/Documents/spyn/qe/q-e-qe-7.3.1//FFTXlib/src -I/home/thiago/Documents/spyn/qe/q-e-qe-7.3.1//LAXlib -I/home/thiago/Documents/spyn/qe/q-e-qe-7.3.1//UtilXlib -I/home/thiago/Documents/spyn/qe/q-e-qe-7.3.1//MBD -I/home/thiago/Documents/spyn/qe/q-e-qe-7.3.1//KS_Solvers  -c w1gauss.f90
mpif90 -O2 -fallow-argument-mismatch -cpp -D__FFTW -D__MPI  -I/home/thiago/Documents/spyn/qe/q-e-qe-7.3.1//external/devxlib/src -I. -I/home/thiago/Documents/spyn/qe/q-e-qe-7.3.1//include -I/home/thiago/Documents/spyn/qe/q-e-qe-7.3.1//upflib -I/home/thiago/Documents/spyn/qe/q-e-qe-7.3.1//XClib -I/home/thiago/Documents/spyn/qe/q-e-qe-7.3.1//Modules -I/home/thiago/Documents/spyn/qe/q-e-qe-7.3.1//FFTXlib/src -I/home/thiago/Documents/spyn/qe/q-e-qe-7.3.1//LAXlib -I/home/thiago/Documents/spyn/qe/q-e-qe-7.3.1//UtilXlib -I/home/thiago/Documents/spyn/qe/q-e-qe-7.3.1//MBD -I/home/thiago/Documents/spyn/qe/q-e-qe-7.3.1//KS_Solvers  -c lauefft.f90
mpif90 -O2 -fallow-argument-mismatch -cpp -D__FFTW -D__MPI  -I/home/thiago/Documents/spyn/qe/q-e-qe-7.3.1//external/devxlib/src -I. -I/home/thiago/Documents/spyn/qe/q-e-qe-7.3.1//include -I/home/thiago/Documents/spyn/qe/q-e-qe-7.3.1//upflib -I/home/thiago/Documents/spyn/qe/q-e-qe-7.3.1//XClib -I/home/thiago/Documents/spyn/qe/q-e-qe-7.3.1//Modules -I/home/thiago/Documents/spyn/qe/q-e-qe-7.3.1//FFTXlib/src -I/home/thiago/Documents/spyn/qe/q-e-qe-7.3.1//LAXlib -I/home/thiago/Documents/spyn/qe/q-e-qe-7.3.1//UtilXlib -I/home/thiago/Documents/spyn/qe/q-e-qe-7.3.1//MBD -I/home/thiago/Documents/spyn/qe/q-e-qe-7.3.1//KS_Solvers  -c radfft.f90
lauefft.f90:1074:22:

 1074 |       CALL MPI_REDUCE(cltmp(1), cltot(1), ntot, MPI_DOUBLE_COMPLEX, MPI_SUM, &
      |                      1
......
 1145 |     CALL MPI_REDUCE(crtmp(1), crtot(1), ntot, MPI_DOUBLE_PRECISION, MPI_SUM, &
      |                    2  
Warning: Type mismatch between actual argument at (1) and actual argument at (2) (COMPLEX(8)/REAL(8)).
lauefft.f90:1074:32:

 1074 |       CALL MPI_REDUCE(cltmp(1), cltot(1), ntot, MPI_DOUBLE_COMPLEX, MPI_SUM, &
      |                                1
......
 1145 |     CALL MPI_REDUCE(crtmp(1), crtot(1), ntot, MPI_DOUBLE_PRECISION, MPI_SUM, &
      |                              2  
Warning: Type mismatch between actual argument at (1) and actual argument at (2) (COMPLEX(8)/REAL(8)).
mpif90 -O2 -fallow-argument-mismatch -cpp -D__FFTW -D__MPI  -I/home/thiago/Documents/spyn/qe/q-e-qe-7.3.1//external/devxlib/src -I. -I/home/thiago/Documents/spyn/qe/q-e-qe-7.3.1//include -I/home/thiago/Documents/spyn/qe/q-e-qe-7.3.1//upflib -I/home/thiago/Documents/spyn/qe/q-e-qe-7.3.1//XClib -I/home/thiago/Documents/spyn/qe/q-e-qe-7.3.1//Modules -I/home/thiago/Documents/spyn/qe/q-e-qe-7.3.1//FFTXlib/src -I/home/thiago/Documents/spyn/qe/q-e-qe-7.3.1//LAXlib -I/home/thiago/Documents/spyn/qe/q-e-qe-7.3.1//UtilXlib -I/home/thiago/Documents/spyn/qe/q-e-qe-7.3.1//MBD -I/home/thiago/Documents/spyn/qe/q-e-qe-7.3.1//KS_Solvers  -c molecule_const.f90
mpif90 -O2 -fallow-argument-mismatch -cpp -D__FFTW -D__MPI  -I/home/thiago/Documents/spyn/qe/q-e-qe-7.3.1//external/devxlib/src -I. -I/home/thiago/Documents/spyn/qe/q-e-qe-7.3.1//include -I/home/thiago/Documents/spyn/qe/q-e-qe-7.3.1//upflib -I/home/thiago/Documents/spyn/qe/q-e-qe-7.3.1//XClib -I/home/thiago/Documents/spyn/qe/q-e-qe-7.3.1//Modules -I/home/thiago/Documents/spyn/qe/q-e-qe-7.3.1//FFTXlib/src -I/home/thiago/Documents/spyn/qe/q-e-qe-7.3.1//LAXlib -I/home/thiago/Documents/spyn/qe/q-e-qe-7.3.1//UtilXlib -I/home/thiago/Documents/spyn/qe/q-e-qe-7.3.1//MBD -I/home/thiago/Documents/spyn/qe/q-e-qe-7.3.1//KS_Solvers  -c suscept_g0.f90
mpif90 -O2 -fallow-argument-mismatch -cpp -D__FFTW -D__MPI  -I/home/thiago/Documents/spyn/qe/q-e-qe-7.3.1//external/devxlib/src -I. -I/home/thiago/Documents/spyn/qe/q-e-qe-7.3.1//include -I/home/thiago/Documents/spyn/qe/q-e-qe-7.3.1//upflib -I/home/thiago/Documents/spyn/qe/q-e-qe-7.3.1//XClib -I/home/thiago/Documents/spyn/qe/q-e-qe-7.3.1//Modules -I/home/thiago/Documents/spyn/qe/q-e-qe-7.3.1//FFTXlib/src -I/home/thiago/Documents/spyn/qe/q-e-qe-7.3.1//LAXlib -I/home/thiago/Documents/spyn/qe/q-e-qe-7.3.1//UtilXlib -I/home/thiago/Documents/spyn/qe/q-e-qe-7.3.1//MBD -I/home/thiago/Documents/spyn/qe/q-e-qe-7.3.1//KS_Solvers  -c cell_base.f90
mpif90 -O2 -fallow-argument-mismatch -cpp -D__FFTW -D__MPI  -I/home/thiago/Documents/spyn/qe/q-e-qe-7.3.1//external/devxlib/src -I. -I/home/thiago/Documents/spyn/qe/q-e-qe-7.3.1//include -I/home/thiago/Documents/spyn/qe/q-e-qe-7.3.1//upflib -I/home/thiago/Documents/spyn/qe/q-e-qe-7.3.1//XClib -I/home/thiago/Documents/spyn/qe/q-e-qe-7.3.1//Modules -I/home/thiago/Documents/spyn/qe/q-e-qe-7.3.1//FFTXlib/src -I/home/thiago/Documents/spyn/qe/q-e-qe-7.3.1//LAXlib -I/home/thiago/Documents/spyn/qe/q-e-qe-7.3.1//UtilXlib -I/home/thiago/Documents/spyn/qe/q-e-qe-7.3.1//MBD -I/home/thiago/Documents/spyn/qe/q-e-qe-7.3.1//KS_Solvers  -c input_parameters.f90
mpif90 -O2 -fallow-argument-mismatch -cpp -D__FFTW -D__MPI  -I/home/thiago/Documents/spyn/qe/q-e-qe-7.3.1//external/devxlib/src -I. -I/home/thiago/Documents/spyn/qe/q-e-qe-7.3.1//include -I/home/thiago/Documents/spyn/qe/q-e-qe-7.3.1//upflib -I/home/thiago/Documents/spyn/qe/q-e-qe-7.3.1//XClib -I/home/thiago/Documents/spyn/qe/q-e-qe-7.3.1//Modules -I/home/thiago/Documents/spyn/qe/q-e-qe-7.3.1//FFTXlib/src -I/home/thiago/Documents/spyn/qe/q-e-qe-7.3.1//LAXlib -I/home/thiago/Documents/spyn/qe/q-e-qe-7.3.1//UtilXlib -I/home/thiago/Documents/spyn/qe/q-e-qe-7.3.1//MBD -I/home/thiago/Documents/spyn/qe/q-e-qe-7.3.1//KS_Solvers  -c autopilot.f90
mpif90 -O2 -fallow-argument-mismatch -cpp -D__FFTW -D__MPI  -I/home/thiago/Documents/spyn/qe/q-e-qe-7.3.1//external/devxlib/src -I. -I/home/thiago/Documents/spyn/qe/q-e-qe-7.3.1//include -I/home/thiago/Documents/spyn/qe/q-e-qe-7.3.1//upflib -I/home/thiago/Documents/spyn/qe/q-e-qe-7.3.1//XClib -I/home/thiago/Documents/spyn/qe/q-e-qe-7.3.1//Modules -I/home/thiago/Documents/spyn/qe/q-e-qe-7.3.1//FFTXlib/src -I/home/thiago/Documents/spyn/qe/q-e-qe-7.3.1//LAXlib -I/home/thiago/Documents/spyn/qe/q-e-qe-7.3.1//UtilXlib -I/home/thiago/Documents/spyn/qe/q-e-qe-7.3.1//MBD -I/home/thiago/Documents/spyn/qe/q-e-qe-7.3.1//KS_Solvers  -c becmod.f90
mpif90 -O2 -fallow-argument-mismatch -cpp -D__FFTW -D__MPI  -I/home/thiago/Documents/spyn/qe/q-e-qe-7.3.1//external/devxlib/src -I. -I/home/thiago/Documents/spyn/qe/q-e-qe-7.3.1//include -I/home/thiago/Documents/spyn/qe/q-e-qe-7.3.1//upflib -I/home/thiago/Documents/spyn/qe/q-e-qe-7.3.1//XClib -I/home/thiago/Documents/spyn/qe/q-e-qe-7.3.1//Modules -I/home/thiago/Documents/spyn/qe/q-e-qe-7.3.1//FFTXlib/src -I/home/thiago/Documents/spyn/qe/q-e-qe-7.3.1//LAXlib -I/home/thiago/Documents/spyn/qe/q-e-qe-7.3.1//UtilXlib -I/home/thiago/Documents/spyn/qe/q-e-qe-7.3.1//MBD -I/home/thiago/Documents/spyn/qe/q-e-qe-7.3.1//KS_Solvers  -c bfgs_module.f90
mpif90 -O2 -fallow-argument-mismatch -cpp -D__FFTW -D__MPI  -I/home/thiago/Documents/spyn/qe/q-e-qe-7.3.1//external/devxlib/src -I. -I/home/thiago/Documents/spyn/qe/q-e-qe-7.3.1//include -I/home/thiago/Documents/spyn/qe/q-e-qe-7.3.1//upflib -I/home/thiago/Documents/spyn/qe/q-e-qe-7.3.1//XClib -I/home/thiago/Documents/spyn/qe/q-e-qe-7.3.1//Modules -I/home/thiago/Documents/spyn/qe/q-e-qe-7.3.1//FFTXlib/src -I/home/thiago/Documents/spyn/qe/q-e-qe-7.3.1//LAXlib -I/home/thiago/Documents/spyn/qe/q-e-qe-7.3.1//UtilXlib -I/home/thiago/Documents/spyn/qe/q-e-qe-7.3.1//MBD -I/home/thiago/Documents/spyn/qe/q-e-qe-7.3.1//KS_Solvers  -c check_stop.f90
mpif90 -O2 -fallow-argument-mismatch -cpp -D__FFTW -D__MPI  -I/home/thiago/Documents/spyn/qe/q-e-qe-7.3.1//external/devxlib/src -I. -I/home/thiago/Documents/spyn/qe/q-e-qe-7.3.1//include -I/home/thiago/Documents/spyn/qe/q-e-qe-7.3.1//upflib -I/home/thiago/Documents/spyn/qe/q-e-qe-7.3.1//XClib -I/home/thiago/Documents/spyn/qe/q-e-qe-7.3.1//Modules -I/home/thiago/Documents/spyn/qe/q-e-qe-7.3.1//FFTXlib/src -I/home/thiago/Documents/spyn/qe/q-e-qe-7.3.1//LAXlib -I/home/thiago/Documents/spyn/qe/q-e-qe-7.3.1//UtilXlib -I/home/thiago/Documents/spyn/qe/q-e-qe-7.3.1//MBD -I/home/thiago/Documents/spyn/qe/q-e-qe-7.3.1//KS_Solvers  -c compute_dipole.f90
mpif90 -O2 -fallow-argument-mismatch -cpp -D__FFTW -D__MPI  -I/home/thiago/Documents/spyn/qe/q-e-qe-7.3.1//external/devxlib/src -I. -I/home/thiago/Documents/spyn/qe/q-e-qe-7.3.1//include -I/home/thiago/Documents/spyn/qe/q-e-qe-7.3.1//upflib -I/home/thiago/Documents/spyn/qe/q-e-qe-7.3.1//XClib -I/home/thiago/Documents/spyn/qe/q-e-qe-7.3.1//Modules -I/home/thiago/Documents/spyn/qe/q-e-qe-7.3.1//FFTXlib/src -I/home/thiago/Documents/spyn/qe/q-e-qe-7.3.1//LAXlib -I/home/thiago/Documents/spyn/qe/q-e-qe-7.3.1//UtilXlib -I/home/thiago/Documents/spyn/qe/q-e-qe-7.3.1//MBD -I/home/thiago/Documents/spyn/qe/q-e-qe-7.3.1//KS_Solvers  -c ions_base.f90
mpif90 -O2 -fallow-argument-mismatch -cpp -D__FFTW -D__MPI  -I/home/thiago/Documents/spyn/qe/q-e-qe-7.3.1//external/devxlib/src -I. -I/home/thiago/Documents/spyn/qe/q-e-qe-7.3.1//include -I/home/thiago/Documents/spyn/qe/q-e-qe-7.3.1//upflib -I/home/thiago/Documents/spyn/qe/q-e-qe-7.3.1//XClib -I/home/thiago/Documents/spyn/qe/q-e-qe-7.3.1//Modules -I/home/thiago/Documents/spyn/qe/q-e-qe-7.3.1//FFTXlib/src -I/home/thiago/Documents/spyn/qe/q-e-qe-7.3.1//LAXlib -I/home/thiago/Documents/spyn/qe/q-e-qe-7.3.1//UtilXlib -I/home/thiago/Documents/spyn/qe/q-e-qe-7.3.1//MBD -I/home/thiago/Documents/spyn/qe/q-e-qe-7.3.1//KS_Solvers  -c environment.f90
mpif90 -O2 -fallow-argument-mismatch -cpp -D__FFTW -D__MPI  -I/home/thiago/Documents/spyn/qe/q-e-qe-7.3.1//external/devxlib/src -I. -I/home/thiago/Documents/spyn/qe/q-e-qe-7.3.1//include -I/home/thiago/Documents/spyn/qe/q-e-qe-7.3.1//upflib -I/home/thiago/Documents/spyn/qe/q-e-qe-7.3.1//XClib -I/home/thiago/Documents/spyn/qe/q-e-qe-7.3.1//Modules -I/home/thiago/Documents/spyn/qe/q-e-qe-7.3.1//FFTXlib/src -I/home/thiago/Documents/spyn/qe/q-e-qe-7.3.1//LAXlib -I/home/thiago/Documents/spyn/qe/q-e-qe-7.3.1//UtilXlib -I/home/thiago/Documents/spyn/qe/q-e-qe-7.3.1//MBD -I/home/thiago/Documents/spyn/qe/q-e-qe-7.3.1//KS_Solvers  -c fd_gradient.f90
mpif90 -O2 -fallow-argument-mismatch -cpp -D__FFTW -D__MPI  -I/home/thiago/Documents/spyn/qe/q-e-qe-7.3.1//external/devxlib/src -I. -I/home/thiago/Documents/spyn/qe/q-e-qe-7.3.1//include -I/home/thiago/Documents/spyn/qe/q-e-qe-7.3.1//upflib -I/home/thiago/Documents/spyn/qe/q-e-qe-7.3.1//XClib -I/home/thiago/Documents/spyn/qe/q-e-qe-7.3.1//Modules -I/home/thiago/Documents/spyn/qe/q-e-qe-7.3.1//FFTXlib/src -I/home/thiago/Documents/spyn/qe/q-e-qe-7.3.1//LAXlib -I/home/thiago/Documents/spyn/qe/q-e-qe-7.3.1//UtilXlib -I/home/thiago/Documents/spyn/qe/q-e-qe-7.3.1//MBD -I/home/thiago/Documents/spyn/qe/q-e-qe-7.3.1//KS_Solvers  -c xc_rVV10.f90
mpif90 -O2 -fallow-argument-mismatch -cpp -D__FFTW -D__MPI  -I/home/thiago/Documents/spyn/qe/q-e-qe-7.3.1//external/devxlib/src -I. -I/home/thiago/Documents/spyn/qe/q-e-qe-7.3.1//include -I/home/thiago/Documents/spyn/qe/q-e-qe-7.3.1//upflib -I/home/thiago/Documents/spyn/qe/q-e-qe-7.3.1//XClib -I/home/thiago/Documents/spyn/qe/q-e-qe-7.3.1//Modules -I/home/thiago/Documents/spyn/qe/q-e-qe-7.3.1//FFTXlib/src -I/home/thiago/Documents/spyn/qe/q-e-qe-7.3.1//LAXlib -I/home/thiago/Documents/spyn/qe/q-e-qe-7.3.1//UtilXlib -I/home/thiago/Documents/spyn/qe/q-e-qe-7.3.1//MBD -I/home/thiago/Documents/spyn/qe/q-e-qe-7.3.1//KS_Solvers  -c xc_vdW_DF.f90
mpif90 -O2 -fallow-argument-mismatch -cpp -D__FFTW -D__MPI  -I/home/thiago/Documents/spyn/qe/q-e-qe-7.3.1//external/devxlib/src -I. -I/home/thiago/Documents/spyn/qe/q-e-qe-7.3.1//include -I/home/thiago/Documents/spyn/qe/q-e-qe-7.3.1//upflib -I/home/thiago/Documents/spyn/qe/q-e-qe-7.3.1//XClib -I/home/thiago/Documents/spyn/qe/q-e-qe-7.3.1//Modules -I/home/thiago/Documents/spyn/qe/q-e-qe-7.3.1//FFTXlib/src -I/home/thiago/Documents/spyn/qe/q-e-qe-7.3.1//LAXlib -I/home/thiago/Documents/spyn/qe/q-e-qe-7.3.1//UtilXlib -I/home/thiago/Documents/spyn/qe/q-e-qe-7.3.1//MBD -I/home/thiago/Documents/spyn/qe/q-e-qe-7.3.1//KS_Solvers  -c generate_function.f90
mpif90 -O2 -fallow-argument-mismatch -cpp -D__FFTW -D__MPI  -I/home/thiago/Documents/spyn/qe/q-e-qe-7.3.1//external/devxlib/src -I. -I/home/thiago/Documents/spyn/qe/q-e-qe-7.3.1//include -I/home/thiago/Documents/spyn/qe/q-e-qe-7.3.1//upflib -I/home/thiago/Documents/spyn/qe/q-e-qe-7.3.1//XClib -I/home/thiago/Documents/spyn/qe/q-e-qe-7.3.1//Modules -I/home/thiago/Documents/spyn/qe/q-e-qe-7.3.1//FFTXlib/src -I/home/thiago/Documents/spyn/qe/q-e-qe-7.3.1//LAXlib -I/home/thiago/Documents/spyn/qe/q-e-qe-7.3.1//UtilXlib -I/home/thiago/Documents/spyn/qe/q-e-qe-7.3.1//MBD -I/home/thiago/Documents/spyn/qe/q-e-qe-7.3.1//KS_Solvers  -c gradutils.f90
mpif90 -O2 -fallow-argument-mismatch -cpp -D__FFTW -D__MPI  -I/home/thiago/Documents/spyn/qe/q-e-qe-7.3.1//external/devxlib/src -I. -I/home/thiago/Documents/spyn/qe/q-e-qe-7.3.1//include -I/home/thiago/Documents/spyn/qe/q-e-qe-7.3.1//upflib -I/home/thiago/Documents/spyn/qe/q-e-qe-7.3.1//XClib -I/home/thiago/Documents/spyn/qe/q-e-qe-7.3.1//Modules -I/home/thiago/Documents/spyn/qe/q-e-qe-7.3.1//FFTXlib/src -I/home/thiago/Documents/spyn/qe/q-e-qe-7.3.1//LAXlib -I/home/thiago/Documents/spyn/qe/q-e-qe-7.3.1//UtilXlib -I/home/thiago/Documents/spyn/qe/q-e-qe-7.3.1//MBD -I/home/thiago/Documents/spyn/qe/q-e-qe-7.3.1//KS_Solvers  -c makov_payne.f90
mpif90 -O2 -fallow-argument-mismatch -cpp -D__FFTW -D__MPI  -I/home/thiago/Documents/spyn/qe/q-e-qe-7.3.1//external/devxlib/src -I. -I/home/thiago/Documents/spyn/qe/q-e-qe-7.3.1//include -I/home/thiago/Documents/spyn/qe/q-e-qe-7.3.1//upflib -I/home/thiago/Documents/spyn/qe/q-e-qe-7.3.1//XClib -I/home/thiago/Documents/spyn/qe/q-e-qe-7.3.1//Modules -I/home/thiago/Documents/spyn/qe/q-e-qe-7.3.1//FFTXlib/src -I/home/thiago/Documents/spyn/qe/q-e-qe-7.3.1//LAXlib -I/home/thiago/Documents/spyn/qe/q-e-qe-7.3.1//UtilXlib -I/home/thiago/Documents/spyn/qe/q-e-qe-7.3.1//MBD -I/home/thiago/Documents/spyn/qe/q-e-qe-7.3.1//KS_Solvers  -c mm_dispersion.f90
mpif90 -O2 -fallow-argument-mismatch -cpp -D__FFTW -D__MPI  -I/home/thiago/Documents/spyn/qe/q-e-qe-7.3.1//external/devxlib/src -I. -I/home/thiago/Documents/spyn/qe/q-e-qe-7.3.1//include -I/home/thiago/Documents/spyn/qe/q-e-qe-7.3.1//upflib -I/home/thiago/Documents/spyn/qe/q-e-qe-7.3.1//XClib -I/home/thiago/Documents/spyn/qe/q-e-qe-7.3.1//Modules -I/home/thiago/Documents/spyn/qe/q-e-qe-7.3.1//FFTXlib/src -I/home/thiago/Documents/spyn/qe/q-e-qe-7.3.1//LAXlib -I/home/thiago/Documents/spyn/qe/q-e-qe-7.3.1//UtilXlib -I/home/thiago/Documents/spyn/qe/q-e-qe-7.3.1//MBD -I/home/thiago/Documents/spyn/qe/q-e-qe-7.3.1//KS_Solvers  -c read_namelists.f90
mpif90 -O2 -fallow-argument-mismatch -cpp -D__FFTW -D__MPI  -I/home/thiago/Documents/spyn/qe/q-e-qe-7.3.1//external/devxlib/src -I. -I/home/thiago/Documents/spyn/qe/q-e-qe-7.3.1//include -I/home/thiago/Documents/spyn/qe/q-e-qe-7.3.1//upflib -I/home/thiago/Documents/spyn/qe/q-e-qe-7.3.1//XClib -I/home/thiago/Documents/spyn/qe/q-e-qe-7.3.1//Modules -I/home/thiago/Documents/spyn/qe/q-e-qe-7.3.1//FFTXlib/src -I/home/thiago/Documents/spyn/qe/q-e-qe-7.3.1//LAXlib -I/home/thiago/Documents/spyn/qe/q-e-qe-7.3.1//UtilXlib -I/home/thiago/Documents/spyn/qe/q-e-qe-7.3.1//MBD -I/home/thiago/Documents/spyn/qe/q-e-qe-7.3.1//KS_Solvers  -c set_para_diag.f90
mpif90 -O2 -fallow-argument-mismatch -cpp -D__FFTW -D__MPI  -I/home/thiago/Documents/spyn/qe/q-e-qe-7.3.1//external/devxlib/src -I. -I/home/thiago/Documents/spyn/qe/q-e-qe-7.3.1//include -I/home/thiago/Documents/spyn/qe/q-e-qe-7.3.1//upflib -I/home/thiago/Documents/spyn/qe/q-e-qe-7.3.1//XClib -I/home/thiago/Documents/spyn/qe/q-e-qe-7.3.1//Modules -I/home/thiago/Documents/spyn/qe/q-e-qe-7.3.1//FFTXlib/src -I/home/thiago/Documents/spyn/qe/q-e-qe-7.3.1//LAXlib -I/home/thiago/Documents/spyn/qe/q-e-qe-7.3.1//UtilXlib -I/home/thiago/Documents/spyn/qe/q-e-qe-7.3.1//MBD -I/home/thiago/Documents/spyn/qe/q-e-qe-7.3.1//KS_Solvers  -c tsvdw.f90
mpif90 -O2 -fallow-argument-mismatch -cpp -D__FFTW -D__MPI  -I/home/thiago/Documents/spyn/qe/q-e-qe-7.3.1//external/devxlib/src -I. -I/home/thiago/Documents/spyn/qe/q-e-qe-7.3.1//include -I/home/thiago/Documents/spyn/qe/q-e-qe-7.3.1//upflib -I/home/thiago/Documents/spyn/qe/q-e-qe-7.3.1//XClib -I/home/thiago/Documents/spyn/qe/q-e-qe-7.3.1//Modules -I/home/thiago/Documents/spyn/qe/q-e-qe-7.3.1//FFTXlib/src -I/home/thiago/Documents/spyn/qe/q-e-qe-7.3.1//LAXlib -I/home/thiago/Documents/spyn/qe/q-e-qe-7.3.1//UtilXlib -I/home/thiago/Documents/spyn/qe/q-e-qe-7.3.1//MBD -I/home/thiago/Documents/spyn/qe/q-e-qe-7.3.1//KS_Solvers  -c wannier_gw.f90
mpif90 -O2 -fallow-argument-mismatch -cpp -D__FFTW -D__MPI  -I/home/thiago/Documents/spyn/qe/q-e-qe-7.3.1//external/devxlib/src -I. -I/home/thiago/Documents/spyn/qe/q-e-qe-7.3.1//include -I/home/thiago/Documents/spyn/qe/q-e-qe-7.3.1//upflib -I/home/thiago/Documents/spyn/qe/q-e-qe-7.3.1//XClib -I/home/thiago/Documents/spyn/qe/q-e-qe-7.3.1//Modules -I/home/thiago/Documents/spyn/qe/q-e-qe-7.3.1//FFTXlib/src -I/home/thiago/Documents/spyn/qe/q-e-qe-7.3.1//LAXlib -I/home/thiago/Documents/spyn/qe/q-e-qe-7.3.1//UtilXlib -I/home/thiago/Documents/spyn/qe/q-e-qe-7.3.1//MBD -I/home/thiago/Documents/spyn/qe/q-e-qe-7.3.1//KS_Solvers  -c qes_libs_module.f90
mpif90 -O2 -fallow-argument-mismatch -cpp -D__FFTW -D__MPI  -I/home/thiago/Documents/spyn/qe/q-e-qe-7.3.1//external/devxlib/src -I. -I/home/thiago/Documents/spyn/qe/q-e-qe-7.3.1//include -I/home/thiago/Documents/spyn/qe/q-e-qe-7.3.1//upflib -I/home/thiago/Documents/spyn/qe/q-e-qe-7.3.1//XClib -I/home/thiago/Documents/spyn/qe/q-e-qe-7.3.1//Modules -I/home/thiago/Documents/spyn/qe/q-e-qe-7.3.1//FFTXlib/src -I/home/thiago/Documents/spyn/qe/q-e-qe-7.3.1//LAXlib -I/home/thiago/Documents/spyn/qe/q-e-qe-7.3.1//UtilXlib -I/home/thiago/Documents/spyn/qe/q-e-qe-7.3.1//MBD -I/home/thiago/Documents/spyn/qe/q-e-qe-7.3.1//KS_Solvers  -c qexsd_init.f90
mpif90 -O2 -fallow-argument-mismatch -cpp -D__FFTW -D__MPI  -I/home/thiago/Documents/spyn/qe/q-e-qe-7.3.1//external/devxlib/src -I. -I/home/thiago/Documents/spyn/qe/q-e-qe-7.3.1//include -I/home/thiago/Documents/spyn/qe/q-e-qe-7.3.1//upflib -I/home/thiago/Documents/spyn/qe/q-e-qe-7.3.1//XClib -I/home/thiago/Documents/spyn/qe/q-e-qe-7.3.1//Modules -I/home/thiago/Documents/spyn/qe/q-e-qe-7.3.1//FFTXlib/src -I/home/thiago/Documents/spyn/qe/q-e-qe-7.3.1//LAXlib -I/home/thiago/Documents/spyn/qe/q-e-qe-7.3.1//UtilXlib -I/home/thiago/Documents/spyn/qe/q-e-qe-7.3.1//MBD -I/home/thiago/Documents/spyn/qe/q-e-qe-7.3.1//KS_Solvers  -c qexsd_input.f90
mpif90 -O2 -fallow-argument-mismatch -cpp -D__FFTW -D__MPI  -I/home/thiago/Documents/spyn/qe/q-e-qe-7.3.1//external/devxlib/src -I. -I/home/thiago/Documents/spyn/qe/q-e-qe-7.3.1//include -I/home/thiago/Documents/spyn/qe/q-e-qe-7.3.1//upflib -I/home/thiago/Documents/spyn/qe/q-e-qe-7.3.1//XClib -I/home/thiago/Documents/spyn/qe/q-e-qe-7.3.1//Modules -I/home/thiago/Documents/spyn/qe/q-e-qe-7.3.1//FFTXlib/src -I/home/thiago/Documents/spyn/qe/q-e-qe-7.3.1//LAXlib -I/home/thiago/Documents/spyn/qe/q-e-qe-7.3.1//UtilXlib -I/home/thiago/Documents/spyn/qe/q-e-qe-7.3.1//MBD -I/home/thiago/Documents/spyn/qe/q-e-qe-7.3.1//KS_Solvers  -c recvec_3drism.f90
mpif90 -O2 -fallow-argument-mismatch -cpp -D__FFTW -D__MPI  -I/home/thiago/Documents/spyn/qe/q-e-qe-7.3.1//external/devxlib/src -I. -I/home/thiago/Documents/spyn/qe/q-e-qe-7.3.1//include -I/home/thiago/Documents/spyn/qe/q-e-qe-7.3.1//upflib -I/home/thiago/Documents/spyn/qe/q-e-qe-7.3.1//XClib -I/home/thiago/Documents/spyn/qe/q-e-qe-7.3.1//Modules -I/home/thiago/Documents/spyn/qe/q-e-qe-7.3.1//FFTXlib/src -I/home/thiago/Documents/spyn/qe/q-e-qe-7.3.1//LAXlib -I/home/thiago/Documents/spyn/qe/q-e-qe-7.3.1//UtilXlib -I/home/thiago/Documents/spyn/qe/q-e-qe-7.3.1//MBD -I/home/thiago/Documents/spyn/qe/q-e-qe-7.3.1//KS_Solvers  -c xml_io_rism.f90
mpif90 -O2 -fallow-argument-mismatch -cpp -D__FFTW -D__MPI  -I/home/thiago/Documents/spyn/qe/q-e-qe-7.3.1//external/devxlib/src -I. -I/home/thiago/Documents/spyn/qe/q-e-qe-7.3.1//include -I/home/thiago/Documents/spyn/qe/q-e-qe-7.3.1//upflib -I/home/thiago/Documents/spyn/qe/q-e-qe-7.3.1//XClib -I/home/thiago/Documents/spyn/qe/q-e-qe-7.3.1//Modules -I/home/thiago/Documents/spyn/qe/q-e-qe-7.3.1//FFTXlib/src -I/home/thiago/Documents/spyn/qe/q-e-qe-7.3.1//LAXlib -I/home/thiago/Documents/spyn/qe/q-e-qe-7.3.1//UtilXlib -I/home/thiago/Documents/spyn/qe/q-e-qe-7.3.1//MBD -I/home/thiago/Documents/spyn/qe/q-e-qe-7.3.1//KS_Solvers  -c read_mol.f90
mpif90 -O2 -fallow-argument-mismatch -cpp -D__FFTW -D__MPI  -I/home/thiago/Documents/spyn/qe/q-e-qe-7.3.1//external/devxlib/src -I. -I/home/thiago/Documents/spyn/qe/q-e-qe-7.3.1//include -I/home/thiago/Documents/spyn/qe/q-e-qe-7.3.1//upflib -I/home/thiago/Documents/spyn/qe/q-e-qe-7.3.1//XClib -I/home/thiago/Documents/spyn/qe/q-e-qe-7.3.1//Modules -I/home/thiago/Documents/spyn/qe/q-e-qe-7.3.1//FFTXlib/src -I/home/thiago/Documents/spyn/qe/q-e-qe-7.3.1//LAXlib -I/home/thiago/Documents/spyn/qe/q-e-qe-7.3.1//UtilXlib -I/home/thiago/Documents/spyn/qe/q-e-qe-7.3.1//MBD -I/home/thiago/Documents/spyn/qe/q-e-qe-7.3.1//KS_Solvers  -c lauefft_subs.f90
mpif90 -O2 -fallow-argument-mismatch -cpp -D__FFTW -D__MPI  -I/home/thiago/Documents/spyn/qe/q-e-qe-7.3.1//external/devxlib/src -I. -I/home/thiago/Documents/spyn/qe/q-e-qe-7.3.1//include -I/home/thiago/Documents/spyn/qe/q-e-qe-7.3.1//upflib -I/home/thiago/Documents/spyn/qe/q-e-qe-7.3.1//XClib -I/home/thiago/Documents/spyn/qe/q-e-qe-7.3.1//Modules -I/home/thiago/Documents/spyn/qe/q-e-qe-7.3.1//FFTXlib/src -I/home/thiago/Documents/spyn/qe/q-e-qe-7.3.1//LAXlib -I/home/thiago/Documents/spyn/qe/q-e-qe-7.3.1//UtilXlib -I/home/thiago/Documents/spyn/qe/q-e-qe-7.3.1//MBD -I/home/thiago/Documents/spyn/qe/q-e-qe-7.3.1//KS_Solvers  -c solvavg.f90
mpif90 -O2 -fallow-argument-mismatch -cpp -D__FFTW -D__MPI  -I/home/thiago/Documents/spyn/qe/q-e-qe-7.3.1//external/devxlib/src -I. -I/home/thiago/Documents/spyn/qe/q-e-qe-7.3.1//include -I/home/thiago/Documents/spyn/qe/q-e-qe-7.3.1//upflib -I/home/thiago/Documents/spyn/qe/q-e-qe-7.3.1//XClib -I/home/thiago/Documents/spyn/qe/q-e-qe-7.3.1//Modules -I/home/thiago/Documents/spyn/qe/q-e-qe-7.3.1//FFTXlib/src -I/home/thiago/Documents/spyn/qe/q-e-qe-7.3.1//LAXlib -I/home/thiago/Documents/spyn/qe/q-e-qe-7.3.1//UtilXlib -I/home/thiago/Documents/spyn/qe/q-e-qe-7.3.1//MBD -I/home/thiago/Documents/spyn/qe/q-e-qe-7.3.1//KS_Solvers  -c scale_fft_3drism.f90
mpif90 -O2 -fallow-argument-mismatch -cpp -D__FFTW -D__MPI  -I/home/thiago/Documents/spyn/qe/q-e-qe-7.3.1//external/devxlib/src -I. -I/home/thiago/Documents/spyn/qe/q-e-qe-7.3.1//include -I/home/thiago/Documents/spyn/qe/q-e-qe-7.3.1//upflib -I/home/thiago/Documents/spyn/qe/q-e-qe-7.3.1//XClib -I/home/thiago/Documents/spyn/qe/q-e-qe-7.3.1//Modules -I/home/thiago/Documents/spyn/qe/q-e-qe-7.3.1//FFTXlib/src -I/home/thiago/Documents/spyn/qe/q-e-qe-7.3.1//LAXlib -I/home/thiago/Documents/spyn/qe/q-e-qe-7.3.1//UtilXlib -I/home/thiago/Documents/spyn/qe/q-e-qe-7.3.1//MBD -I/home/thiago/Documents/spyn/qe/q-e-qe-7.3.1//KS_Solvers  -c scale_fft_lauerism.f90
mpif90 -O2 -fallow-argument-mismatch -cpp -D__FFTW -D__MPI  -I/home/thiago/Documents/spyn/qe/q-e-qe-7.3.1//external/devxlib/src -I. -I/home/thiago/Documents/spyn/qe/q-e-qe-7.3.1//include -I/home/thiago/Documents/spyn/qe/q-e-qe-7.3.1//upflib -I/home/thiago/Documents/spyn/qe/q-e-qe-7.3.1//XClib -I/home/thiago/Documents/spyn/qe/q-e-qe-7.3.1//Modules -I/home/thiago/Documents/spyn/qe/q-e-qe-7.3.1//FFTXlib/src -I/home/thiago/Documents/spyn/qe/q-e-qe-7.3.1//LAXlib -I/home/thiago/Documents/spyn/qe/q-e-qe-7.3.1//UtilXlib -I/home/thiago/Documents/spyn/qe/q-e-qe-7.3.1//MBD -I/home/thiago/Documents/spyn/qe/q-e-qe-7.3.1//KS_Solvers  -c additional_kpoints.f90
mpif90 -O2 -fallow-argument-mismatch -cpp -D__FFTW -D__MPI  -I/home/thiago/Documents/spyn/qe/q-e-qe-7.3.1//external/devxlib/src -I. -I/home/thiago/Documents/spyn/qe/q-e-qe-7.3.1//include -I/home/thiago/Documents/spyn/qe/q-e-qe-7.3.1//upflib -I/home/thiago/Documents/spyn/qe/q-e-qe-7.3.1//XClib -I/home/thiago/Documents/spyn/qe/q-e-qe-7.3.1//Modules -I/home/thiago/Documents/spyn/qe/q-e-qe-7.3.1//FFTXlib/src -I/home/thiago/Documents/spyn/qe/q-e-qe-7.3.1//LAXlib -I/home/thiago/Documents/spyn/qe/q-e-qe-7.3.1//UtilXlib -I/home/thiago/Documents/spyn/qe/q-e-qe-7.3.1//MBD -I/home/thiago/Documents/spyn/qe/q-e-qe-7.3.1//KS_Solvers  -c atomic_wfc_mod.f90
mpif90 -O2 -fallow-argument-mismatch -cpp -D__FFTW -D__MPI  -I/home/thiago/Documents/spyn/qe/q-e-qe-7.3.1//external/devxlib/src -I. -I/home/thiago/Documents/spyn/qe/q-e-qe-7.3.1//include -I/home/thiago/Documents/spyn/qe/q-e-qe-7.3.1//upflib -I/home/thiago/Documents/spyn/qe/q-e-qe-7.3.1//XClib -I/home/thiago/Documents/spyn/qe/q-e-qe-7.3.1//Modules -I/home/thiago/Documents/spyn/qe/q-e-qe-7.3.1//FFTXlib/src -I/home/thiago/Documents/spyn/qe/q-e-qe-7.3.1//LAXlib -I/home/thiago/Documents/spyn/qe/q-e-qe-7.3.1//UtilXlib -I/home/thiago/Documents/spyn/qe/q-e-qe-7.3.1//MBD -I/home/thiago/Documents/spyn/qe/q-e-qe-7.3.1//KS_Solvers  -c constraints_module.f90
mpif90 -O2 -fallow-argument-mismatch -cpp -D__FFTW -D__MPI  -I/home/thiago/Documents/spyn/qe/q-e-qe-7.3.1//external/devxlib/src -I. -I/home/thiago/Documents/spyn/qe/q-e-qe-7.3.1//include -I/home/thiago/Documents/spyn/qe/q-e-qe-7.3.1//upflib -I/home/thiago/Documents/spyn/qe/q-e-qe-7.3.1//XClib -I/home/thiago/Documents/spyn/qe/q-e-qe-7.3.1//Modules -I/home/thiago/Documents/spyn/qe/q-e-qe-7.3.1//FFTXlib/src -I/home/thiago/Documents/spyn/qe/q-e-qe-7.3.1//LAXlib -I/home/thiago/Documents/spyn/qe/q-e-qe-7.3.1//UtilXlib -I/home/thiago/Documents/spyn/qe/q-e-qe-7.3.1//MBD -I/home/thiago/Documents/spyn/qe/q-e-qe-7.3.1//KS_Solvers  -c dist.f90
mpif90 -O2 -fallow-argument-mismatch -cpp -D__FFTW -D__MPI  -I/home/thiago/Documents/spyn/qe/q-e-qe-7.3.1//external/devxlib/src -I. -I/home/thiago/Documents/spyn/qe/q-e-qe-7.3.1//include -I/home/thiago/Documents/spyn/qe/q-e-qe-7.3.1//upflib -I/home/thiago/Documents/spyn/qe/q-e-qe-7.3.1//XClib -I/home/thiago/Documents/spyn/qe/q-e-qe-7.3.1//Modules -I/home/thiago/Documents/spyn/qe/q-e-qe-7.3.1//FFTXlib/src -I/home/thiago/Documents/spyn/qe/q-e-qe-7.3.1//LAXlib -I/home/thiago/Documents/spyn/qe/q-e-qe-7.3.1//UtilXlib -I/home/thiago/Documents/spyn/qe/q-e-qe-7.3.1//MBD -I/home/thiago/Documents/spyn/qe/q-e-qe-7.3.1//KS_Solvers  -c environ_base_module.f90
mpif90 -O2 -fallow-argument-mismatch -cpp -D__FFTW -D__MPI  -I/home/thiago/Documents/spyn/qe/q-e-qe-7.3.1//external/devxlib/src -I. -I/home/thiago/Documents/spyn/qe/q-e-qe-7.3.1//include -I/home/thiago/Documents/spyn/qe/q-e-qe-7.3.1//upflib -I/home/thiago/Documents/spyn/qe/q-e-qe-7.3.1//XClib -I/home/thiago/Documents/spyn/qe/q-e-qe-7.3.1//Modules -I/home/thiago/Documents/spyn/qe/q-e-qe-7.3.1//FFTXlib/src -I/home/thiago/Documents/spyn/qe/q-e-qe-7.3.1//LAXlib -I/home/thiago/Documents/spyn/qe/q-e-qe-7.3.1//UtilXlib -I/home/thiago/Documents/spyn/qe/q-e-qe-7.3.1//MBD -I/home/thiago/Documents/spyn/qe/q-e-qe-7.3.1//KS_Solvers  -c extffield.f90
mpif90 -O2 -fallow-argument-mismatch -cpp -D__FFTW -D__MPI  -I/home/thiago/Documents/spyn/qe/q-e-qe-7.3.1//external/devxlib/src -I. -I/home/thiago/Documents/spyn/qe/q-e-qe-7.3.1//include -I/home/thiago/Documents/spyn/qe/q-e-qe-7.3.1//upflib -I/home/thiago/Documents/spyn/qe/q-e-qe-7.3.1//XClib -I/home/thiago/Documents/spyn/qe/q-e-qe-7.3.1//Modules -I/home/thiago/Documents/spyn/qe/q-e-qe-7.3.1//FFTXlib/src -I/home/thiago/Documents/spyn/qe/q-e-qe-7.3.1//LAXlib -I/home/thiago/Documents/spyn/qe/q-e-qe-7.3.1//UtilXlib -I/home/thiago/Documents/spyn/qe/q-e-qe-7.3.1//MBD -I/home/thiago/Documents/spyn/qe/q-e-qe-7.3.1//KS_Solvers  -c funct.f90
mpif90 -O2 -fallow-argument-mismatch -cpp -D__FFTW -D__MPI  -I/home/thiago/Documents/spyn/qe/q-e-qe-7.3.1//external/devxlib/src -I. -I/home/thiago/Documents/spyn/qe/q-e-qe-7.3.1//include -I/home/thiago/Documents/spyn/qe/q-e-qe-7.3.1//upflib -I/home/thiago/Documents/spyn/qe/q-e-qe-7.3.1//XClib -I/home/thiago/Documents/spyn/qe/q-e-qe-7.3.1//Modules -I/home/thiago/Documents/spyn/qe/q-e-qe-7.3.1//FFTXlib/src -I/home/thiago/Documents/spyn/qe/q-e-qe-7.3.1//LAXlib -I/home/thiago/Documents/spyn/qe/q-e-qe-7.3.1//UtilXlib -I/home/thiago/Documents/spyn/qe/q-e-qe-7.3.1//MBD -I/home/thiago/Documents/spyn/qe/q-e-qe-7.3.1//KS_Solvers  -c read_cards.f90
mpif90 -O2 -fallow-argument-mismatch -cpp -D__FFTW -D__MPI  -I/home/thiago/Documents/spyn/qe/q-e-qe-7.3.1//external/devxlib/src -I. -I/home/thiago/Documents/spyn/qe/q-e-qe-7.3.1//include -I/home/thiago/Documents/spyn/qe/q-e-qe-7.3.1//upflib -I/home/thiago/Documents/spyn/qe/q-e-qe-7.3.1//XClib -I/home/thiago/Documents/spyn/qe/q-e-qe-7.3.1//Modules -I/home/thiago/Documents/spyn/qe/q-e-qe-7.3.1//FFTXlib/src -I/home/thiago/Documents/spyn/qe/q-e-qe-7.3.1//LAXlib -I/home/thiago/Documents/spyn/qe/q-e-qe-7.3.1//UtilXlib -I/home/thiago/Documents/spyn/qe/q-e-qe-7.3.1//MBD -I/home/thiago/Documents/spyn/qe/q-e-qe-7.3.1//KS_Solvers  -c qexsd.f90
mpif90 -O2 -fallow-argument-mismatch -cpp -D__FFTW -D__MPI  -I/home/thiago/Documents/spyn/qe/q-e-qe-7.3.1//external/devxlib/src -I. -I/home/thiago/Documents/spyn/qe/q-e-qe-7.3.1//include -I/home/thiago/Documents/spyn/qe/q-e-qe-7.3.1//upflib -I/home/thiago/Documents/spyn/qe/q-e-qe-7.3.1//XClib -I/home/thiago/Documents/spyn/qe/q-e-qe-7.3.1//Modules -I/home/thiago/Documents/spyn/qe/q-e-qe-7.3.1//FFTXlib/src -I/home/thiago/Documents/spyn/qe/q-e-qe-7.3.1//LAXlib -I/home/thiago/Documents/spyn/qe/q-e-qe-7.3.1//UtilXlib -I/home/thiago/Documents/spyn/qe/q-e-qe-7.3.1//MBD -I/home/thiago/Documents/spyn/qe/q-e-qe-7.3.1//KS_Solvers  -c allocate_fft_3drism.f90
mpif90 -O2 -fallow-argument-mismatch -cpp -D__FFTW -D__MPI  -I/home/thiago/Documents/spyn/qe/q-e-qe-7.3.1//external/devxlib/src -I. -I/home/thiago/Documents/spyn/qe/q-e-qe-7.3.1//include -I/home/thiago/Documents/spyn/qe/q-e-qe-7.3.1//upflib -I/home/thiago/Documents/spyn/qe/q-e-qe-7.3.1//XClib -I/home/thiago/Documents/spyn/qe/q-e-qe-7.3.1//Modules -I/home/thiago/Documents/spyn/qe/q-e-qe-7.3.1//FFTXlib/src -I/home/thiago/Documents/spyn/qe/q-e-qe-7.3.1//LAXlib -I/home/thiago/Documents/spyn/qe/q-e-qe-7.3.1//UtilXlib -I/home/thiago/Documents/spyn/qe/q-e-qe-7.3.1//MBD -I/home/thiago/Documents/spyn/qe/q-e-qe-7.3.1//KS_Solvers  -c rism.f90
mpif90 -O2 -fallow-argument-mismatch -cpp -D__FFTW -D__MPI  -I/home/thiago/Documents/spyn/qe/q-e-qe-7.3.1//external/devxlib/src -I. -I/home/thiago/Documents/spyn/qe/q-e-qe-7.3.1//include -I/home/thiago/Documents/spyn/qe/q-e-qe-7.3.1//upflib -I/home/thiago/Documents/spyn/qe/q-e-qe-7.3.1//XClib -I/home/thiago/Documents/spyn/qe/q-e-qe-7.3.1//Modules -I/home/thiago/Documents/spyn/qe/q-e-qe-7.3.1//FFTXlib/src -I/home/thiago/Documents/spyn/qe/q-e-qe-7.3.1//LAXlib -I/home/thiago/Documents/spyn/qe/q-e-qe-7.3.1//UtilXlib -I/home/thiago/Documents/spyn/qe/q-e-qe-7.3.1//MBD -I/home/thiago/Documents/spyn/qe/q-e-qe-7.3.1//KS_Solvers  -c data_structure_3drism.f90
mpif90 -O2 -fallow-argument-mismatch -cpp -D__FFTW -D__MPI  -I/home/thiago/Documents/spyn/qe/q-e-qe-7.3.1//external/devxlib/src -I. -I/home/thiago/Documents/spyn/qe/q-e-qe-7.3.1//include -I/home/thiago/Documents/spyn/qe/q-e-qe-7.3.1//upflib -I/home/thiago/Documents/spyn/qe/q-e-qe-7.3.1//XClib -I/home/thiago/Documents/spyn/qe/q-e-qe-7.3.1//Modules -I/home/thiago/Documents/spyn/qe/q-e-qe-7.3.1//FFTXlib/src -I/home/thiago/Documents/spyn/qe/q-e-qe-7.3.1//LAXlib -I/home/thiago/Documents/spyn/qe/q-e-qe-7.3.1//UtilXlib -I/home/thiago/Documents/spyn/qe/q-e-qe-7.3.1//MBD -I/home/thiago/Documents/spyn/qe/q-e-qe-7.3.1//KS_Solvers  -c read_solv.f90
mpif90 -O2 -fallow-argument-mismatch -cpp -D__FFTW -D__MPI  -I/home/thiago/Documents/spyn/qe/q-e-qe-7.3.1//external/devxlib/src -I. -I/home/thiago/Documents/spyn/qe/q-e-qe-7.3.1//include -I/home/thiago/Documents/spyn/qe/q-e-qe-7.3.1//upflib -I/home/thiago/Documents/spyn/qe/q-e-qe-7.3.1//XClib -I/home/thiago/Documents/spyn/qe/q-e-qe-7.3.1//Modules -I/home/thiago/Documents/spyn/qe/q-e-qe-7.3.1//FFTXlib/src -I/home/thiago/Documents/spyn/qe/q-e-qe-7.3.1//LAXlib -I/home/thiago/Documents/spyn/qe/q-e-qe-7.3.1//UtilXlib -I/home/thiago/Documents/spyn/qe/q-e-qe-7.3.1//MBD -I/home/thiago/Documents/spyn/qe/q-e-qe-7.3.1//KS_Solvers  -c molecorr_vv.f90
mpif90 -O2 -fallow-argument-mismatch -cpp -D__FFTW -D__MPI  -I/home/thiago/Documents/spyn/qe/q-e-qe-7.3.1//external/devxlib/src -I. -I/home/thiago/Documents/spyn/qe/q-e-qe-7.3.1//include -I/home/thiago/Documents/spyn/qe/q-e-qe-7.3.1//upflib -I/home/thiago/Documents/spyn/qe/q-e-qe-7.3.1//XClib -I/home/thiago/Documents/spyn/qe/q-e-qe-7.3.1//Modules -I/home/thiago/Documents/spyn/qe/q-e-qe-7.3.1//FFTXlib/src -I/home/thiago/Documents/spyn/qe/q-e-qe-7.3.1//LAXlib -I/home/thiago/Documents/spyn/qe/q-e-qe-7.3.1//UtilXlib -I/home/thiago/Documents/spyn/qe/q-e-qe-7.3.1//MBD -I/home/thiago/Documents/spyn/qe/q-e-qe-7.3.1//KS_Solvers  -c molebridge_vv.f90
mpif90 -O2 -fallow-argument-mismatch -cpp -D__FFTW -D__MPI  -I/home/thiago/Documents/spyn/qe/q-e-qe-7.3.1//external/devxlib/src -I. -I/home/thiago/Documents/spyn/qe/q-e-qe-7.3.1//include -I/home/thiago/Documents/spyn/qe/q-e-qe-7.3.1//upflib -I/home/thiago/Documents/spyn/qe/q-e-qe-7.3.1//XClib -I/home/thiago/Documents/spyn/qe/q-e-qe-7.3.1//Modules -I/home/thiago/Documents/spyn/qe/q-e-qe-7.3.1//FFTXlib/src -I/home/thiago/Documents/spyn/qe/q-e-qe-7.3.1//LAXlib -I/home/thiago/Documents/spyn/qe/q-e-qe-7.3.1//UtilXlib -I/home/thiago/Documents/spyn/qe/q-e-qe-7.3.1//MBD -I/home/thiago/Documents/spyn/qe/q-e-qe-7.3.1//KS_Solvers  -c normalize_lauerism.f90
mpif90 -O2 -fallow-argument-mismatch -cpp -D__FFTW -D__MPI  -I/home/thiago/Documents/spyn/qe/q-e-qe-7.3.1//external/devxlib/src -I. -I/home/thiago/Documents/spyn/qe/q-e-qe-7.3.1//include -I/home/thiago/Documents/spyn/qe/q-e-qe-7.3.1//upflib -I/home/thiago/Documents/spyn/qe/q-e-qe-7.3.1//XClib -I/home/thiago/Documents/spyn/qe/q-e-qe-7.3.1//Modules -I/home/thiago/Documents/spyn/qe/q-e-qe-7.3.1//FFTXlib/src -I/home/thiago/Documents/spyn/qe/q-e-qe-7.3.1//LAXlib -I/home/thiago/Documents/spyn/qe/q-e-qe-7.3.1//UtilXlib -I/home/thiago/Documents/spyn/qe/q-e-qe-7.3.1//MBD -I/home/thiago/Documents/spyn/qe/q-e-qe-7.3.1//KS_Solvers  -c potential_3drism.f90
mpif90 -O2 -fallow-argument-mismatch -cpp -D__FFTW -D__MPI  -I/home/thiago/Documents/spyn/qe/q-e-qe-7.3.1//external/devxlib/src -I. -I/home/thiago/Documents/spyn/qe/q-e-qe-7.3.1//include -I/home/thiago/Documents/spyn/qe/q-e-qe-7.3.1//upflib -I/home/thiago/Documents/spyn/qe/q-e-qe-7.3.1//XClib -I/home/thiago/Documents/spyn/qe/q-e-qe-7.3.1//Modules -I/home/thiago/Documents/spyn/qe/q-e-qe-7.3.1//FFTXlib/src -I/home/thiago/Documents/spyn/qe/q-e-qe-7.3.1//LAXlib -I/home/thiago/Documents/spyn/qe/q-e-qe-7.3.1//UtilXlib -I/home/thiago/Documents/spyn/qe/q-e-qe-7.3.1//MBD -I/home/thiago/Documents/spyn/qe/q-e-qe-7.3.1//KS_Solvers  -c potential_esm.f90
mpif90 -O2 -fallow-argument-mismatch -cpp -D__FFTW -D__MPI  -I/home/thiago/Documents/spyn/qe/q-e-qe-7.3.1//external/devxlib/src -I. -I/home/thiago/Documents/spyn/qe/q-e-qe-7.3.1//include -I/home/thiago/Documents/spyn/qe/q-e-qe-7.3.1//upflib -I/home/thiago/Documents/spyn/qe/q-e-qe-7.3.1//XClib -I/home/thiago/Documents/spyn/qe/q-e-qe-7.3.1//Modules -I/home/thiago/Documents/spyn/qe/q-e-qe-7.3.1//FFTXlib/src -I/home/thiago/Documents/spyn/qe/q-e-qe-7.3.1//LAXlib -I/home/thiago/Documents/spyn/qe/q-e-qe-7.3.1//UtilXlib -I/home/thiago/Documents/spyn/qe/q-e-qe-7.3.1//MBD -I/home/thiago/Documents/spyn/qe/q-e-qe-7.3.1//KS_Solvers  -c potential_vv.f90
mpif90 -O2 -fallow-argument-mismatch -cpp -D__FFTW -D__MPI  -I/home/thiago/Documents/spyn/qe/q-e-qe-7.3.1//external/devxlib/src -I. -I/home/thiago/Documents/spyn/qe/q-e-qe-7.3.1//include -I/home/thiago/Documents/spyn/qe/q-e-qe-7.3.1//upflib -I/home/thiago/Documents/spyn/qe/q-e-qe-7.3.1//XClib -I/home/thiago/Documents/spyn/qe/q-e-qe-7.3.1//Modules -I/home/thiago/Documents/spyn/qe/q-e-qe-7.3.1//FFTXlib/src -I/home/thiago/Documents/spyn/qe/q-e-qe-7.3.1//LAXlib -I/home/thiago/Documents/spyn/qe/q-e-qe-7.3.1//UtilXlib -I/home/thiago/Documents/spyn/qe/q-e-qe-7.3.1//MBD -I/home/thiago/Documents/spyn/qe/q-e-qe-7.3.1//KS_Solvers  -c print_chempot_3drism.f90
mpif90 -O2 -fallow-argument-mismatch -cpp -D__FFTW -D__MPI  -I/home/thiago/Documents/spyn/qe/q-e-qe-7.3.1//external/devxlib/src -I. -I/home/thiago/Documents/spyn/qe/q-e-qe-7.3.1//include -I/home/thiago/Documents/spyn/qe/q-e-qe-7.3.1//upflib -I/home/thiago/Documents/spyn/qe/q-e-qe-7.3.1//XClib -I/home/thiago/Documents/spyn/qe/q-e-qe-7.3.1//Modules -I/home/thiago/Documents/spyn/qe/q-e-qe-7.3.1//FFTXlib/src -I/home/thiago/Documents/spyn/qe/q-e-qe-7.3.1//LAXlib -I/home/thiago/Documents/spyn/qe/q-e-qe-7.3.1//UtilXlib -I/home/thiago/Documents/spyn/qe/q-e-qe-7.3.1//MBD -I/home/thiago/Documents/spyn/qe/q-e-qe-7.3.1//KS_Solvers  -c print_chempot_lauerism.f90
mpif90 -O2 -fallow-argument-mismatch -cpp -D__FFTW -D__MPI  -I/home/thiago/Documents/spyn/qe/q-e-qe-7.3.1//external/devxlib/src -I. -I/home/thiago/Documents/spyn/qe/q-e-qe-7.3.1//include -I/home/thiago/Documents/spyn/qe/q-e-qe-7.3.1//upflib -I/home/thiago/Documents/spyn/qe/q-e-qe-7.3.1//XClib -I/home/thiago/Documents/spyn/qe/q-e-qe-7.3.1//Modules -I/home/thiago/Documents/spyn/qe/q-e-qe-7.3.1//FFTXlib/src -I/home/thiago/Documents/spyn/qe/q-e-qe-7.3.1//LAXlib -I/home/thiago/Documents/spyn/qe/q-e-qe-7.3.1//UtilXlib -I/home/thiago/Documents/spyn/qe/q-e-qe-7.3.1//MBD -I/home/thiago/Documents/spyn/qe/q-e-qe-7.3.1//KS_Solvers  -c print_chempot_vv.f90
mpif90 -O2 -fallow-argument-mismatch -cpp -D__FFTW -D__MPI  -I/home/thiago/Documents/spyn/qe/q-e-qe-7.3.1//external/devxlib/src -I. -I/home/thiago/Documents/spyn/qe/q-e-qe-7.3.1//include -I/home/thiago/Documents/spyn/qe/q-e-qe-7.3.1//upflib -I/home/thiago/Documents/spyn/qe/q-e-qe-7.3.1//XClib -I/home/thiago/Documents/spyn/qe/q-e-qe-7.3.1//Modules -I/home/thiago/Documents/spyn/qe/q-e-qe-7.3.1//FFTXlib/src -I/home/thiago/Documents/spyn/qe/q-e-qe-7.3.1//LAXlib -I/home/thiago/Documents/spyn/qe/q-e-qe-7.3.1//UtilXlib -I/home/thiago/Documents/spyn/qe/q-e-qe-7.3.1//MBD -I/home/thiago/Documents/spyn/qe/q-e-qe-7.3.1//KS_Solvers  -c print_corr_vv.f90
mpif90 -O2 -fallow-argument-mismatch -cpp -D__FFTW -D__MPI  -I/home/thiago/Documents/spyn/qe/q-e-qe-7.3.1//external/devxlib/src -I. -I/home/thiago/Documents/spyn/qe/q-e-qe-7.3.1//include -I/home/thiago/Documents/spyn/qe/q-e-qe-7.3.1//upflib -I/home/thiago/Documents/spyn/qe/q-e-qe-7.3.1//XClib -I/home/thiago/Documents/spyn/qe/q-e-qe-7.3.1//Modules -I/home/thiago/Documents/spyn/qe/q-e-qe-7.3.1//FFTXlib/src -I/home/thiago/Documents/spyn/qe/q-e-qe-7.3.1//LAXlib -I/home/thiago/Documents/spyn/qe/q-e-qe-7.3.1//UtilXlib -I/home/thiago/Documents/spyn/qe/q-e-qe-7.3.1//MBD -I/home/thiago/Documents/spyn/qe/q-e-qe-7.3.1//KS_Solvers  -c solvation_3drism.f90
mpif90 -O2 -fallow-argument-mismatch -cpp -D__FFTW -D__MPI  -I/home/thiago/Documents/spyn/qe/q-e-qe-7.3.1//external/devxlib/src -I. -I/home/thiago/Documents/spyn/qe/q-e-qe-7.3.1//include -I/home/thiago/Documents/spyn/qe/q-e-qe-7.3.1//upflib -I/home/thiago/Documents/spyn/qe/q-e-qe-7.3.1//XClib -I/home/thiago/Documents/spyn/qe/q-e-qe-7.3.1//Modules -I/home/thiago/Documents/spyn/qe/q-e-qe-7.3.1//FFTXlib/src -I/home/thiago/Documents/spyn/qe/q-e-qe-7.3.1//LAXlib -I/home/thiago/Documents/spyn/qe/q-e-qe-7.3.1//UtilXlib -I/home/thiago/Documents/spyn/qe/q-e-qe-7.3.1//MBD -I/home/thiago/Documents/spyn/qe/q-e-qe-7.3.1//KS_Solvers  -c solvation_lauerism.f90
mpif90 -O2 -fallow-argument-mismatch -cpp -D__FFTW -D__MPI  -I/home/thiago/Documents/spyn/qe/q-e-qe-7.3.1//external/devxlib/src -I. -I/home/thiago/Documents/spyn/qe/q-e-qe-7.3.1//include -I/home/thiago/Documents/spyn/qe/q-e-qe-7.3.1//upflib -I/home/thiago/Documents/spyn/qe/q-e-qe-7.3.1//XClib -I/home/thiago/Documents/spyn/qe/q-e-qe-7.3.1//Modules -I/home/thiago/Documents/spyn/qe/q-e-qe-7.3.1//FFTXlib/src -I/home/thiago/Documents/spyn/qe/q-e-qe-7.3.1//LAXlib -I/home/thiago/Documents/spyn/qe/q-e-qe-7.3.1//UtilXlib -I/home/thiago/Documents/spyn/qe/q-e-qe-7.3.1//MBD -I/home/thiago/Documents/spyn/qe/q-e-qe-7.3.1//KS_Solvers  -c solvation_pbc.f90
mpif90 -O2 -fallow-argument-mismatch -cpp -D__FFTW -D__MPI  -I/home/thiago/Documents/spyn/qe/q-e-qe-7.3.1//external/devxlib/src -I. -I/home/thiago/Documents/spyn/qe/q-e-qe-7.3.1//include -I/home/thiago/Documents/spyn/qe/q-e-qe-7.3.1//upflib -I/home/thiago/Documents/spyn/qe/q-e-qe-7.3.1//XClib -I/home/thiago/Documents/spyn/qe/q-e-qe-7.3.1//Modules -I/home/thiago/Documents/spyn/qe/q-e-qe-7.3.1//FFTXlib/src -I/home/thiago/Documents/spyn/qe/q-e-qe-7.3.1//LAXlib -I/home/thiago/Documents/spyn/qe/q-e-qe-7.3.1//UtilXlib -I/home/thiago/Documents/spyn/qe/q-e-qe-7.3.1//MBD -I/home/thiago/Documents/spyn/qe/q-e-qe-7.3.1//KS_Solvers  -c suscept_laue.f90
mpif90 -O2 -fallow-argument-mismatch -cpp -D__FFTW -D__MPI  -I/home/thiago/Documents/spyn/qe/q-e-qe-7.3.1//external/devxlib/src -I. -I/home/thiago/Documents/spyn/qe/q-e-qe-7.3.1//include -I/home/thiago/Documents/spyn/qe/q-e-qe-7.3.1//upflib -I/home/thiago/Documents/spyn/qe/q-e-qe-7.3.1//XClib -I/home/thiago/Documents/spyn/qe/q-e-qe-7.3.1//Modules -I/home/thiago/Documents/spyn/qe/q-e-qe-7.3.1//FFTXlib/src -I/home/thiago/Documents/spyn/qe/q-e-qe-7.3.1//LAXlib -I/home/thiago/Documents/spyn/qe/q-e-qe-7.3.1//UtilXlib -I/home/thiago/Documents/spyn/qe/q-e-qe-7.3.1//MBD -I/home/thiago/Documents/spyn/qe/q-e-qe-7.3.1//KS_Solvers  -c suscept_laueint.f90
mpif90 -O2 -fallow-argument-mismatch -cpp -D__FFTW -D__MPI  -I/home/thiago/Documents/spyn/qe/q-e-qe-7.3.1//external/devxlib/src -I. -I/home/thiago/Documents/spyn/qe/q-e-qe-7.3.1//include -I/home/thiago/Documents/spyn/qe/q-e-qe-7.3.1//upflib -I/home/thiago/Documents/spyn/qe/q-e-qe-7.3.1//XClib -I/home/thiago/Documents/spyn/qe/q-e-qe-7.3.1//Modules -I/home/thiago/Documents/spyn/qe/q-e-qe-7.3.1//FFTXlib/src -I/home/thiago/Documents/spyn/qe/q-e-qe-7.3.1//LAXlib -I/home/thiago/Documents/spyn/qe/q-e-qe-7.3.1//UtilXlib -I/home/thiago/Documents/spyn/qe/q-e-qe-7.3.1//MBD -I/home/thiago/Documents/spyn/qe/q-e-qe-7.3.1//KS_Solvers  -c suscept_vv.f90
mpif90 -O2 -fallow-argument-mismatch -cpp -D__FFTW -D__MPI  -I/home/thiago/Documents/spyn/qe/q-e-qe-7.3.1//external/devxlib/src -I. -I/home/thiago/Documents/spyn/qe/q-e-qe-7.3.1//include -I/home/thiago/Documents/spyn/qe/q-e-qe-7.3.1//upflib -I/home/thiago/Documents/spyn/qe/q-e-qe-7.3.1//XClib -I/home/thiago/Documents/spyn/qe/q-e-qe-7.3.1//Modules -I/home/thiago/Documents/spyn/qe/q-e-qe-7.3.1//FFTXlib/src -I/home/thiago/Documents/spyn/qe/q-e-qe-7.3.1//LAXlib -I/home/thiago/Documents/spyn/qe/q-e-qe-7.3.1//UtilXlib -I/home/thiago/Documents/spyn/qe/q-e-qe-7.3.1//MBD -I/home/thiago/Documents/spyn/qe/q-e-qe-7.3.1//KS_Solvers  -c write_rism_type.f90
mpif90 -O2 -fallow-argument-mismatch -cpp -D__FFTW -D__MPI  -I/home/thiago/Documents/spyn/qe/q-e-qe-7.3.1//external/devxlib/src -I. -I/home/thiago/Documents/spyn/qe/q-e-qe-7.3.1//include -I/home/thiago/Documents/spyn/qe/q-e-qe-7.3.1//upflib -I/home/thiago/Documents/spyn/qe/q-e-qe-7.3.1//XClib -I/home/thiago/Documents/spyn/qe/q-e-qe-7.3.1//Modules -I/home/thiago/Documents/spyn/qe/q-e-qe-7.3.1//FFTXlib/src -I/home/thiago/Documents/spyn/qe/q-e-qe-7.3.1//LAXlib -I/home/thiago/Documents/spyn/qe/q-e-qe-7.3.1//UtilXlib -I/home/thiago/Documents/spyn/qe/q-e-qe-7.3.1//MBD -I/home/thiago/Documents/spyn/qe/q-e-qe-7.3.1//KS_Solvers  -c qmmm.f90
mpif90 -O2 -fallow-argument-mismatch -cpp -D__FFTW -D__MPI  -I/home/thiago/Documents/spyn/qe/q-e-qe-7.3.1//external/devxlib/src -I. -I/home/thiago/Documents/spyn/qe/q-e-qe-7.3.1//include -I/home/thiago/Documents/spyn/qe/q-e-qe-7.3.1//upflib -I/home/thiago/Documents/spyn/qe/q-e-qe-7.3.1//XClib -I/home/thiago/Documents/spyn/qe/q-e-qe-7.3.1//Modules -I/home/thiago/Documents/spyn/qe/q-e-qe-7.3.1//FFTXlib/src -I/home/thiago/Documents/spyn/qe/q-e-qe-7.3.1//LAXlib -I/home/thiago/Documents/spyn/qe/q-e-qe-7.3.1//UtilXlib -I/home/thiago/Documents/spyn/qe/q-e-qe-7.3.1//MBD -I/home/thiago/Documents/spyn/qe/q-e-qe-7.3.1//KS_Solvers  -c read_input.f90
mpif90 -O2 -fallow-argument-mismatch -cpp -D__FFTW -D__MPI  -I/home/thiago/Documents/spyn/qe/q-e-qe-7.3.1//external/devxlib/src -I. -I/home/thiago/Documents/spyn/qe/q-e-qe-7.3.1//include -I/home/thiago/Documents/spyn/qe/q-e-qe-7.3.1//upflib -I/home/thiago/Documents/spyn/qe/q-e-qe-7.3.1//XClib -I/home/thiago/Documents/spyn/qe/q-e-qe-7.3.1//Modules -I/home/thiago/Documents/spyn/qe/q-e-qe-7.3.1//FFTXlib/src -I/home/thiago/Documents/spyn/qe/q-e-qe-7.3.1//LAXlib -I/home/thiago/Documents/spyn/qe/q-e-qe-7.3.1//UtilXlib -I/home/thiago/Documents/spyn/qe/q-e-qe-7.3.1//MBD -I/home/thiago/Documents/spyn/qe/q-e-qe-7.3.1//KS_Solvers  -c read_pseudo.f90
qmmm.f90:320:23:

  270 |         CALL mpi_recv( irecv_buf, 4, MPI_INTEGER, 0, QMMM_TAG_SIZE, qmmm_comm, MPI_STATUS_IGNORE, ierr )
      |                       2
......
  320 |         CALL mpi_recv( cell_mm, 9, MPI_DOUBLE_PRECISION, &
      |                       1
Warning: Type mismatch between actual argument at (1) and actual argument at (2) (REAL(8)/INTEGER(4)).
qmmm.f90:144:24:

  144 |           CALL mpi_send(nat_qm,1,MPI_INTEGER,0,QMMM_TAG_SIZE,qmmm_comm,ierr)
      |                        1
......
  434 |         CALL mpi_send(tmp_buf,3*nat_qm,MPI_DOUBLE_PRECISION, 0,QMMM_TAG_FORCE,qmmm_comm,ierr)
      |                      2  
Warning: Type mismatch between actual argument at (1) and actual argument at (2) (INTEGER(4)/REAL(8)).
mpif90 -O2 -fallow-argument-mismatch -cpp -D__FFTW -D__MPI  -I/home/thiago/Documents/spyn/qe/q-e-qe-7.3.1//external/devxlib/src -I. -I/home/thiago/Documents/spyn/qe/q-e-qe-7.3.1//include -I/home/thiago/Documents/spyn/qe/q-e-qe-7.3.1//upflib -I/home/thiago/Documents/spyn/qe/q-e-qe-7.3.1//XClib -I/home/thiago/Documents/spyn/qe/q-e-qe-7.3.1//Modules -I/home/thiago/Documents/spyn/qe/q-e-qe-7.3.1//FFTXlib/src -I/home/thiago/Documents/spyn/qe/q-e-qe-7.3.1//LAXlib -I/home/thiago/Documents/spyn/qe/q-e-qe-7.3.1//UtilXlib -I/home/thiago/Documents/spyn/qe/q-e-qe-7.3.1//MBD -I/home/thiago/Documents/spyn/qe/q-e-qe-7.3.1//KS_Solvers  -c mbdlib.f90
mpif90 -O2 -fallow-argument-mismatch -cpp -D__FFTW -D__MPI  -I/home/thiago/Documents/spyn/qe/q-e-qe-7.3.1//external/devxlib/src -I. -I/home/thiago/Documents/spyn/qe/q-e-qe-7.3.1//include -I/home/thiago/Documents/spyn/qe/q-e-qe-7.3.1//upflib -I/home/thiago/Documents/spyn/qe/q-e-qe-7.3.1//XClib -I/home/thiago/Documents/spyn/qe/q-e-qe-7.3.1//Modules -I/home/thiago/Documents/spyn/qe/q-e-qe-7.3.1//FFTXlib/src -I/home/thiago/Documents/spyn/qe/q-e-qe-7.3.1//LAXlib -I/home/thiago/Documents/spyn/qe/q-e-qe-7.3.1//UtilXlib -I/home/thiago/Documents/spyn/qe/q-e-qe-7.3.1//MBD -I/home/thiago/Documents/spyn/qe/q-e-qe-7.3.1//KS_Solvers  -c chempot.f90
chempot.f90:97:58:

   97 |       CALL chempot_for_a_site(rismt%nr, ichempot,   beta, rismt%hr(1, isite), rismt%csr(1, isite), &
      |                                                          1
Warning: Element of assumed-shape or pointer array passed to array dummy argument ‘hr’ at (1)
chempot.f90:97:78:

   97 |       CALL chempot_for_a_site(rismt%nr, ichempot,   beta, rismt%hr(1, isite), rismt%csr(1, isite), &
      |                                                                              1
Warning: Element of assumed-shape or pointer array passed to array dummy argument ‘csr’ at (1)
chempot.f90:98:30:

   98 |                             & rismt%ulr(1, isite), weight, lweight, rismt%usol(isite))
      |                              1
Warning: Element of assumed-shape or pointer array passed to array dummy argument ‘ulr’ at (1)
chempot.f90:99:58:

   99 |       CALL chempot_for_a_site(rismt%nr, CHEMPOT_GF, beta, rismt%hr(1, isite), rismt%csr(1, isite), &
      |                                                          1
Warning: Element of assumed-shape or pointer array passed to array dummy argument ‘hr’ at (1)
chempot.f90:99:78:

   99 |       CALL chempot_for_a_site(rismt%nr, CHEMPOT_GF, beta, rismt%hr(1, isite), rismt%csr(1, isite), &
      |                                                                              1
Warning: Element of assumed-shape or pointer array passed to array dummy argument ‘csr’ at (1)
chempot.f90:100:30:

  100 |                             & rismt%ulr(1, isite), weight, lweight, rismt%usol_GF(isite))
      |                              1
Warning: Element of assumed-shape or pointer array passed to array dummy argument ‘ulr’ at (1)
mpif90 -O2 -fallow-argument-mismatch -cpp -D__FFTW -D__MPI  -I/home/thiago/Documents/spyn/qe/q-e-qe-7.3.1//external/devxlib/src -I. -I/home/thiago/Documents/spyn/qe/q-e-qe-7.3.1//include -I/home/thiago/Documents/spyn/qe/q-e-qe-7.3.1//upflib -I/home/thiago/Documents/spyn/qe/q-e-qe-7.3.1//XClib -I/home/thiago/Documents/spyn/qe/q-e-qe-7.3.1//Modules -I/home/thiago/Documents/spyn/qe/q-e-qe-7.3.1//FFTXlib/src -I/home/thiago/Documents/spyn/qe/q-e-qe-7.3.1//LAXlib -I/home/thiago/Documents/spyn/qe/q-e-qe-7.3.1//UtilXlib -I/home/thiago/Documents/spyn/qe/q-e-qe-7.3.1//MBD -I/home/thiago/Documents/spyn/qe/q-e-qe-7.3.1//KS_Solvers  -c chempot_lauerism.f90
mpif90 -O2 -fallow-argument-mismatch -cpp -D__FFTW -D__MPI  -I/home/thiago/Documents/spyn/qe/q-e-qe-7.3.1//external/devxlib/src -I. -I/home/thiago/Documents/spyn/qe/q-e-qe-7.3.1//include -I/home/thiago/Documents/spyn/qe/q-e-qe-7.3.1//upflib -I/home/thiago/Documents/spyn/qe/q-e-qe-7.3.1//XClib -I/home/thiago/Documents/spyn/qe/q-e-qe-7.3.1//Modules -I/home/thiago/Documents/spyn/qe/q-e-qe-7.3.1//FFTXlib/src -I/home/thiago/Documents/spyn/qe/q-e-qe-7.3.1//LAXlib -I/home/thiago/Documents/spyn/qe/q-e-qe-7.3.1//UtilXlib -I/home/thiago/Documents/spyn/qe/q-e-qe-7.3.1//MBD -I/home/thiago/Documents/spyn/qe/q-e-qe-7.3.1//KS_Solvers  -c closure.f90
mpif90 -O2 -fallow-argument-mismatch -cpp -D__FFTW -D__MPI  -I/home/thiago/Documents/spyn/qe/q-e-qe-7.3.1//external/devxlib/src -I. -I/home/thiago/Documents/spyn/qe/q-e-qe-7.3.1//include -I/home/thiago/Documents/spyn/qe/q-e-qe-7.3.1//upflib -I/home/thiago/Documents/spyn/qe/q-e-qe-7.3.1//XClib -I/home/thiago/Documents/spyn/qe/q-e-qe-7.3.1//Modules -I/home/thiago/Documents/spyn/qe/q-e-qe-7.3.1//FFTXlib/src -I/home/thiago/Documents/spyn/qe/q-e-qe-7.3.1//LAXlib -I/home/thiago/Documents/spyn/qe/q-e-qe-7.3.1//UtilXlib -I/home/thiago/Documents/spyn/qe/q-e-qe-7.3.1//MBD -I/home/thiago/Documents/spyn/qe/q-e-qe-7.3.1//KS_Solvers  -c corrdipole_laue.f90
mpif90 -O2 -fallow-argument-mismatch -cpp -D__FFTW -D__MPI  -I/home/thiago/Documents/spyn/qe/q-e-qe-7.3.1//external/devxlib/src -I. -I/home/thiago/Documents/spyn/qe/q-e-qe-7.3.1//include -I/home/thiago/Documents/spyn/qe/q-e-qe-7.3.1//upflib -I/home/thiago/Documents/spyn/qe/q-e-qe-7.3.1//XClib -I/home/thiago/Documents/spyn/qe/q-e-qe-7.3.1//Modules -I/home/thiago/Documents/spyn/qe/q-e-qe-7.3.1//FFTXlib/src -I/home/thiago/Documents/spyn/qe/q-e-qe-7.3.1//LAXlib -I/home/thiago/Documents/spyn/qe/q-e-qe-7.3.1//UtilXlib -I/home/thiago/Documents/spyn/qe/q-e-qe-7.3.1//MBD -I/home/thiago/Documents/spyn/qe/q-e-qe-7.3.1//KS_Solvers  -c correctat0_vv.f90
mpif90 -O2 -fallow-argument-mismatch -cpp -D__FFTW -D__MPI  -I/home/thiago/Documents/spyn/qe/q-e-qe-7.3.1//external/devxlib/src -I. -I/home/thiago/Documents/spyn/qe/q-e-qe-7.3.1//include -I/home/thiago/Documents/spyn/qe/q-e-qe-7.3.1//upflib -I/home/thiago/Documents/spyn/qe/q-e-qe-7.3.1//XClib -I/home/thiago/Documents/spyn/qe/q-e-qe-7.3.1//Modules -I/home/thiago/Documents/spyn/qe/q-e-qe-7.3.1//FFTXlib/src -I/home/thiago/Documents/spyn/qe/q-e-qe-7.3.1//LAXlib -I/home/thiago/Documents/spyn/qe/q-e-qe-7.3.1//UtilXlib -I/home/thiago/Documents/spyn/qe/q-e-qe-7.3.1//MBD -I/home/thiago/Documents/spyn/qe/q-e-qe-7.3.1//KS_Solvers  -c corrgxy0_laue.f90
closure.f90:54:13:

   54 |            & rismt%usr(1, 1), rismt%hr(1, 1), rismt%csr(1, 1), rismt%gr(1, 1))
      |             1
Warning: Element of assumed-shape or pointer array passed to array dummy argument ‘ur’ at (1)
closure.f90:54:30:

   54 |            & rismt%usr(1, 1), rismt%hr(1, 1), rismt%csr(1, 1), rismt%gr(1, 1))
      |                              1
Warning: Element of assumed-shape or pointer array passed to array dummy argument ‘hr’ at (1)
closure.f90:54:46:

   54 |            & rismt%usr(1, 1), rismt%hr(1, 1), rismt%csr(1, 1), rismt%gr(1, 1))
      |                                              1
Warning: Element of assumed-shape or pointer array passed to array dummy argument ‘cr’ at (1)
closure.f90:54:63:

   54 |            & rismt%usr(1, 1), rismt%hr(1, 1), rismt%csr(1, 1), rismt%gr(1, 1))
      |                                                               1
Warning: Element of assumed-shape or pointer array passed to array dummy argument ‘gr’ at (1)
closure.f90:60:13:

   60 |            & rismt%usr(1, 1), rismt%hr(1, 1), rismt%csdr(1, 1), rismt%gr(1, 1))
      |             1
Warning: Element of assumed-shape or pointer array passed to array dummy argument ‘ur’ at (1)
closure.f90:60:30:

   60 |            & rismt%usr(1, 1), rismt%hr(1, 1), rismt%csdr(1, 1), rismt%gr(1, 1))
      |                              1
Warning: Element of assumed-shape or pointer array passed to array dummy argument ‘hr’ at (1)
closure.f90:60:46:

   60 |            & rismt%usr(1, 1), rismt%hr(1, 1), rismt%csdr(1, 1), rismt%gr(1, 1))
      |                                              1
Warning: Element of assumed-shape or pointer array passed to array dummy argument ‘cr’ at (1)
closure.f90:60:64:

   60 |            & rismt%usr(1, 1), rismt%hr(1, 1), rismt%csdr(1, 1), rismt%gr(1, 1))
      |                                                                1
Warning: Element of assumed-shape or pointer array passed to array dummy argument ‘gr’ at (1)
closure.f90:65:13:

   65 |            & rismt%usg0(1, 1), rismt%hg0(1, 1), rismt%csdg0(1, 1), rismt%gg0(1, 1))
      |             1
Warning: Element of assumed-shape or pointer array passed to array dummy argument ‘ur’ at (1)
closure.f90:65:31:

   65 |            & rismt%usg0(1, 1), rismt%hg0(1, 1), rismt%csdg0(1, 1), rismt%gg0(1, 1))
      |                               1
Warning: Element of assumed-shape or pointer array passed to array dummy argument ‘hr’ at (1)
closure.f90:65:48:

   65 |            & rismt%usg0(1, 1), rismt%hg0(1, 1), rismt%csdg0(1, 1), rismt%gg0(1, 1))
      |                                                1
Warning: Element of assumed-shape or pointer array passed to array dummy argument ‘cr’ at (1)
closure.f90:65:67:

   65 |            & rismt%usg0(1, 1), rismt%hg0(1, 1), rismt%csdg0(1, 1), rismt%gg0(1, 1))
      |                                                                   1
Warning: Element of assumed-shape or pointer array passed to array dummy argument ‘gr’ at (1)
closure.f90:74:13:

   74 |            & rismt%usr(1, 1), rismt%hr(1, 1), rismt%csr(1, 1), rismt%gr(1, 1))
      |             1
Warning: Element of assumed-shape or pointer array passed to array dummy argument ‘ur’ at (1)
closure.f90:74:30:

   74 |            & rismt%usr(1, 1), rismt%hr(1, 1), rismt%csr(1, 1), rismt%gr(1, 1))
      |                              1
Warning: Element of assumed-shape or pointer array passed to array dummy argument ‘hr’ at (1)
closure.f90:74:46:

   74 |            & rismt%usr(1, 1), rismt%hr(1, 1), rismt%csr(1, 1), rismt%gr(1, 1))
      |                                              1
Warning: Element of assumed-shape or pointer array passed to array dummy argument ‘cr’ at (1)
closure.f90:74:63:

   74 |            & rismt%usr(1, 1), rismt%hr(1, 1), rismt%csr(1, 1), rismt%gr(1, 1))
      |                                                               1
Warning: Element of assumed-shape or pointer array passed to array dummy argument ‘gr’ at (1)
closure.f90:80:13:

   80 |            & rismt%usr(1, 1), rismt%hr(1, 1), rismt%csdr(1, 1), rismt%gr(1, 1))
      |             1
Warning: Element of assumed-shape or pointer array passed to array dummy argument ‘ur’ at (1)
closure.f90:80:30:

   80 |            & rismt%usr(1, 1), rismt%hr(1, 1), rismt%csdr(1, 1), rismt%gr(1, 1))
      |                              1
Warning: Element of assumed-shape or pointer array passed to array dummy argument ‘hr’ at (1)
closure.f90:80:46:

   80 |            & rismt%usr(1, 1), rismt%hr(1, 1), rismt%csdr(1, 1), rismt%gr(1, 1))
      |                                              1
Warning: Element of assumed-shape or pointer array passed to array dummy argument ‘cr’ at (1)
closure.f90:80:64:

   80 |            & rismt%usr(1, 1), rismt%hr(1, 1), rismt%csdr(1, 1), rismt%gr(1, 1))
      |                                                                1
Warning: Element of assumed-shape or pointer array passed to array dummy argument ‘gr’ at (1)
closure.f90:85:13:

   85 |            & rismt%usg0(1, 1), rismt%hg0(1, 1), rismt%csdg0(1, 1), rismt%gg0(1, 1))
      |             1
Warning: Element of assumed-shape or pointer array passed to array dummy argument ‘ur’ at (1)
closure.f90:85:31:

   85 |            & rismt%usg0(1, 1), rismt%hg0(1, 1), rismt%csdg0(1, 1), rismt%gg0(1, 1))
      |                               1
Warning: Element of assumed-shape or pointer array passed to array dummy argument ‘hr’ at (1)
closure.f90:85:48:

   85 |            & rismt%usg0(1, 1), rismt%hg0(1, 1), rismt%csdg0(1, 1), rismt%gg0(1, 1))
      |                                                1
Warning: Element of assumed-shape or pointer array passed to array dummy argument ‘cr’ at (1)
closure.f90:85:67:

   85 |            & rismt%usg0(1, 1), rismt%hg0(1, 1), rismt%csdg0(1, 1), rismt%gg0(1, 1))
      |                                                                   1
Warning: Element of assumed-shape or pointer array passed to array dummy argument ‘gr’ at (1)
mpif90 -O2 -fallow-argument-mismatch -cpp -D__FFTW -D__MPI  -I/home/thiago/Documents/spyn/qe/q-e-qe-7.3.1//external/devxlib/src -I. -I/home/thiago/Documents/spyn/qe/q-e-qe-7.3.1//include -I/home/thiago/Documents/spyn/qe/q-e-qe-7.3.1//upflib -I/home/thiago/Documents/spyn/qe/q-e-qe-7.3.1//XClib -I/home/thiago/Documents/spyn/qe/q-e-qe-7.3.1//Modules -I/home/thiago/Documents/spyn/qe/q-e-qe-7.3.1//FFTXlib/src -I/home/thiago/Documents/spyn/qe/q-e-qe-7.3.1//LAXlib -I/home/thiago/Documents/spyn/qe/q-e-qe-7.3.1//UtilXlib -I/home/thiago/Documents/spyn/qe/q-e-qe-7.3.1//MBD -I/home/thiago/Documents/spyn/qe/q-e-qe-7.3.1//KS_Solvers  -c do_1drism.f90
mpif90 -O2 -fallow-argument-mismatch -cpp -D__FFTW -D__MPI  -I/home/thiago/Documents/spyn/qe/q-e-qe-7.3.1//external/devxlib/src -I. -I/home/thiago/Documents/spyn/qe/q-e-qe-7.3.1//include -I/home/thiago/Documents/spyn/qe/q-e-qe-7.3.1//upflib -I/home/thiago/Documents/spyn/qe/q-e-qe-7.3.1//XClib -I/home/thiago/Documents/spyn/qe/q-e-qe-7.3.1//Modules -I/home/thiago/Documents/spyn/qe/q-e-qe-7.3.1//FFTXlib/src -I/home/thiago/Documents/spyn/qe/q-e-qe-7.3.1//LAXlib -I/home/thiago/Documents/spyn/qe/q-e-qe-7.3.1//UtilXlib -I/home/thiago/Documents/spyn/qe/q-e-qe-7.3.1//MBD -I/home/thiago/Documents/spyn/qe/q-e-qe-7.3.1//KS_Solvers  -c do_3drism.f90
mpif90 -O2 -fallow-argument-mismatch -cpp -D__FFTW -D__MPI  -I/home/thiago/Documents/spyn/qe/q-e-qe-7.3.1//external/devxlib/src -I. -I/home/thiago/Documents/spyn/qe/q-e-qe-7.3.1//include -I/home/thiago/Documents/spyn/qe/q-e-qe-7.3.1//upflib -I/home/thiago/Documents/spyn/qe/q-e-qe-7.3.1//XClib -I/home/thiago/Documents/spyn/qe/q-e-qe-7.3.1//Modules -I/home/thiago/Documents/spyn/qe/q-e-qe-7.3.1//FFTXlib/src -I/home/thiago/Documents/spyn/qe/q-e-qe-7.3.1//LAXlib -I/home/thiago/Documents/spyn/qe/q-e-qe-7.3.1//UtilXlib -I/home/thiago/Documents/spyn/qe/q-e-qe-7.3.1//MBD -I/home/thiago/Documents/spyn/qe/q-e-qe-7.3.1//KS_Solvers  -c do_lauerism.f90
do_1drism.f90:422:44:

  422 |       & rismt%mp_task%nvec, work, rismt%nr, rismt%csr, +1)
      |                                            1
......
  502 |       & rismt%mp_task%nvec, work(1, 1), rismt%ng, rismt%csg(1, 1), +1)
      |                                                  2
Warning: Rank mismatch between actual argument at (1) and actual argument at (2) (scalar and rank-2)
do_1drism.f90:432:44:

  432 |       & rismt%mp_task%nvec, work, rismt%ng, rismt%csg, -1)
      |                                            1
......
  502 |       & rismt%mp_task%nvec, work(1, 1), rismt%ng, rismt%csg(1, 1), +1)
      |                                                  2
Warning: Rank mismatch between actual argument at (1) and actual argument at (2) (scalar and rank-2)
mpif90 -O2 -fallow-argument-mismatch -cpp -D__FFTW -D__MPI  -I/home/thiago/Documents/spyn/qe/q-e-qe-7.3.1//external/devxlib/src -I. -I/home/thiago/Documents/spyn/qe/q-e-qe-7.3.1//include -I/home/thiago/Documents/spyn/qe/q-e-qe-7.3.1//upflib -I/home/thiago/Documents/spyn/qe/q-e-qe-7.3.1//XClib -I/home/thiago/Documents/spyn/qe/q-e-qe-7.3.1//Modules -I/home/thiago/Documents/spyn/qe/q-e-qe-7.3.1//FFTXlib/src -I/home/thiago/Documents/spyn/qe/q-e-qe-7.3.1//LAXlib -I/home/thiago/Documents/spyn/qe/q-e-qe-7.3.1//UtilXlib -I/home/thiago/Documents/spyn/qe/q-e-qe-7.3.1//MBD -I/home/thiago/Documents/spyn/qe/q-e-qe-7.3.1//KS_Solvers  -c eqn_1drism.f90
mpif90 -O2 -fallow-argument-mismatch -cpp -D__FFTW -D__MPI  -I/home/thiago/Documents/spyn/qe/q-e-qe-7.3.1//external/devxlib/src -I. -I/home/thiago/Documents/spyn/qe/q-e-qe-7.3.1//include -I/home/thiago/Documents/spyn/qe/q-e-qe-7.3.1//upflib -I/home/thiago/Documents/spyn/qe/q-e-qe-7.3.1//XClib -I/home/thiago/Documents/spyn/qe/q-e-qe-7.3.1//Modules -I/home/thiago/Documents/spyn/qe/q-e-qe-7.3.1//FFTXlib/src -I/home/thiago/Documents/spyn/qe/q-e-qe-7.3.1//LAXlib -I/home/thiago/Documents/spyn/qe/q-e-qe-7.3.1//UtilXlib -I/home/thiago/Documents/spyn/qe/q-e-qe-7.3.1//MBD -I/home/thiago/Documents/spyn/qe/q-e-qe-7.3.1//KS_Solvers  -c eqn_3drism.f90
mpif90 -O2 -fallow-argument-mismatch -cpp -D__FFTW -D__MPI  -I/home/thiago/Documents/spyn/qe/q-e-qe-7.3.1//external/devxlib/src -I. -I/home/thiago/Documents/spyn/qe/q-e-qe-7.3.1//include -I/home/thiago/Documents/spyn/qe/q-e-qe-7.3.1//upflib -I/home/thiago/Documents/spyn/qe/q-e-qe-7.3.1//XClib -I/home/thiago/Documents/spyn/qe/q-e-qe-7.3.1//Modules -I/home/thiago/Documents/spyn/qe/q-e-qe-7.3.1//FFTXlib/src -I/home/thiago/Documents/spyn/qe/q-e-qe-7.3.1//LAXlib -I/home/thiago/Documents/spyn/qe/q-e-qe-7.3.1//UtilXlib -I/home/thiago/Documents/spyn/qe/q-e-qe-7.3.1//MBD -I/home/thiago/Documents/spyn/qe/q-e-qe-7.3.1//KS_Solvers  -c eqn_lauedipole.f90
mpif90 -O2 -fallow-argument-mismatch -cpp -D__FFTW -D__MPI  -I/home/thiago/Documents/spyn/qe/q-e-qe-7.3.1//external/devxlib/src -I. -I/home/thiago/Documents/spyn/qe/q-e-qe-7.3.1//include -I/home/thiago/Documents/spyn/qe/q-e-qe-7.3.1//upflib -I/home/thiago/Documents/spyn/qe/q-e-qe-7.3.1//XClib -I/home/thiago/Documents/spyn/qe/q-e-qe-7.3.1//Modules -I/home/thiago/Documents/spyn/qe/q-e-qe-7.3.1//FFTXlib/src -I/home/thiago/Documents/spyn/qe/q-e-qe-7.3.1//LAXlib -I/home/thiago/Documents/spyn/qe/q-e-qe-7.3.1//UtilXlib -I/home/thiago/Documents/spyn/qe/q-e-qe-7.3.1//MBD -I/home/thiago/Documents/spyn/qe/q-e-qe-7.3.1//KS_Solvers  -c eqn_lauegxy0.f90
mpif90 -O2 -fallow-argument-mismatch -cpp -D__FFTW -D__MPI  -I/home/thiago/Documents/spyn/qe/q-e-qe-7.3.1//external/devxlib/src -I. -I/home/thiago/Documents/spyn/qe/q-e-qe-7.3.1//include -I/home/thiago/Documents/spyn/qe/q-e-qe-7.3.1//upflib -I/home/thiago/Documents/spyn/qe/q-e-qe-7.3.1//XClib -I/home/thiago/Documents/spyn/qe/q-e-qe-7.3.1//Modules -I/home/thiago/Documents/spyn/qe/q-e-qe-7.3.1//FFTXlib/src -I/home/thiago/Documents/spyn/qe/q-e-qe-7.3.1//LAXlib -I/home/thiago/Documents/spyn/qe/q-e-qe-7.3.1//UtilXlib -I/home/thiago/Documents/spyn/qe/q-e-qe-7.3.1//MBD -I/home/thiago/Documents/spyn/qe/q-e-qe-7.3.1//KS_Solvers  -c eqn_lauelong.f90
mpif90 -O2 -fallow-argument-mismatch -cpp -D__FFTW -D__MPI  -I/home/thiago/Documents/spyn/qe/q-e-qe-7.3.1//external/devxlib/src -I. -I/home/thiago/Documents/spyn/qe/q-e-qe-7.3.1//include -I/home/thiago/Documents/spyn/qe/q-e-qe-7.3.1//upflib -I/home/thiago/Documents/spyn/qe/q-e-qe-7.3.1//XClib -I/home/thiago/Documents/spyn/qe/q-e-qe-7.3.1//Modules -I/home/thiago/Documents/spyn/qe/q-e-qe-7.3.1//FFTXlib/src -I/home/thiago/Documents/spyn/qe/q-e-qe-7.3.1//LAXlib -I/home/thiago/Documents/spyn/qe/q-e-qe-7.3.1//UtilXlib -I/home/thiago/Documents/spyn/qe/q-e-qe-7.3.1//MBD -I/home/thiago/Documents/spyn/qe/q-e-qe-7.3.1//KS_Solvers  -c eqn_lauerism.f90
mpif90 -O2 -fallow-argument-mismatch -cpp -D__FFTW -D__MPI  -I/home/thiago/Documents/spyn/qe/q-e-qe-7.3.1//external/devxlib/src -I. -I/home/thiago/Documents/spyn/qe/q-e-qe-7.3.1//include -I/home/thiago/Documents/spyn/qe/q-e-qe-7.3.1//upflib -I/home/thiago/Documents/spyn/qe/q-e-qe-7.3.1//XClib -I/home/thiago/Documents/spyn/qe/q-e-qe-7.3.1//Modules -I/home/thiago/Documents/spyn/qe/q-e-qe-7.3.1//FFTXlib/src -I/home/thiago/Documents/spyn/qe/q-e-qe-7.3.1//LAXlib -I/home/thiago/Documents/spyn/qe/q-e-qe-7.3.1//UtilXlib -I/home/thiago/Documents/spyn/qe/q-e-qe-7.3.1//MBD -I/home/thiago/Documents/spyn/qe/q-e-qe-7.3.1//KS_Solvers  -c eqn_laueshort.f90
mpif90 -O2 -fallow-argument-mismatch -cpp -D__FFTW -D__MPI  -I/home/thiago/Documents/spyn/qe/q-e-qe-7.3.1//external/devxlib/src -I. -I/home/thiago/Documents/spyn/qe/q-e-qe-7.3.1//include -I/home/thiago/Documents/spyn/qe/q-e-qe-7.3.1//upflib -I/home/thiago/Documents/spyn/qe/q-e-qe-7.3.1//XClib -I/home/thiago/Documents/spyn/qe/q-e-qe-7.3.1//Modules -I/home/thiago/Documents/spyn/qe/q-e-qe-7.3.1//FFTXlib/src -I/home/thiago/Documents/spyn/qe/q-e-qe-7.3.1//LAXlib -I/home/thiago/Documents/spyn/qe/q-e-qe-7.3.1//UtilXlib -I/home/thiago/Documents/spyn/qe/q-e-qe-7.3.1//MBD -I/home/thiago/Documents/spyn/qe/q-e-qe-7.3.1//KS_Solvers  -c eqn_lauevoid.f90
mpif90 -O2 -fallow-argument-mismatch -cpp -D__FFTW -D__MPI  -I/home/thiago/Documents/spyn/qe/q-e-qe-7.3.1//external/devxlib/src -I. -I/home/thiago/Documents/spyn/qe/q-e-qe-7.3.1//include -I/home/thiago/Documents/spyn/qe/q-e-qe-7.3.1//upflib -I/home/thiago/Documents/spyn/qe/q-e-qe-7.3.1//XClib -I/home/thiago/Documents/spyn/qe/q-e-qe-7.3.1//Modules -I/home/thiago/Documents/spyn/qe/q-e-qe-7.3.1//FFTXlib/src -I/home/thiago/Documents/spyn/qe/q-e-qe-7.3.1//LAXlib -I/home/thiago/Documents/spyn/qe/q-e-qe-7.3.1//UtilXlib -I/home/thiago/Documents/spyn/qe/q-e-qe-7.3.1//MBD -I/home/thiago/Documents/spyn/qe/q-e-qe-7.3.1//KS_Solvers  -c guess_3drism.f90
mpif90 -O2 -fallow-argument-mismatch -cpp -D__FFTW -D__MPI  -I/home/thiago/Documents/spyn/qe/q-e-qe-7.3.1//external/devxlib/src -I. -I/home/thiago/Documents/spyn/qe/q-e-qe-7.3.1//include -I/home/thiago/Documents/spyn/qe/q-e-qe-7.3.1//upflib -I/home/thiago/Documents/spyn/qe/q-e-qe-7.3.1//XClib -I/home/thiago/Documents/spyn/qe/q-e-qe-7.3.1//Modules -I/home/thiago/Documents/spyn/qe/q-e-qe-7.3.1//FFTXlib/src -I/home/thiago/Documents/spyn/qe/q-e-qe-7.3.1//LAXlib -I/home/thiago/Documents/spyn/qe/q-e-qe-7.3.1//UtilXlib -I/home/thiago/Documents/spyn/qe/q-e-qe-7.3.1//MBD -I/home/thiago/Documents/spyn/qe/q-e-qe-7.3.1//KS_Solvers  -c init_1drism.f90
mpif90 -O2 -fallow-argument-mismatch -cpp -D__FFTW -D__MPI  -I/home/thiago/Documents/spyn/qe/q-e-qe-7.3.1//external/devxlib/src -I. -I/home/thiago/Documents/spyn/qe/q-e-qe-7.3.1//include -I/home/thiago/Documents/spyn/qe/q-e-qe-7.3.1//upflib -I/home/thiago/Documents/spyn/qe/q-e-qe-7.3.1//XClib -I/home/thiago/Documents/spyn/qe/q-e-qe-7.3.1//Modules -I/home/thiago/Documents/spyn/qe/q-e-qe-7.3.1//FFTXlib/src -I/home/thiago/Documents/spyn/qe/q-e-qe-7.3.1//LAXlib -I/home/thiago/Documents/spyn/qe/q-e-qe-7.3.1//UtilXlib -I/home/thiago/Documents/spyn/qe/q-e-qe-7.3.1//MBD -I/home/thiago/Documents/spyn/qe/q-e-qe-7.3.1//KS_Solvers  -c io_rism_xml.f90
mpif90 -O2 -fallow-argument-mismatch -cpp -D__FFTW -D__MPI  -I/home/thiago/Documents/spyn/qe/q-e-qe-7.3.1//external/devxlib/src -I. -I/home/thiago/Documents/spyn/qe/q-e-qe-7.3.1//include -I/home/thiago/Documents/spyn/qe/q-e-qe-7.3.1//upflib -I/home/thiago/Documents/spyn/qe/q-e-qe-7.3.1//XClib -I/home/thiago/Documents/spyn/qe/q-e-qe-7.3.1//Modules -I/home/thiago/Documents/spyn/qe/q-e-qe-7.3.1//FFTXlib/src -I/home/thiago/Documents/spyn/qe/q-e-qe-7.3.1//LAXlib -I/home/thiago/Documents/spyn/qe/q-e-qe-7.3.1//UtilXlib -I/home/thiago/Documents/spyn/qe/q-e-qe-7.3.1//MBD -I/home/thiago/Documents/spyn/qe/q-e-qe-7.3.1//KS_Solvers  -c solute.f90
mpif90 -O2 -fallow-argument-mismatch -cpp -D__FFTW -D__MPI  -I/home/thiago/Documents/spyn/qe/q-e-qe-7.3.1//external/devxlib/src -I. -I/home/thiago/Documents/spyn/qe/q-e-qe-7.3.1//include -I/home/thiago/Documents/spyn/qe/q-e-qe-7.3.1//upflib -I/home/thiago/Documents/spyn/qe/q-e-qe-7.3.1//XClib -I/home/thiago/Documents/spyn/qe/q-e-qe-7.3.1//Modules -I/home/thiago/Documents/spyn/qe/q-e-qe-7.3.1//FFTXlib/src -I/home/thiago/Documents/spyn/qe/q-e-qe-7.3.1//LAXlib -I/home/thiago/Documents/spyn/qe/q-e-qe-7.3.1//UtilXlib -I/home/thiago/Documents/spyn/qe/q-e-qe-7.3.1//MBD -I/home/thiago/Documents/spyn/qe/q-e-qe-7.3.1//KS_Solvers  -c lj_solute.f90
mpif90 -O2 -fallow-argument-mismatch -cpp -D__FFTW -D__MPI  -I/home/thiago/Documents/spyn/qe/q-e-qe-7.3.1//external/devxlib/src -I. -I/home/thiago/Documents/spyn/qe/q-e-qe-7.3.1//include -I/home/thiago/Documents/spyn/qe/q-e-qe-7.3.1//upflib -I/home/thiago/Documents/spyn/qe/q-e-qe-7.3.1//XClib -I/home/thiago/Documents/spyn/qe/q-e-qe-7.3.1//Modules -I/home/thiago/Documents/spyn/qe/q-e-qe-7.3.1//FFTXlib/src -I/home/thiago/Documents/spyn/qe/q-e-qe-7.3.1//LAXlib -I/home/thiago/Documents/spyn/qe/q-e-qe-7.3.1//UtilXlib -I/home/thiago/Documents/spyn/qe/q-e-qe-7.3.1//MBD -I/home/thiago/Documents/spyn/qe/q-e-qe-7.3.1//KS_Solvers  -c solvation_force.f90
mpif90 -O2 -fallow-argument-mismatch -cpp -D__FFTW -D__MPI  -I/home/thiago/Documents/spyn/qe/q-e-qe-7.3.1//external/devxlib/src -I. -I/home/thiago/Documents/spyn/qe/q-e-qe-7.3.1//include -I/home/thiago/Documents/spyn/qe/q-e-qe-7.3.1//upflib -I/home/thiago/Documents/spyn/qe/q-e-qe-7.3.1//XClib -I/home/thiago/Documents/spyn/qe/q-e-qe-7.3.1//Modules -I/home/thiago/Documents/spyn/qe/q-e-qe-7.3.1//FFTXlib/src -I/home/thiago/Documents/spyn/qe/q-e-qe-7.3.1//LAXlib -I/home/thiago/Documents/spyn/qe/q-e-qe-7.3.1//UtilXlib -I/home/thiago/Documents/spyn/qe/q-e-qe-7.3.1//MBD -I/home/thiago/Documents/spyn/qe/q-e-qe-7.3.1//KS_Solvers  -c solvation_stress.f90
mpif90 -O2 -fallow-argument-mismatch -cpp -D__FFTW -D__MPI  -I/home/thiago/Documents/spyn/qe/q-e-qe-7.3.1//external/devxlib/src -I. -I/home/thiago/Documents/spyn/qe/q-e-qe-7.3.1//include -I/home/thiago/Documents/spyn/qe/q-e-qe-7.3.1//upflib -I/home/thiago/Documents/spyn/qe/q-e-qe-7.3.1//XClib -I/home/thiago/Documents/spyn/qe/q-e-qe-7.3.1//Modules -I/home/thiago/Documents/spyn/qe/q-e-qe-7.3.1//FFTXlib/src -I/home/thiago/Documents/spyn/qe/q-e-qe-7.3.1//LAXlib -I/home/thiago/Documents/spyn/qe/q-e-qe-7.3.1//UtilXlib -I/home/thiago/Documents/spyn/qe/q-e-qe-7.3.1//MBD -I/home/thiago/Documents/spyn/qe/q-e-qe-7.3.1//KS_Solvers  -c rism1d_facade.f90
mpif90 -O2 -fallow-argument-mismatch -cpp -D__FFTW -D__MPI  -I/home/thiago/Documents/spyn/qe/q-e-qe-7.3.1//external/devxlib/src -I. -I/home/thiago/Documents/spyn/qe/q-e-qe-7.3.1//include -I/home/thiago/Documents/spyn/qe/q-e-qe-7.3.1//upflib -I/home/thiago/Documents/spyn/qe/q-e-qe-7.3.1//XClib -I/home/thiago/Documents/spyn/qe/q-e-qe-7.3.1//Modules -I/home/thiago/Documents/spyn/qe/q-e-qe-7.3.1//FFTXlib/src -I/home/thiago/Documents/spyn/qe/q-e-qe-7.3.1//LAXlib -I/home/thiago/Documents/spyn/qe/q-e-qe-7.3.1//UtilXlib -I/home/thiago/Documents/spyn/qe/q-e-qe-7.3.1//MBD -I/home/thiago/Documents/spyn/qe/q-e-qe-7.3.1//KS_Solvers  -c rism3d_facade.f90
mpif90 -O2 -fallow-argument-mismatch -cpp -D__FFTW -D__MPI  -I/home/thiago/Documents/spyn/qe/q-e-qe-7.3.1//external/devxlib/src -I. -I/home/thiago/Documents/spyn/qe/q-e-qe-7.3.1//include -I/home/thiago/Documents/spyn/qe/q-e-qe-7.3.1//upflib -I/home/thiago/Documents/spyn/qe/q-e-qe-7.3.1//XClib -I/home/thiago/Documents/spyn/qe/q-e-qe-7.3.1//Modules -I/home/thiago/Documents/spyn/qe/q-e-qe-7.3.1//FFTXlib/src -I/home/thiago/Documents/spyn/qe/q-e-qe-7.3.1//LAXlib -I/home/thiago/Documents/spyn/qe/q-e-qe-7.3.1//UtilXlib -I/home/thiago/Documents/spyn/qe/q-e-qe-7.3.1//MBD -I/home/thiago/Documents/spyn/qe/q-e-qe-7.3.1//KS_Solvers  -c init_3drism.f90
mpif90 -O2 -fallow-argument-mismatch -cpp -D__FFTW -D__MPI  -I/home/thiago/Documents/spyn/qe/q-e-qe-7.3.1//external/devxlib/src -I. -I/home/thiago/Documents/spyn/qe/q-e-qe-7.3.1//include -I/home/thiago/Documents/spyn/qe/q-e-qe-7.3.1//upflib -I/home/thiago/Documents/spyn/qe/q-e-qe-7.3.1//XClib -I/home/thiago/Documents/spyn/qe/q-e-qe-7.3.1//Modules -I/home/thiago/Documents/spyn/qe/q-e-qe-7.3.1//FFTXlib/src -I/home/thiago/Documents/spyn/qe/q-e-qe-7.3.1//LAXlib -I/home/thiago/Documents/spyn/qe/q-e-qe-7.3.1//UtilXlib -I/home/thiago/Documents/spyn/qe/q-e-qe-7.3.1//MBD -I/home/thiago/Documents/spyn/qe/q-e-qe-7.3.1//KS_Solvers  -c input_1drism.f90
mpif90 -O2 -fallow-argument-mismatch -cpp -D__FFTW -D__MPI  -I/home/thiago/Documents/spyn/qe/q-e-qe-7.3.1//external/devxlib/src -I. -I/home/thiago/Documents/spyn/qe/q-e-qe-7.3.1//include -I/home/thiago/Documents/spyn/qe/q-e-qe-7.3.1//upflib -I/home/thiago/Documents/spyn/qe/q-e-qe-7.3.1//XClib -I/home/thiago/Documents/spyn/qe/q-e-qe-7.3.1//Modules -I/home/thiago/Documents/spyn/qe/q-e-qe-7.3.1//FFTXlib/src -I/home/thiago/Documents/spyn/qe/q-e-qe-7.3.1//LAXlib -I/home/thiago/Documents/spyn/qe/q-e-qe-7.3.1//UtilXlib -I/home/thiago/Documents/spyn/qe/q-e-qe-7.3.1//MBD -I/home/thiago/Documents/spyn/qe/q-e-qe-7.3.1//KS_Solvers  -c print_solvavg.f90
mpif90 -O2 -fallow-argument-mismatch -cpp -D__FFTW -D__MPI  -I/home/thiago/Documents/spyn/qe/q-e-qe-7.3.1//external/devxlib/src -I. -I/home/thiago/Documents/spyn/qe/q-e-qe-7.3.1//include -I/home/thiago/Documents/spyn/qe/q-e-qe-7.3.1//upflib -I/home/thiago/Documents/spyn/qe/q-e-qe-7.3.1//XClib -I/home/thiago/Documents/spyn/qe/q-e-qe-7.3.1//Modules -I/home/thiago/Documents/spyn/qe/q-e-qe-7.3.1//FFTXlib/src -I/home/thiago/Documents/spyn/qe/q-e-qe-7.3.1//LAXlib -I/home/thiago/Documents/spyn/qe/q-e-qe-7.3.1//UtilXlib -I/home/thiago/Documents/spyn/qe/q-e-qe-7.3.1//MBD -I/home/thiago/Documents/spyn/qe/q-e-qe-7.3.1//KS_Solvers  -c summary_1drism.f90
mpif90 -O2 -fallow-argument-mismatch -cpp -D__FFTW -D__MPI  -I/home/thiago/Documents/spyn/qe/q-e-qe-7.3.1//external/devxlib/src -I. -I/home/thiago/Documents/spyn/qe/q-e-qe-7.3.1//include -I/home/thiago/Documents/spyn/qe/q-e-qe-7.3.1//upflib -I/home/thiago/Documents/spyn/qe/q-e-qe-7.3.1//XClib -I/home/thiago/Documents/spyn/qe/q-e-qe-7.3.1//Modules -I/home/thiago/Documents/spyn/qe/q-e-qe-7.3.1//FFTXlib/src -I/home/thiago/Documents/spyn/qe/q-e-qe-7.3.1//LAXlib -I/home/thiago/Documents/spyn/qe/q-e-qe-7.3.1//UtilXlib -I/home/thiago/Documents/spyn/qe/q-e-qe-7.3.1//MBD -I/home/thiago/Documents/spyn/qe/q-e-qe-7.3.1//KS_Solvers  -c input_3drism.f90
mpif90 -O2 -fallow-argument-mismatch -cpp -D__FFTW -D__MPI  -I/home/thiago/Documents/spyn/qe/q-e-qe-7.3.1//external/devxlib/src -I. -I/home/thiago/Documents/spyn/qe/q-e-qe-7.3.1//include -I/home/thiago/Documents/spyn/qe/q-e-qe-7.3.1//upflib -I/home/thiago/Documents/spyn/qe/q-e-qe-7.3.1//XClib -I/home/thiago/Documents/spyn/qe/q-e-qe-7.3.1//Modules -I/home/thiago/Documents/spyn/qe/q-e-qe-7.3.1//FFTXlib/src -I/home/thiago/Documents/spyn/qe/q-e-qe-7.3.1//LAXlib -I/home/thiago/Documents/spyn/qe/q-e-qe-7.3.1//UtilXlib -I/home/thiago/Documents/spyn/qe/q-e-qe-7.3.1//MBD -I/home/thiago/Documents/spyn/qe/q-e-qe-7.3.1//KS_Solvers  -c solvation_esm.f90
mpif90 -O2 -fallow-argument-mismatch -cpp -D__FFTW -D__MPI  -I/home/thiago/Documents/spyn/qe/q-e-qe-7.3.1//external/devxlib/src -I. -I/home/thiago/Documents/spyn/qe/q-e-qe-7.3.1//include -I/home/thiago/Documents/spyn/qe/q-e-qe-7.3.1//upflib -I/home/thiago/Documents/spyn/qe/q-e-qe-7.3.1//XClib -I/home/thiago/Documents/spyn/qe/q-e-qe-7.3.1//Modules -I/home/thiago/Documents/spyn/qe/q-e-qe-7.3.1//FFTXlib/src -I/home/thiago/Documents/spyn/qe/q-e-qe-7.3.1//LAXlib -I/home/thiago/Documents/spyn/qe/q-e-qe-7.3.1//UtilXlib -I/home/thiago/Documents/spyn/qe/q-e-qe-7.3.1//MBD -I/home/thiago/Documents/spyn/qe/q-e-qe-7.3.1//KS_Solvers  -c summary_3drism.f90
ar ruv libqemod.a additional_kpoints.o atomic_wfc_mod.o autopilot.o basic_algebra_routines.o becmod.o bfgs_module.o bspline.o bz_form.o cell_base.o check_stop.o command_line_options.o compute_dipole.o constants.o constraints_module.o control_flags.o coulomb_vcut.o dist.o electrons_base.o environ_base_module.o environment.o extffield.o fd_gradient.o fft_base.o fft_rho.o fft_wave.o fsockets.o funct.o generate_function.o gradutils.o gvecw.o input_parameters.o invmat.o io_files.o io_global.o ions_base.o kind.o lmdif.o makov_payne.o mdiis.o mm_dispersion.o mp_bands.o mp_exx.o mp_global.o mp_images.o mp_pools.o mp_wave.o mp_world.o noncol.o open_close_input_file.o parameters.o parser.o plugin_flags.o plugin_arguments.o plugin_variables.o printout_base.o pw_dot.o qmmm.o random_numbers.o read_cards.o read_input.o read_namelists.o read_pseudo.o recvec.o recvec_subs.o run_info.o space_group.o set_para_diag.o set_signal.o set_vdw_corr.o setqf.o timestep.o tsvdw.o mbdlib.o version.o wannier_gw.o wannier_new.o wavefunctions.o ws_base.o xc_vdW_DF.o xc_rVV10.o io_base.o qes_types_module.o qes_libs_module.o qes_write_module.o qes_read_module.o qes_reset_module.o qes_init_module.o qes_bcast_module.o qexsd.o qexsd_copy.o qexsd_init.o qexsd_input.o hdf5_qe.o qeh5_module.o fox_init_module.o xsf.o wyckoff.o wypos.o zvscal.o wave_gauge.o wavefunctions_gpu.o cuda_subroutines.o random_numbers_gpu.o atom_weight.o capital.o cryst_to_car.o expint.o generate_k_along_lines.o has_xml.o inpfile.o int_to_char.o latgen.o linpack.o matches.o plot_io.o radial_gradients.o rgen.o recips.o remove_tot_torque.o sort.o trimcheck.o test_input_file.o date_and_tim.o volume.o wgauss.o w0gauss.o w1gauss.o deviatoric.o customize_signals.o qmmm_aux.o sockets.o stack.o allocate_fft_3drism.o chempot.o chempot_lauerism.o closure.o corrdipole_laue.o correctat0_vv.o corrgxy0_laue.o cryst_to_car_2d.o data_structure_3drism.o do_1drism.o do_3drism.o do_lauerism.o eqn_1drism.o eqn_3drism.o eqn_lauedipole.o eqn_lauegxy0.o eqn_lauelong.o eqn_lauerism.o eqn_laueshort.o eqn_lauevoid.o err_rism.o guess_3drism.o init_1drism.o init_3drism.o input_1drism.o input_3drism.o io_rism_xml.o lauefft.o lauefft_subs.o lj_forcefield.o lj_solute.o molecorr_vv.o molebridge_vv.o molecule_const.o molecule_types.o mp_rism.o mp_swap_ax_rism.o normalize_lauerism.o plot_rism.o potential_3drism.o potential_esm.o potential_vv.o print_chempot_3drism.o print_chempot_lauerism.o print_chempot_vv.o print_corr_vv.o print_solvavg.o radfft.o read_mol.o read_solv.o recvec_3drism.o rism.o rism1d_facade.o rism3d_facade.o rms_residual.o scale_fft_3drism.o scale_fft_lauerism.o solute.o solvation_3drism.o solvation_esm.o solvation_force.o solvation_lauerism.o solvation_pbc.o solvation_stress.o solvavg.o solvmol.o summary_1drism.o summary_3drism.o suscept_g0.o suscept_laue.o suscept_laueint.o suscept_vv.o write_rism_type.o xml_io_rism.o       
ar: `u' modifier ignored since `D' is the default (see `U')
ar: creating libqemod.a
a - additional_kpoints.o
a - atomic_wfc_mod.o
a - autopilot.o
a - basic_algebra_routines.o
a - becmod.o
a - bfgs_module.o
a - bspline.o
a - bz_form.o
a - cell_base.o
a - check_stop.o
a - command_line_options.o
a - compute_dipole.o
a - constants.o
a - constraints_module.o
a - control_flags.o
a - coulomb_vcut.o
a - dist.o
a - electrons_base.o
a - environ_base_module.o
a - environment.o
a - extffield.o
a - fd_gradient.o
a - fft_base.o
a - fft_rho.o
a - fft_wave.o
a - fsockets.o
a - funct.o
a - generate_function.o
a - gradutils.o
a - gvecw.o
a - input_parameters.o
a - invmat.o
a - io_files.o
a - io_global.o
a - ions_base.o
a - kind.o
a - lmdif.o
a - makov_payne.o
a - mdiis.o
a - mm_dispersion.o
a - mp_bands.o
a - mp_exx.o
a - mp_global.o
a - mp_images.o
a - mp_pools.o
a - mp_wave.o
a - mp_world.o
a - noncol.o
a - open_close_input_file.o
a - parameters.o
a - parser.o
a - plugin_flags.o
a - plugin_arguments.o
a - plugin_variables.o
a - printout_base.o
a - pw_dot.o
a - qmmm.o
a - random_numbers.o
a - read_cards.o
a - read_input.o
a - read_namelists.o
a - read_pseudo.o
a - recvec.o
a - recvec_subs.o
a - run_info.o
a - space_group.o
a - set_para_diag.o
a - set_signal.o
a - set_vdw_corr.o
a - setqf.o
a - timestep.o
a - tsvdw.o
a - mbdlib.o
a - version.o
a - wannier_gw.o
a - wannier_new.o
a - wavefunctions.o
a - ws_base.o
a - xc_vdW_DF.o
a - xc_rVV10.o
a - io_base.o
a - qes_types_module.o
a - qes_libs_module.o
a - qes_write_module.o
a - qes_read_module.o
a - qes_reset_module.o
a - qes_init_module.o
a - qes_bcast_module.o
a - qexsd.o
a - qexsd_copy.o
a - qexsd_init.o
a - qexsd_input.o
a - hdf5_qe.o
a - qeh5_module.o
a - fox_init_module.o
a - xsf.o
a - wyckoff.o
a - wypos.o
a - zvscal.o
a - wave_gauge.o
a - wavefunctions_gpu.o
a - cuda_subroutines.o
a - random_numbers_gpu.o
a - atom_weight.o
a - capital.o
a - cryst_to_car.o
a - expint.o
a - generate_k_along_lines.o
a - has_xml.o
a - inpfile.o
a - int_to_char.o
a - latgen.o
a - linpack.o
a - matches.o
a - plot_io.o
a - radial_gradients.o
a - rgen.o
a - recips.o
a - remove_tot_torque.o
a - sort.o
a - trimcheck.o
a - test_input_file.o
a - date_and_tim.o
a - volume.o
a - wgauss.o
a - w0gauss.o
a - w1gauss.o
a - deviatoric.o
a - customize_signals.o
a - qmmm_aux.o
a - sockets.o
a - stack.o
a - allocate_fft_3drism.o
a - chempot.o
a - chempot_lauerism.o
a - closure.o
a - corrdipole_laue.o
a - correctat0_vv.o
a - corrgxy0_laue.o
a - cryst_to_car_2d.o
a - data_structure_3drism.o
a - do_1drism.o
a - do_3drism.o
a - do_lauerism.o
a - eqn_1drism.o
a - eqn_3drism.o
a - eqn_lauedipole.o
a - eqn_lauegxy0.o
a - eqn_lauelong.o
a - eqn_lauerism.o
a - eqn_laueshort.o
a - eqn_lauevoid.o
a - err_rism.o
a - guess_3drism.o
a - init_1drism.o
a - init_3drism.o
a - input_1drism.o
a - input_3drism.o
a - io_rism_xml.o
a - lauefft.o
a - lauefft_subs.o
a - lj_forcefield.o
a - lj_solute.o
a - molecorr_vv.o
a - molebridge_vv.o
a - molecule_const.o
a - molecule_types.o
a - mp_rism.o
a - mp_swap_ax_rism.o
a - normalize_lauerism.o
a - plot_rism.o
a - potential_3drism.o
a - potential_esm.o
a - potential_vv.o
a - print_chempot_3drism.o
a - print_chempot_lauerism.o
a - print_chempot_vv.o
a - print_corr_vv.o
a - print_solvavg.o
a - radfft.o
a - read_mol.o
a - read_solv.o
a - recvec_3drism.o
a - rism.o
a - rism1d_facade.o
a - rism3d_facade.o
a - rms_residual.o
a - scale_fft_3drism.o
a - scale_fft_lauerism.o
a - solute.o
a - solvation_3drism.o
a - solvation_esm.o
a - solvation_force.o
a - solvation_lauerism.o
a - solvation_pbc.o
a - solvation_stress.o
a - solvavg.o
a - solvmol.o
a - summary_1drism.o
a - summary_3drism.o
a - suscept_g0.o
a - suscept_laue.o
a - suscept_laueint.o
a - suscept_vv.o
a - write_rism_type.o
a - xml_io_rism.o
ranlib libqemod.a    
make[1]: Leaving directory '/home/thiago/Documents/spyn/qe/q-e-qe-7.3.1/Modules'
( cd dft-d3 ; make TLDEPS= all || exit 1 )
make[1]: Entering directory '/home/thiago/Documents/spyn/qe/q-e-qe-7.3.1/dft-d3'
mpif90 -O2 -fallow-argument-mismatch -cpp -D__FFTW -D__MPI  -I/home/thiago/Documents/spyn/qe/q-e-qe-7.3.1//external/devxlib/src -I. -I/home/thiago/Documents/spyn/qe/q-e-qe-7.3.1//include -I/home/thiago/Documents/spyn/qe/q-e-qe-7.3.1//upflib -I/home/thiago/Documents/spyn/qe/q-e-qe-7.3.1//XClib -I/home/thiago/Documents/spyn/qe/q-e-qe-7.3.1//Modules -I/home/thiago/Documents/spyn/qe/q-e-qe-7.3.1//FFTXlib/src -I/home/thiago/Documents/spyn/qe/q-e-qe-7.3.1//LAXlib -I/home/thiago/Documents/spyn/qe/q-e-qe-7.3.1//UtilXlib -I/home/thiago/Documents/spyn/qe/q-e-qe-7.3.1//MBD -I/home/thiago/Documents/spyn/qe/q-e-qe-7.3.1//KS_Solvers  -c common.f90
mpif90 -O2 -fallow-argument-mismatch -cpp -D__FFTW -D__MPI  -I/home/thiago/Documents/spyn/qe/q-e-qe-7.3.1//external/devxlib/src -I. -I/home/thiago/Documents/spyn/qe/q-e-qe-7.3.1//include -I/home/thiago/Documents/spyn/qe/q-e-qe-7.3.1//upflib -I/home/thiago/Documents/spyn/qe/q-e-qe-7.3.1//XClib -I/home/thiago/Documents/spyn/qe/q-e-qe-7.3.1//Modules -I/home/thiago/Documents/spyn/qe/q-e-qe-7.3.1//FFTXlib/src -I/home/thiago/Documents/spyn/qe/q-e-qe-7.3.1//LAXlib -I/home/thiago/Documents/spyn/qe/q-e-qe-7.3.1//UtilXlib -I/home/thiago/Documents/spyn/qe/q-e-qe-7.3.1//MBD -I/home/thiago/Documents/spyn/qe/q-e-qe-7.3.1//KS_Solvers  -c sizes.f90
mpif90 -O2 -fallow-argument-mismatch -cpp -D__FFTW -D__MPI  -I/home/thiago/Documents/spyn/qe/q-e-qe-7.3.1//external/devxlib/src -I. -I/home/thiago/Documents/spyn/qe/q-e-qe-7.3.1//include -I/home/thiago/Documents/spyn/qe/q-e-qe-7.3.1//upflib -I/home/thiago/Documents/spyn/qe/q-e-qe-7.3.1//XClib -I/home/thiago/Documents/spyn/qe/q-e-qe-7.3.1//Modules -I/home/thiago/Documents/spyn/qe/q-e-qe-7.3.1//FFTXlib/src -I/home/thiago/Documents/spyn/qe/q-e-qe-7.3.1//LAXlib -I/home/thiago/Documents/spyn/qe/q-e-qe-7.3.1//UtilXlib -I/home/thiago/Documents/spyn/qe/q-e-qe-7.3.1//MBD -I/home/thiago/Documents/spyn/qe/q-e-qe-7.3.1//KS_Solvers  -c pars.f90
mpif90 -O2 -fallow-argument-mismatch -cpp -D__FFTW -D__MPI  -I/home/thiago/Documents/spyn/qe/q-e-qe-7.3.1//external/devxlib/src -I. -I/home/thiago/Documents/spyn/qe/q-e-qe-7.3.1//include -I/home/thiago/Documents/spyn/qe/q-e-qe-7.3.1//upflib -I/home/thiago/Documents/spyn/qe/q-e-qe-7.3.1//XClib -I/home/thiago/Documents/spyn/qe/q-e-qe-7.3.1//Modules -I/home/thiago/Documents/spyn/qe/q-e-qe-7.3.1//FFTXlib/src -I/home/thiago/Documents/spyn/qe/q-e-qe-7.3.1//LAXlib -I/home/thiago/Documents/spyn/qe/q-e-qe-7.3.1//UtilXlib -I/home/thiago/Documents/spyn/qe/q-e-qe-7.3.1//MBD -I/home/thiago/Documents/spyn/qe/q-e-qe-7.3.1//KS_Solvers  -c core.f90
mpif90 -O2 -fallow-argument-mismatch -cpp -D__FFTW -D__MPI  -I/home/thiago/Documents/spyn/qe/q-e-qe-7.3.1//external/devxlib/src -I. -I/home/thiago/Documents/spyn/qe/q-e-qe-7.3.1//include -I/home/thiago/Documents/spyn/qe/q-e-qe-7.3.1//upflib -I/home/thiago/Documents/spyn/qe/q-e-qe-7.3.1//XClib -I/home/thiago/Documents/spyn/qe/q-e-qe-7.3.1//Modules -I/home/thiago/Documents/spyn/qe/q-e-qe-7.3.1//FFTXlib/src -I/home/thiago/Documents/spyn/qe/q-e-qe-7.3.1//LAXlib -I/home/thiago/Documents/spyn/qe/q-e-qe-7.3.1//UtilXlib -I/home/thiago/Documents/spyn/qe/q-e-qe-7.3.1//MBD -I/home/thiago/Documents/spyn/qe/q-e-qe-7.3.1//KS_Solvers  -c api.f90
mpif90 -O2 -fallow-argument-mismatch -cpp -D__FFTW -D__MPI  -I/home/thiago/Documents/spyn/qe/q-e-qe-7.3.1//external/devxlib/src -I. -I/home/thiago/Documents/spyn/qe/q-e-qe-7.3.1//include -I/home/thiago/Documents/spyn/qe/q-e-qe-7.3.1//upflib -I/home/thiago/Documents/spyn/qe/q-e-qe-7.3.1//XClib -I/home/thiago/Documents/spyn/qe/q-e-qe-7.3.1//Modules -I/home/thiago/Documents/spyn/qe/q-e-qe-7.3.1//FFTXlib/src -I/home/thiago/Documents/spyn/qe/q-e-qe-7.3.1//LAXlib -I/home/thiago/Documents/spyn/qe/q-e-qe-7.3.1//UtilXlib -I/home/thiago/Documents/spyn/qe/q-e-qe-7.3.1//MBD -I/home/thiago/Documents/spyn/qe/q-e-qe-7.3.1//KS_Solvers  -c dftd3_qe.f90
ar ruv libdftd3qe.a common.o sizes.o pars.o core.o api.o dftd3_qe.o         
ar: `u' modifier ignored since `D' is the default (see `U')
ar: creating libdftd3qe.a
a - common.o
a - sizes.o
a - pars.o
a - core.o
a - api.o
a - dftd3_qe.o
ranlib libdftd3qe.a    
make[1]: Leaving directory '/home/thiago/Documents/spyn/qe/q-e-qe-7.3.1/dft-d3'
if test -d PW ; then \
( cd PW ; make pw-lib || exit 1) ; fi
make[1]: Entering directory '/home/thiago/Documents/spyn/qe/q-e-qe-7.3.1/PW'
( cd src ; make libpw.a || exit 1 )
make[2]: Entering directory '/home/thiago/Documents/spyn/qe/q-e-qe-7.3.1/PW/src'
mpif90 -O2 -fallow-argument-mismatch -cpp -D__FFTW -D__MPI  -I/home/thiago/Documents/spyn/qe/q-e-qe-7.3.1//external/devxlib/src -I. -I/home/thiago/Documents/spyn/qe/q-e-qe-7.3.1//include -I/home/thiago/Documents/spyn/qe/q-e-qe-7.3.1//upflib -I/home/thiago/Documents/spyn/qe/q-e-qe-7.3.1//XClib -I/home/thiago/Documents/spyn/qe/q-e-qe-7.3.1//Modules -I/home/thiago/Documents/spyn/qe/q-e-qe-7.3.1//FFTXlib/src -I/home/thiago/Documents/spyn/qe/q-e-qe-7.3.1//LAXlib -I/home/thiago/Documents/spyn/qe/q-e-qe-7.3.1//UtilXlib -I/home/thiago/Documents/spyn/qe/q-e-qe-7.3.1//MBD -I/home/thiago/Documents/spyn/qe/q-e-qe-7.3.1//KS_Solvers  -I../../dft-d3/ -c pwcom.f90
mpif90 -O2 -fallow-argument-mismatch -cpp -D__FFTW -D__MPI  -I/home/thiago/Documents/spyn/qe/q-e-qe-7.3.1//external/devxlib/src -I. -I/home/thiago/Documents/spyn/qe/q-e-qe-7.3.1//include -I/home/thiago/Documents/spyn/qe/q-e-qe-7.3.1//upflib -I/home/thiago/Documents/spyn/qe/q-e-qe-7.3.1//XClib -I/home/thiago/Documents/spyn/qe/q-e-qe-7.3.1//Modules -I/home/thiago/Documents/spyn/qe/q-e-qe-7.3.1//FFTXlib/src -I/home/thiago/Documents/spyn/qe/q-e-qe-7.3.1//LAXlib -I/home/thiago/Documents/spyn/qe/q-e-qe-7.3.1//UtilXlib -I/home/thiago/Documents/spyn/qe/q-e-qe-7.3.1//MBD -I/home/thiago/Documents/spyn/qe/q-e-qe-7.3.1//KS_Solvers  -I../../dft-d3/ -c start_k.f90
mpif90 -O2 -fallow-argument-mismatch -cpp -D__FFTW -D__MPI  -I/home/thiago/Documents/spyn/qe/q-e-qe-7.3.1//external/devxlib/src -I. -I/home/thiago/Documents/spyn/qe/q-e-qe-7.3.1//include -I/home/thiago/Documents/spyn/qe/q-e-qe-7.3.1//upflib -I/home/thiago/Documents/spyn/qe/q-e-qe-7.3.1//XClib -I/home/thiago/Documents/spyn/qe/q-e-qe-7.3.1//Modules -I/home/thiago/Documents/spyn/qe/q-e-qe-7.3.1//FFTXlib/src -I/home/thiago/Documents/spyn/qe/q-e-qe-7.3.1//LAXlib -I/home/thiago/Documents/spyn/qe/q-e-qe-7.3.1//UtilXlib -I/home/thiago/Documents/spyn/qe/q-e-qe-7.3.1//MBD -I/home/thiago/Documents/spyn/qe/q-e-qe-7.3.1//KS_Solvers  -I../../dft-d3/ -c symm_base.f90
mpif90 -O2 -fallow-argument-mismatch -cpp -D__FFTW -D__MPI  -I/home/thiago/Documents/spyn/qe/q-e-qe-7.3.1//external/devxlib/src -I. -I/home/thiago/Documents/spyn/qe/q-e-qe-7.3.1//include -I/home/thiago/Documents/spyn/qe/q-e-qe-7.3.1//upflib -I/home/thiago/Documents/spyn/qe/q-e-qe-7.3.1//XClib -I/home/thiago/Documents/spyn/qe/q-e-qe-7.3.1//Modules -I/home/thiago/Documents/spyn/qe/q-e-qe-7.3.1//FFTXlib/src -I/home/thiago/Documents/spyn/qe/q-e-qe-7.3.1//LAXlib -I/home/thiago/Documents/spyn/qe/q-e-qe-7.3.1//UtilXlib -I/home/thiago/Documents/spyn/qe/q-e-qe-7.3.1//MBD -I/home/thiago/Documents/spyn/qe/q-e-qe-7.3.1//KS_Solvers  -I../../dft-d3/ -c extfield.f90
mpif90 -O2 -fallow-argument-mismatch -cpp -D__FFTW -D__MPI  -I/home/thiago/Documents/spyn/qe/q-e-qe-7.3.1//external/devxlib/src -I. -I/home/thiago/Documents/spyn/qe/q-e-qe-7.3.1//include -I/home/thiago/Documents/spyn/qe/q-e-qe-7.3.1//upflib -I/home/thiago/Documents/spyn/qe/q-e-qe-7.3.1//XClib -I/home/thiago/Documents/spyn/qe/q-e-qe-7.3.1//Modules -I/home/thiago/Documents/spyn/qe/q-e-qe-7.3.1//FFTXlib/src -I/home/thiago/Documents/spyn/qe/q-e-qe-7.3.1//LAXlib -I/home/thiago/Documents/spyn/qe/q-e-qe-7.3.1//UtilXlib -I/home/thiago/Documents/spyn/qe/q-e-qe-7.3.1//MBD -I/home/thiago/Documents/spyn/qe/q-e-qe-7.3.1//KS_Solvers  -I../../dft-d3/ -c atomic_wfc_mod.f90
mpif90 -O2 -fallow-argument-mismatch -cpp -D__FFTW -D__MPI  -I/home/thiago/Documents/spyn/qe/q-e-qe-7.3.1//external/devxlib/src -I. -I/home/thiago/Documents/spyn/qe/q-e-qe-7.3.1//include -I/home/thiago/Documents/spyn/qe/q-e-qe-7.3.1//upflib -I/home/thiago/Documents/spyn/qe/q-e-qe-7.3.1//XClib -I/home/thiago/Documents/spyn/qe/q-e-qe-7.3.1//Modules -I/home/thiago/Documents/spyn/qe/q-e-qe-7.3.1//FFTXlib/src -I/home/thiago/Documents/spyn/qe/q-e-qe-7.3.1//LAXlib -I/home/thiago/Documents/spyn/qe/q-e-qe-7.3.1//UtilXlib -I/home/thiago/Documents/spyn/qe/q-e-qe-7.3.1//MBD -I/home/thiago/Documents/spyn/qe/q-e-qe-7.3.1//KS_Solvers  -I../../dft-d3/ -c buffers.f90
mpif90 -O2 -fallow-argument-mismatch -cpp -D__FFTW -D__MPI  -I/home/thiago/Documents/spyn/qe/q-e-qe-7.3.1//external/devxlib/src -I. -I/home/thiago/Documents/spyn/qe/q-e-qe-7.3.1//include -I/home/thiago/Documents/spyn/qe/q-e-qe-7.3.1//upflib -I/home/thiago/Documents/spyn/qe/q-e-qe-7.3.1//XClib -I/home/thiago/Documents/spyn/qe/q-e-qe-7.3.1//Modules -I/home/thiago/Documents/spyn/qe/q-e-qe-7.3.1//FFTXlib/src -I/home/thiago/Documents/spyn/qe/q-e-qe-7.3.1//LAXlib -I/home/thiago/Documents/spyn/qe/q-e-qe-7.3.1//UtilXlib -I/home/thiago/Documents/spyn/qe/q-e-qe-7.3.1//MBD -I/home/thiago/Documents/spyn/qe/q-e-qe-7.3.1//KS_Solvers  -I../../dft-d3/ -c acfdt_in_pw.f90
mpif90 -O2 -fallow-argument-mismatch -cpp -D__FFTW -D__MPI  -I/home/thiago/Documents/spyn/qe/q-e-qe-7.3.1//external/devxlib/src -I. -I/home/thiago/Documents/spyn/qe/q-e-qe-7.3.1//include -I/home/thiago/Documents/spyn/qe/q-e-qe-7.3.1//upflib -I/home/thiago/Documents/spyn/qe/q-e-qe-7.3.1//XClib -I/home/thiago/Documents/spyn/qe/q-e-qe-7.3.1//Modules -I/home/thiago/Documents/spyn/qe/q-e-qe-7.3.1//FFTXlib/src -I/home/thiago/Documents/spyn/qe/q-e-qe-7.3.1//LAXlib -I/home/thiago/Documents/spyn/qe/q-e-qe-7.3.1//UtilXlib -I/home/thiago/Documents/spyn/qe/q-e-qe-7.3.1//MBD -I/home/thiago/Documents/spyn/qe/q-e-qe-7.3.1//KS_Solvers  -I../../dft-d3/ -c bp_mod.f90
mpif90 -O2 -fallow-argument-mismatch -cpp -D__FFTW -D__MPI  -I/home/thiago/Documents/spyn/qe/q-e-qe-7.3.1//external/devxlib/src -I. -I/home/thiago/Documents/spyn/qe/q-e-qe-7.3.1//include -I/home/thiago/Documents/spyn/qe/q-e-qe-7.3.1//upflib -I/home/thiago/Documents/spyn/qe/q-e-qe-7.3.1//XClib -I/home/thiago/Documents/spyn/qe/q-e-qe-7.3.1//Modules -I/home/thiago/Documents/spyn/qe/q-e-qe-7.3.1//FFTXlib/src -I/home/thiago/Documents/spyn/qe/q-e-qe-7.3.1//LAXlib -I/home/thiago/Documents/spyn/qe/q-e-qe-7.3.1//UtilXlib -I/home/thiago/Documents/spyn/qe/q-e-qe-7.3.1//MBD -I/home/thiago/Documents/spyn/qe/q-e-qe-7.3.1//KS_Solvers  -I../../dft-d3/ -c init_us_2.f90
mpif90 -O2 -fallow-argument-mismatch -cpp -D__FFTW -D__MPI  -I/home/thiago/Documents/spyn/qe/q-e-qe-7.3.1//external/devxlib/src -I. -I/home/thiago/Documents/spyn/qe/q-e-qe-7.3.1//include -I/home/thiago/Documents/spyn/qe/q-e-qe-7.3.1//upflib -I/home/thiago/Documents/spyn/qe/q-e-qe-7.3.1//XClib -I/home/thiago/Documents/spyn/qe/q-e-qe-7.3.1//Modules -I/home/thiago/Documents/spyn/qe/q-e-qe-7.3.1//FFTXlib/src -I/home/thiago/Documents/spyn/qe/q-e-qe-7.3.1//LAXlib -I/home/thiago/Documents/spyn/qe/q-e-qe-7.3.1//UtilXlib -I/home/thiago/Documents/spyn/qe/q-e-qe-7.3.1//MBD -I/home/thiago/Documents/spyn/qe/q-e-qe-7.3.1//KS_Solvers  -I../../dft-d3/ -c bp_strings.f90
mpif90 -O2 -fallow-argument-mismatch -cpp -D__FFTW -D__MPI  -I/home/thiago/Documents/spyn/qe/q-e-qe-7.3.1//external/devxlib/src -I. -I/home/thiago/Documents/spyn/qe/q-e-qe-7.3.1//include -I/home/thiago/Documents/spyn/qe/q-e-qe-7.3.1//upflib -I/home/thiago/Documents/spyn/qe/q-e-qe-7.3.1//XClib -I/home/thiago/Documents/spyn/qe/q-e-qe-7.3.1//Modules -I/home/thiago/Documents/spyn/qe/q-e-qe-7.3.1//FFTXlib/src -I/home/thiago/Documents/spyn/qe/q-e-qe-7.3.1//LAXlib -I/home/thiago/Documents/spyn/qe/q-e-qe-7.3.1//UtilXlib -I/home/thiago/Documents/spyn/qe/q-e-qe-7.3.1//MBD -I/home/thiago/Documents/spyn/qe/q-e-qe-7.3.1//KS_Solvers  -I../../dft-d3/ -c g_psi_mod.f90
mpif90 -O2 -fallow-argument-mismatch -cpp -D__FFTW -D__MPI  -I/home/thiago/Documents/spyn/qe/q-e-qe-7.3.1//external/devxlib/src -I. -I/home/thiago/Documents/spyn/qe/q-e-qe-7.3.1//include -I/home/thiago/Documents/spyn/qe/q-e-qe-7.3.1//upflib -I/home/thiago/Documents/spyn/qe/q-e-qe-7.3.1//XClib -I/home/thiago/Documents/spyn/qe/q-e-qe-7.3.1//Modules -I/home/thiago/Documents/spyn/qe/q-e-qe-7.3.1//FFTXlib/src -I/home/thiago/Documents/spyn/qe/q-e-qe-7.3.1//LAXlib -I/home/thiago/Documents/spyn/qe/q-e-qe-7.3.1//UtilXlib -I/home/thiago/Documents/spyn/qe/q-e-qe-7.3.1//MBD -I/home/thiago/Documents/spyn/qe/q-e-qe-7.3.1//KS_Solvers  -I../../dft-d3/ -c fcp_dynamics.f90
mpif90 -O2 -fallow-argument-mismatch -cpp -D__FFTW -D__MPI  -I/home/thiago/Documents/spyn/qe/q-e-qe-7.3.1//external/devxlib/src -I. -I/home/thiago/Documents/spyn/qe/q-e-qe-7.3.1//include -I/home/thiago/Documents/spyn/qe/q-e-qe-7.3.1//upflib -I/home/thiago/Documents/spyn/qe/q-e-qe-7.3.1//XClib -I/home/thiago/Documents/spyn/qe/q-e-qe-7.3.1//Modules -I/home/thiago/Documents/spyn/qe/q-e-qe-7.3.1//FFTXlib/src -I/home/thiago/Documents/spyn/qe/q-e-qe-7.3.1//LAXlib -I/home/thiago/Documents/spyn/qe/q-e-qe-7.3.1//UtilXlib -I/home/thiago/Documents/spyn/qe/q-e-qe-7.3.1//MBD -I/home/thiago/Documents/spyn/qe/q-e-qe-7.3.1//KS_Solvers  -I../../dft-d3/ -c fcp_relaxation.f90
mpif90 -O2 -fallow-argument-mismatch -cpp -D__FFTW -D__MPI  -I/home/thiago/Documents/spyn/qe/q-e-qe-7.3.1//external/devxlib/src -I. -I/home/thiago/Documents/spyn/qe/q-e-qe-7.3.1//include -I/home/thiago/Documents/spyn/qe/q-e-qe-7.3.1//upflib -I/home/thiago/Documents/spyn/qe/q-e-qe-7.3.1//XClib -I/home/thiago/Documents/spyn/qe/q-e-qe-7.3.1//Modules -I/home/thiago/Documents/spyn/qe/q-e-qe-7.3.1//FFTXlib/src -I/home/thiago/Documents/spyn/qe/q-e-qe-7.3.1//LAXlib -I/home/thiago/Documents/spyn/qe/q-e-qe-7.3.1//UtilXlib -I/home/thiago/Documents/spyn/qe/q-e-qe-7.3.1//MBD -I/home/thiago/Documents/spyn/qe/q-e-qe-7.3.1//KS_Solvers  -I../../dft-d3/ -c oscdft_enums.f90
mpif90 -O2 -fallow-argument-mismatch -cpp -D__FFTW -D__MPI  -I/home/thiago/Documents/spyn/qe/q-e-qe-7.3.1//external/devxlib/src -I. -I/home/thiago/Documents/spyn/qe/q-e-qe-7.3.1//include -I/home/thiago/Documents/spyn/qe/q-e-qe-7.3.1//upflib -I/home/thiago/Documents/spyn/qe/q-e-qe-7.3.1//XClib -I/home/thiago/Documents/spyn/qe/q-e-qe-7.3.1//Modules -I/home/thiago/Documents/spyn/qe/q-e-qe-7.3.1//FFTXlib/src -I/home/thiago/Documents/spyn/qe/q-e-qe-7.3.1//LAXlib -I/home/thiago/Documents/spyn/qe/q-e-qe-7.3.1//UtilXlib -I/home/thiago/Documents/spyn/qe/q-e-qe-7.3.1//MBD -I/home/thiago/Documents/spyn/qe/q-e-qe-7.3.1//KS_Solvers  -I../../dft-d3/ -c oscdft_indices.f90
mpif90 -O2 -fallow-argument-mismatch -cpp -D__FFTW -D__MPI  -I/home/thiago/Documents/spyn/qe/q-e-qe-7.3.1//external/devxlib/src -I. -I/home/thiago/Documents/spyn/qe/q-e-qe-7.3.1//include -I/home/thiago/Documents/spyn/qe/q-e-qe-7.3.1//upflib -I/home/thiago/Documents/spyn/qe/q-e-qe-7.3.1//XClib -I/home/thiago/Documents/spyn/qe/q-e-qe-7.3.1//Modules -I/home/thiago/Documents/spyn/qe/q-e-qe-7.3.1//FFTXlib/src -I/home/thiago/Documents/spyn/qe/q-e-qe-7.3.1//LAXlib -I/home/thiago/Documents/spyn/qe/q-e-qe-7.3.1//UtilXlib -I/home/thiago/Documents/spyn/qe/q-e-qe-7.3.1//MBD -I/home/thiago/Documents/spyn/qe/q-e-qe-7.3.1//KS_Solvers  -I../../dft-d3/ -c oscdft_input.f90
mpif90 -O2 -fallow-argument-mismatch -cpp -D__FFTW -D__MPI  -I/home/thiago/Documents/spyn/qe/q-e-qe-7.3.1//external/devxlib/src -I. -I/home/thiago/Documents/spyn/qe/q-e-qe-7.3.1//include -I/home/thiago/Documents/spyn/qe/q-e-qe-7.3.1//upflib -I/home/thiago/Documents/spyn/qe/q-e-qe-7.3.1//XClib -I/home/thiago/Documents/spyn/qe/q-e-qe-7.3.1//Modules -I/home/thiago/Documents/spyn/qe/q-e-qe-7.3.1//FFTXlib/src -I/home/thiago/Documents/spyn/qe/q-e-qe-7.3.1//LAXlib -I/home/thiago/Documents/spyn/qe/q-e-qe-7.3.1//UtilXlib -I/home/thiago/Documents/spyn/qe/q-e-qe-7.3.1//MBD -I/home/thiago/Documents/spyn/qe/q-e-qe-7.3.1//KS_Solvers  -I../../dft-d3/ -c c_phase_field.f90
mpif90 -O2 -fallow-argument-mismatch -cpp -D__FFTW -D__MPI  -I/home/thiago/Documents/spyn/qe/q-e-qe-7.3.1//external/devxlib/src -I. -I/home/thiago/Documents/spyn/qe/q-e-qe-7.3.1//include -I/home/thiago/Documents/spyn/qe/q-e-qe-7.3.1//upflib -I/home/thiago/Documents/spyn/qe/q-e-qe-7.3.1//XClib -I/home/thiago/Documents/spyn/qe/q-e-qe-7.3.1//Modules -I/home/thiago/Documents/spyn/qe/q-e-qe-7.3.1//FFTXlib/src -I/home/thiago/Documents/spyn/qe/q-e-qe-7.3.1//LAXlib -I/home/thiago/Documents/spyn/qe/q-e-qe-7.3.1//UtilXlib -I/home/thiago/Documents/spyn/qe/q-e-qe-7.3.1//MBD -I/home/thiago/Documents/spyn/qe/q-e-qe-7.3.1//KS_Solvers  -I../../dft-d3/ -c cdiagh.f90
mpif90 -O2 -fallow-argument-mismatch -cpp -D__FFTW -D__MPI  -I/home/thiago/Documents/spyn/qe/q-e-qe-7.3.1//external/devxlib/src -I. -I/home/thiago/Documents/spyn/qe/q-e-qe-7.3.1//include -I/home/thiago/Documents/spyn/qe/q-e-qe-7.3.1//upflib -I/home/thiago/Documents/spyn/qe/q-e-qe-7.3.1//XClib -I/home/thiago/Documents/spyn/qe/q-e-qe-7.3.1//Modules -I/home/thiago/Documents/spyn/qe/q-e-qe-7.3.1//FFTXlib/src -I/home/thiago/Documents/spyn/qe/q-e-qe-7.3.1//LAXlib -I/home/thiago/Documents/spyn/qe/q-e-qe-7.3.1//UtilXlib -I/home/thiago/Documents/spyn/qe/q-e-qe-7.3.1//MBD -I/home/thiago/Documents/spyn/qe/q-e-qe-7.3.1//KS_Solvers  -I../../dft-d3/ -c Coul_cut_2D.f90
mpif90 -O2 -fallow-argument-mismatch -cpp -D__FFTW -D__MPI  -I/home/thiago/Documents/spyn/qe/q-e-qe-7.3.1//external/devxlib/src -I. -I/home/thiago/Documents/spyn/qe/q-e-qe-7.3.1//include -I/home/thiago/Documents/spyn/qe/q-e-qe-7.3.1//upflib -I/home/thiago/Documents/spyn/qe/q-e-qe-7.3.1//XClib -I/home/thiago/Documents/spyn/qe/q-e-qe-7.3.1//Modules -I/home/thiago/Documents/spyn/qe/q-e-qe-7.3.1//FFTXlib/src -I/home/thiago/Documents/spyn/qe/q-e-qe-7.3.1//LAXlib -I/home/thiago/Documents/spyn/qe/q-e-qe-7.3.1//UtilXlib -I/home/thiago/Documents/spyn/qe/q-e-qe-7.3.1//MBD -I/home/thiago/Documents/spyn/qe/q-e-qe-7.3.1//KS_Solvers  -I../../dft-d3/ -c exx_band.f90
mpif90 -O2 -fallow-argument-mismatch -cpp -D__FFTW -D__MPI  -I/home/thiago/Documents/spyn/qe/q-e-qe-7.3.1//external/devxlib/src -I. -I/home/thiago/Documents/spyn/qe/q-e-qe-7.3.1//include -I/home/thiago/Documents/spyn/qe/q-e-qe-7.3.1//upflib -I/home/thiago/Documents/spyn/qe/q-e-qe-7.3.1//XClib -I/home/thiago/Documents/spyn/qe/q-e-qe-7.3.1//Modules -I/home/thiago/Documents/spyn/qe/q-e-qe-7.3.1//FFTXlib/src -I/home/thiago/Documents/spyn/qe/q-e-qe-7.3.1//LAXlib -I/home/thiago/Documents/spyn/qe/q-e-qe-7.3.1//UtilXlib -I/home/thiago/Documents/spyn/qe/q-e-qe-7.3.1//MBD -I/home/thiago/Documents/spyn/qe/q-e-qe-7.3.1//KS_Solvers  -I../../dft-d3/ -c compute_deff.f90
mpif90 -O2 -fallow-argument-mismatch -cpp -D__FFTW -D__MPI  -I/home/thiago/Documents/spyn/qe/q-e-qe-7.3.1//external/devxlib/src -I. -I/home/thiago/Documents/spyn/qe/q-e-qe-7.3.1//include -I/home/thiago/Documents/spyn/qe/q-e-qe-7.3.1//upflib -I/home/thiago/Documents/spyn/qe/q-e-qe-7.3.1//XClib -I/home/thiago/Documents/spyn/qe/q-e-qe-7.3.1//Modules -I/home/thiago/Documents/spyn/qe/q-e-qe-7.3.1//FFTXlib/src -I/home/thiago/Documents/spyn/qe/q-e-qe-7.3.1//LAXlib -I/home/thiago/Documents/spyn/qe/q-e-qe-7.3.1//UtilXlib -I/home/thiago/Documents/spyn/qe/q-e-qe-7.3.1//MBD -I/home/thiago/Documents/spyn/qe/q-e-qe-7.3.1//KS_Solvers  -I../../dft-d3/ -c compute_dip.f90
exx_band.f90:1182:54:

 1182 |           CALL gk_sort( xk, ngm, g, ecutwfc / tpiba2, ngk, igk_exx, work_space )
      |                                                      1
......
 1231 |        CALL gk_sort( xk(1,ik), ngm, g, ecutwfc / tpiba2, npw, igk_exx(1,ik), &
      |                                                         2
Warning: Rank mismatch between actual argument at (1) and actual argument at (2) (scalar and rank-1)
mpif90 -O2 -fallow-argument-mismatch -cpp -D__FFTW -D__MPI  -I/home/thiago/Documents/spyn/qe/q-e-qe-7.3.1//external/devxlib/src -I. -I/home/thiago/Documents/spyn/qe/q-e-qe-7.3.1//include -I/home/thiago/Documents/spyn/qe/q-e-qe-7.3.1//upflib -I/home/thiago/Documents/spyn/qe/q-e-qe-7.3.1//XClib -I/home/thiago/Documents/spyn/qe/q-e-qe-7.3.1//Modules -I/home/thiago/Documents/spyn/qe/q-e-qe-7.3.1//FFTXlib/src -I/home/thiago/Documents/spyn/qe/q-e-qe-7.3.1//LAXlib -I/home/thiago/Documents/spyn/qe/q-e-qe-7.3.1//UtilXlib -I/home/thiago/Documents/spyn/qe/q-e-qe-7.3.1//MBD -I/home/thiago/Documents/spyn/qe/q-e-qe-7.3.1//KS_Solvers  -I../../dft-d3/ -c compute_rho.f90
mpif90 -O2 -fallow-argument-mismatch -cpp -D__FFTW -D__MPI  -I/home/thiago/Documents/spyn/qe/q-e-qe-7.3.1//external/devxlib/src -I. -I/home/thiago/Documents/spyn/qe/q-e-qe-7.3.1//include -I/home/thiago/Documents/spyn/qe/q-e-qe-7.3.1//upflib -I/home/thiago/Documents/spyn/qe/q-e-qe-7.3.1//XClib -I/home/thiago/Documents/spyn/qe/q-e-qe-7.3.1//Modules -I/home/thiago/Documents/spyn/qe/q-e-qe-7.3.1//FFTXlib/src -I/home/thiago/Documents/spyn/qe/q-e-qe-7.3.1//LAXlib -I/home/thiago/Documents/spyn/qe/q-e-qe-7.3.1//UtilXlib -I/home/thiago/Documents/spyn/qe/q-e-qe-7.3.1//MBD -I/home/thiago/Documents/spyn/qe/q-e-qe-7.3.1//KS_Solvers  -I../../dft-d3/ -c compute_qdipol.f90
mpif90 -O2 -fallow-argument-mismatch -cpp -D__FFTW -D__MPI  -I/home/thiago/Documents/spyn/qe/q-e-qe-7.3.1//external/devxlib/src -I. -I/home/thiago/Documents/spyn/qe/q-e-qe-7.3.1//include -I/home/thiago/Documents/spyn/qe/q-e-qe-7.3.1//upflib -I/home/thiago/Documents/spyn/qe/q-e-qe-7.3.1//XClib -I/home/thiago/Documents/spyn/qe/q-e-qe-7.3.1//Modules -I/home/thiago/Documents/spyn/qe/q-e-qe-7.3.1//FFTXlib/src -I/home/thiago/Documents/spyn/qe/q-e-qe-7.3.1//LAXlib -I/home/thiago/Documents/spyn/qe/q-e-qe-7.3.1//UtilXlib -I/home/thiago/Documents/spyn/qe/q-e-qe-7.3.1//MBD -I/home/thiago/Documents/spyn/qe/q-e-qe-7.3.1//KS_Solvers  -I../../dft-d3/ -c compute_qdipol_so.f90
mpif90 -O2 -fallow-argument-mismatch -cpp -D__FFTW -D__MPI  -I/home/thiago/Documents/spyn/qe/q-e-qe-7.3.1//external/devxlib/src -I. -I/home/thiago/Documents/spyn/qe/q-e-qe-7.3.1//include -I/home/thiago/Documents/spyn/qe/q-e-qe-7.3.1//upflib -I/home/thiago/Documents/spyn/qe/q-e-qe-7.3.1//XClib -I/home/thiago/Documents/spyn/qe/q-e-qe-7.3.1//Modules -I/home/thiago/Documents/spyn/qe/q-e-qe-7.3.1//FFTXlib/src -I/home/thiago/Documents/spyn/qe/q-e-qe-7.3.1//LAXlib -I/home/thiago/Documents/spyn/qe/q-e-qe-7.3.1//UtilXlib -I/home/thiago/Documents/spyn/qe/q-e-qe-7.3.1//MBD -I/home/thiago/Documents/spyn/qe/q-e-qe-7.3.1//KS_Solvers  -I../../dft-d3/ -c compute_ux.f90
mpif90 -O2 -fallow-argument-mismatch -cpp -D__FFTW -D__MPI  -I/home/thiago/Documents/spyn/qe/q-e-qe-7.3.1//external/devxlib/src -I. -I/home/thiago/Documents/spyn/qe/q-e-qe-7.3.1//include -I/home/thiago/Documents/spyn/qe/q-e-qe-7.3.1//upflib -I/home/thiago/Documents/spyn/qe/q-e-qe-7.3.1//XClib -I/home/thiago/Documents/spyn/qe/q-e-qe-7.3.1//Modules -I/home/thiago/Documents/spyn/qe/q-e-qe-7.3.1//FFTXlib/src -I/home/thiago/Documents/spyn/qe/q-e-qe-7.3.1//LAXlib -I/home/thiago/Documents/spyn/qe/q-e-qe-7.3.1//UtilXlib -I/home/thiago/Documents/spyn/qe/q-e-qe-7.3.1//MBD -I/home/thiago/Documents/spyn/qe/q-e-qe-7.3.1//KS_Solvers  -I../../dft-d3/ -c coset.f90
mpif90 -O2 -fallow-argument-mismatch -cpp -D__FFTW -D__MPI  -I/home/thiago/Documents/spyn/qe/q-e-qe-7.3.1//external/devxlib/src -I. -I/home/thiago/Documents/spyn/qe/q-e-qe-7.3.1//include -I/home/thiago/Documents/spyn/qe/q-e-qe-7.3.1//upflib -I/home/thiago/Documents/spyn/qe/q-e-qe-7.3.1//XClib -I/home/thiago/Documents/spyn/qe/q-e-qe-7.3.1//Modules -I/home/thiago/Documents/spyn/qe/q-e-qe-7.3.1//FFTXlib/src -I/home/thiago/Documents/spyn/qe/q-e-qe-7.3.1//LAXlib -I/home/thiago/Documents/spyn/qe/q-e-qe-7.3.1//UtilXlib -I/home/thiago/Documents/spyn/qe/q-e-qe-7.3.1//MBD -I/home/thiago/Documents/spyn/qe/q-e-qe-7.3.1//KS_Solvers  -I../../dft-d3/ -c d_matrix.f90
mpif90 -O2 -fallow-argument-mismatch -cpp -D__FFTW -D__MPI  -I/home/thiago/Documents/spyn/qe/q-e-qe-7.3.1//external/devxlib/src -I. -I/home/thiago/Documents/spyn/qe/q-e-qe-7.3.1//include -I/home/thiago/Documents/spyn/qe/q-e-qe-7.3.1//upflib -I/home/thiago/Documents/spyn/qe/q-e-qe-7.3.1//XClib -I/home/thiago/Documents/spyn/qe/q-e-qe-7.3.1//Modules -I/home/thiago/Documents/spyn/qe/q-e-qe-7.3.1//FFTXlib/src -I/home/thiago/Documents/spyn/qe/q-e-qe-7.3.1//LAXlib -I/home/thiago/Documents/spyn/qe/q-e-qe-7.3.1//UtilXlib -I/home/thiago/Documents/spyn/qe/q-e-qe-7.3.1//MBD -I/home/thiago/Documents/spyn/qe/q-e-qe-7.3.1//KS_Solvers  -I../../dft-d3/ -c divide_class.f90
mpif90 -O2 -fallow-argument-mismatch -cpp -D__FFTW -D__MPI  -I/home/thiago/Documents/spyn/qe/q-e-qe-7.3.1//external/devxlib/src -I. -I/home/thiago/Documents/spyn/qe/q-e-qe-7.3.1//include -I/home/thiago/Documents/spyn/qe/q-e-qe-7.3.1//upflib -I/home/thiago/Documents/spyn/qe/q-e-qe-7.3.1//XClib -I/home/thiago/Documents/spyn/qe/q-e-qe-7.3.1//Modules -I/home/thiago/Documents/spyn/qe/q-e-qe-7.3.1//FFTXlib/src -I/home/thiago/Documents/spyn/qe/q-e-qe-7.3.1//LAXlib -I/home/thiago/Documents/spyn/qe/q-e-qe-7.3.1//UtilXlib -I/home/thiago/Documents/spyn/qe/q-e-qe-7.3.1//MBD -I/home/thiago/Documents/spyn/qe/q-e-qe-7.3.1//KS_Solvers  -I../../dft-d3/ -c divide_class_so.f90
mpif90 -O2 -fallow-argument-mismatch -cpp -D__FFTW -D__MPI  -I/home/thiago/Documents/spyn/qe/q-e-qe-7.3.1//external/devxlib/src -I. -I/home/thiago/Documents/spyn/qe/q-e-qe-7.3.1//include -I/home/thiago/Documents/spyn/qe/q-e-qe-7.3.1//upflib -I/home/thiago/Documents/spyn/qe/q-e-qe-7.3.1//XClib -I/home/thiago/Documents/spyn/qe/q-e-qe-7.3.1//Modules -I/home/thiago/Documents/spyn/qe/q-e-qe-7.3.1//FFTXlib/src -I/home/thiago/Documents/spyn/qe/q-e-qe-7.3.1//LAXlib -I/home/thiago/Documents/spyn/qe/q-e-qe-7.3.1//UtilXlib -I/home/thiago/Documents/spyn/qe/q-e-qe-7.3.1//MBD -I/home/thiago/Documents/spyn/qe/q-e-qe-7.3.1//KS_Solvers  -I../../dft-d3/ -c divide_et_impera.f90
mpif90 -O2 -fallow-argument-mismatch -cpp -D__FFTW -D__MPI  -I/home/thiago/Documents/spyn/qe/q-e-qe-7.3.1//external/devxlib/src -I. -I/home/thiago/Documents/spyn/qe/q-e-qe-7.3.1//include -I/home/thiago/Documents/spyn/qe/q-e-qe-7.3.1//upflib -I/home/thiago/Documents/spyn/qe/q-e-qe-7.3.1//XClib -I/home/thiago/Documents/spyn/qe/q-e-qe-7.3.1//Modules -I/home/thiago/Documents/spyn/qe/q-e-qe-7.3.1//FFTXlib/src -I/home/thiago/Documents/spyn/qe/q-e-qe-7.3.1//LAXlib -I/home/thiago/Documents/spyn/qe/q-e-qe-7.3.1//UtilXlib -I/home/thiago/Documents/spyn/qe/q-e-qe-7.3.1//MBD -I/home/thiago/Documents/spyn/qe/q-e-qe-7.3.1//KS_Solvers  -I../../dft-d3/ -c rotate_wfc.f90
mpif90 -O2 -fallow-argument-mismatch -cpp -D__FFTW -D__MPI  -I/home/thiago/Documents/spyn/qe/q-e-qe-7.3.1//external/devxlib/src -I. -I/home/thiago/Documents/spyn/qe/q-e-qe-7.3.1//include -I/home/thiago/Documents/spyn/qe/q-e-qe-7.3.1//upflib -I/home/thiago/Documents/spyn/qe/q-e-qe-7.3.1//XClib -I/home/thiago/Documents/spyn/qe/q-e-qe-7.3.1//Modules -I/home/thiago/Documents/spyn/qe/q-e-qe-7.3.1//FFTXlib/src -I/home/thiago/Documents/spyn/qe/q-e-qe-7.3.1//LAXlib -I/home/thiago/Documents/spyn/qe/q-e-qe-7.3.1//UtilXlib -I/home/thiago/Documents/spyn/qe/q-e-qe-7.3.1//MBD -I/home/thiago/Documents/spyn/qe/q-e-qe-7.3.1//KS_Solvers  -I../../dft-d3/ -c efermig.f90
mpif90 -O2 -fallow-argument-mismatch -cpp -D__FFTW -D__MPI  -I/home/thiago/Documents/spyn/qe/q-e-qe-7.3.1//external/devxlib/src -I. -I/home/thiago/Documents/spyn/qe/q-e-qe-7.3.1//include -I/home/thiago/Documents/spyn/qe/q-e-qe-7.3.1//upflib -I/home/thiago/Documents/spyn/qe/q-e-qe-7.3.1//XClib -I/home/thiago/Documents/spyn/qe/q-e-qe-7.3.1//Modules -I/home/thiago/Documents/spyn/qe/q-e-qe-7.3.1//FFTXlib/src -I/home/thiago/Documents/spyn/qe/q-e-qe-7.3.1//LAXlib -I/home/thiago/Documents/spyn/qe/q-e-qe-7.3.1//UtilXlib -I/home/thiago/Documents/spyn/qe/q-e-qe-7.3.1//MBD -I/home/thiago/Documents/spyn/qe/q-e-qe-7.3.1//KS_Solvers  -I../../dft-d3/ -c efermit.f90
mpif90 -O2 -fallow-argument-mismatch -cpp -D__FFTW -D__MPI  -I/home/thiago/Documents/spyn/qe/q-e-qe-7.3.1//external/devxlib/src -I. -I/home/thiago/Documents/spyn/qe/q-e-qe-7.3.1//include -I/home/thiago/Documents/spyn/qe/q-e-qe-7.3.1//upflib -I/home/thiago/Documents/spyn/qe/q-e-qe-7.3.1//XClib -I/home/thiago/Documents/spyn/qe/q-e-qe-7.3.1//Modules -I/home/thiago/Documents/spyn/qe/q-e-qe-7.3.1//FFTXlib/src -I/home/thiago/Documents/spyn/qe/q-e-qe-7.3.1//LAXlib -I/home/thiago/Documents/spyn/qe/q-e-qe-7.3.1//UtilXlib -I/home/thiago/Documents/spyn/qe/q-e-qe-7.3.1//MBD -I/home/thiago/Documents/spyn/qe/q-e-qe-7.3.1//KS_Solvers  -I../../dft-d3/ -c environ_io_stub.f90
mpif90 -O2 -fallow-argument-mismatch -cpp -D__FFTW -D__MPI  -I/home/thiago/Documents/spyn/qe/q-e-qe-7.3.1//external/devxlib/src -I. -I/home/thiago/Documents/spyn/qe/q-e-qe-7.3.1//include -I/home/thiago/Documents/spyn/qe/q-e-qe-7.3.1//upflib -I/home/thiago/Documents/spyn/qe/q-e-qe-7.3.1//XClib -I/home/thiago/Documents/spyn/qe/q-e-qe-7.3.1//Modules -I/home/thiago/Documents/spyn/qe/q-e-qe-7.3.1//FFTXlib/src -I/home/thiago/Documents/spyn/qe/q-e-qe-7.3.1//LAXlib -I/home/thiago/Documents/spyn/qe/q-e-qe-7.3.1//UtilXlib -I/home/thiago/Documents/spyn/qe/q-e-qe-7.3.1//MBD -I/home/thiago/Documents/spyn/qe/q-e-qe-7.3.1//KS_Solvers  -I../../dft-d3/ -c two_chem.f90
mpif90 -O2 -fallow-argument-mismatch -cpp -D__FFTW -D__MPI  -I/home/thiago/Documents/spyn/qe/q-e-qe-7.3.1//external/devxlib/src -I. -I/home/thiago/Documents/spyn/qe/q-e-qe-7.3.1//include -I/home/thiago/Documents/spyn/qe/q-e-qe-7.3.1//upflib -I/home/thiago/Documents/spyn/qe/q-e-qe-7.3.1//XClib -I/home/thiago/Documents/spyn/qe/q-e-qe-7.3.1//Modules -I/home/thiago/Documents/spyn/qe/q-e-qe-7.3.1//FFTXlib/src -I/home/thiago/Documents/spyn/qe/q-e-qe-7.3.1//LAXlib -I/home/thiago/Documents/spyn/qe/q-e-qe-7.3.1//UtilXlib -I/home/thiago/Documents/spyn/qe/q-e-qe-7.3.1//MBD -I/home/thiago/Documents/spyn/qe/q-e-qe-7.3.1//KS_Solvers  -I../../dft-d3/ -c eqvect.f90
mpif90 -O2 -fallow-argument-mismatch -cpp -D__FFTW -D__MPI  -I/home/thiago/Documents/spyn/qe/q-e-qe-7.3.1//external/devxlib/src -I. -I/home/thiago/Documents/spyn/qe/q-e-qe-7.3.1//include -I/home/thiago/Documents/spyn/qe/q-e-qe-7.3.1//upflib -I/home/thiago/Documents/spyn/qe/q-e-qe-7.3.1//XClib -I/home/thiago/Documents/spyn/qe/q-e-qe-7.3.1//Modules -I/home/thiago/Documents/spyn/qe/q-e-qe-7.3.1//FFTXlib/src -I/home/thiago/Documents/spyn/qe/q-e-qe-7.3.1//LAXlib -I/home/thiago/Documents/spyn/qe/q-e-qe-7.3.1//UtilXlib -I/home/thiago/Documents/spyn/qe/q-e-qe-7.3.1//MBD -I/home/thiago/Documents/spyn/qe/q-e-qe-7.3.1//KS_Solvers  -I../../dft-d3/ -c martyna_tuckerman.f90
mpif90 -O2 -fallow-argument-mismatch -cpp -D__FFTW -D__MPI  -I/home/thiago/Documents/spyn/qe/q-e-qe-7.3.1//external/devxlib/src -I. -I/home/thiago/Documents/spyn/qe/q-e-qe-7.3.1//include -I/home/thiago/Documents/spyn/qe/q-e-qe-7.3.1//upflib -I/home/thiago/Documents/spyn/qe/q-e-qe-7.3.1//XClib -I/home/thiago/Documents/spyn/qe/q-e-qe-7.3.1//Modules -I/home/thiago/Documents/spyn/qe/q-e-qe-7.3.1//FFTXlib/src -I/home/thiago/Documents/spyn/qe/q-e-qe-7.3.1//LAXlib -I/home/thiago/Documents/spyn/qe/q-e-qe-7.3.1//UtilXlib -I/home/thiago/Documents/spyn/qe/q-e-qe-7.3.1//MBD -I/home/thiago/Documents/spyn/qe/q-e-qe-7.3.1//KS_Solvers  -I../../dft-d3/ -c ewald_dipole.f90
mpif90 -O2 -fallow-argument-mismatch -cpp -D__FFTW -D__MPI  -I/home/thiago/Documents/spyn/qe/q-e-qe-7.3.1//external/devxlib/src -I. -I/home/thiago/Documents/spyn/qe/q-e-qe-7.3.1//include -I/home/thiago/Documents/spyn/qe/q-e-qe-7.3.1//upflib -I/home/thiago/Documents/spyn/qe/q-e-qe-7.3.1//XClib -I/home/thiago/Documents/spyn/qe/q-e-qe-7.3.1//Modules -I/home/thiago/Documents/spyn/qe/q-e-qe-7.3.1//FFTXlib/src -I/home/thiago/Documents/spyn/qe/q-e-qe-7.3.1//LAXlib -I/home/thiago/Documents/spyn/qe/q-e-qe-7.3.1//UtilXlib -I/home/thiago/Documents/spyn/qe/q-e-qe-7.3.1//MBD -I/home/thiago/Documents/spyn/qe/q-e-qe-7.3.1//KS_Solvers  -I../../dft-d3/ -c fcp_dyn_calcavg.f90
mpif90 -O2 -fallow-argument-mismatch -cpp -D__FFTW -D__MPI  -I/home/thiago/Documents/spyn/qe/q-e-qe-7.3.1//external/devxlib/src -I. -I/home/thiago/Documents/spyn/qe/q-e-qe-7.3.1//include -I/home/thiago/Documents/spyn/qe/q-e-qe-7.3.1//upflib -I/home/thiago/Documents/spyn/qe/q-e-qe-7.3.1//XClib -I/home/thiago/Documents/spyn/qe/q-e-qe-7.3.1//Modules -I/home/thiago/Documents/spyn/qe/q-e-qe-7.3.1//FFTXlib/src -I/home/thiago/Documents/spyn/qe/q-e-qe-7.3.1//LAXlib -I/home/thiago/Documents/spyn/qe/q-e-qe-7.3.1//UtilXlib -I/home/thiago/Documents/spyn/qe/q-e-qe-7.3.1//MBD -I/home/thiago/Documents/spyn/qe/q-e-qe-7.3.1//KS_Solvers  -I../../dft-d3/ -c fcp_dyn_printavg.f90
mpif90 -O2 -fallow-argument-mismatch -cpp -D__FFTW -D__MPI  -I/home/thiago/Documents/spyn/qe/q-e-qe-7.3.1//external/devxlib/src -I. -I/home/thiago/Documents/spyn/qe/q-e-qe-7.3.1//include -I/home/thiago/Documents/spyn/qe/q-e-qe-7.3.1//upflib -I/home/thiago/Documents/spyn/qe/q-e-qe-7.3.1//XClib -I/home/thiago/Documents/spyn/qe/q-e-qe-7.3.1//Modules -I/home/thiago/Documents/spyn/qe/q-e-qe-7.3.1//FFTXlib/src -I/home/thiago/Documents/spyn/qe/q-e-qe-7.3.1//LAXlib -I/home/thiago/Documents/spyn/qe/q-e-qe-7.3.1//UtilXlib -I/home/thiago/Documents/spyn/qe/q-e-qe-7.3.1//MBD -I/home/thiago/Documents/spyn/qe/q-e-qe-7.3.1//KS_Solvers  -I../../dft-d3/ -c find_group.f90
mpif90 -O2 -fallow-argument-mismatch -cpp -D__FFTW -D__MPI  -I/home/thiago/Documents/spyn/qe/q-e-qe-7.3.1//external/devxlib/src -I. -I/home/thiago/Documents/spyn/qe/q-e-qe-7.3.1//include -I/home/thiago/Documents/spyn/qe/q-e-qe-7.3.1//upflib -I/home/thiago/Documents/spyn/qe/q-e-qe-7.3.1//XClib -I/home/thiago/Documents/spyn/qe/q-e-qe-7.3.1//Modules -I/home/thiago/Documents/spyn/qe/q-e-qe-7.3.1//FFTXlib/src -I/home/thiago/Documents/spyn/qe/q-e-qe-7.3.1//LAXlib -I/home/thiago/Documents/spyn/qe/q-e-qe-7.3.1//UtilXlib -I/home/thiago/Documents/spyn/qe/q-e-qe-7.3.1//MBD -I/home/thiago/Documents/spyn/qe/q-e-qe-7.3.1//KS_Solvers  -I../../dft-d3/ -c forces_bp_efield.f90
forces_bp_efield.f90:580:43:

  578 |                         CALL MPI_ALLTOALL( aux_proc, max_aux, MPI_DOUBLE_COMPLEX,  &
      |                                           2
  579 |                              aux_rcv, max_aux, MPI_DOUBLE_COMPLEX, intra_bgrp_comm, ierr )
  580 |                         CALL MPI_ALLTOALL( aux_proc_ind, max_aux, MPI_INTEGER,     &
      |                                           1
Warning: Type mismatch between actual argument at (1) and actual argument at (2) (INTEGER(4)/COMPLEX(8)).
forces_bp_efield.f90:581:29:

  579 |                              aux_rcv, max_aux, MPI_DOUBLE_COMPLEX, intra_bgrp_comm, ierr )
      |                             2
  580 |                         CALL MPI_ALLTOALL( aux_proc_ind, max_aux, MPI_INTEGER,     &
  581 |                              aux_rcv_ind, max_aux, MPI_INTEGER, intra_bgrp_comm, ierr )
      |                             1
Warning: Type mismatch between actual argument at (1) and actual argument at (2) (INTEGER(4)/COMPLEX(8)).
mpif90 -O2 -fallow-argument-mismatch -cpp -D__FFTW -D__MPI  -I/home/thiago/Documents/spyn/qe/q-e-qe-7.3.1//external/devxlib/src -I. -I/home/thiago/Documents/spyn/qe/q-e-qe-7.3.1//include -I/home/thiago/Documents/spyn/qe/q-e-qe-7.3.1//upflib -I/home/thiago/Documents/spyn/qe/q-e-qe-7.3.1//XClib -I/home/thiago/Documents/spyn/qe/q-e-qe-7.3.1//Modules -I/home/thiago/Documents/spyn/qe/q-e-qe-7.3.1//FFTXlib/src -I/home/thiago/Documents/spyn/qe/q-e-qe-7.3.1//LAXlib -I/home/thiago/Documents/spyn/qe/q-e-qe-7.3.1//UtilXlib -I/home/thiago/Documents/spyn/qe/q-e-qe-7.3.1//MBD -I/home/thiago/Documents/spyn/qe/q-e-qe-7.3.1//KS_Solvers  -I../../dft-d3/ -c force_ew.f90
mpif90 -O2 -fallow-argument-mismatch -cpp -D__FFTW -D__MPI  -I/home/thiago/Documents/spyn/qe/q-e-qe-7.3.1//external/devxlib/src -I. -I/home/thiago/Documents/spyn/qe/q-e-qe-7.3.1//include -I/home/thiago/Documents/spyn/qe/q-e-qe-7.3.1//upflib -I/home/thiago/Documents/spyn/qe/q-e-qe-7.3.1//XClib -I/home/thiago/Documents/spyn/qe/q-e-qe-7.3.1//Modules -I/home/thiago/Documents/spyn/qe/q-e-qe-7.3.1//FFTXlib/src -I/home/thiago/Documents/spyn/qe/q-e-qe-7.3.1//LAXlib -I/home/thiago/Documents/spyn/qe/q-e-qe-7.3.1//UtilXlib -I/home/thiago/Documents/spyn/qe/q-e-qe-7.3.1//MBD -I/home/thiago/Documents/spyn/qe/q-e-qe-7.3.1//KS_Solvers  -I../../dft-d3/ -c gen_at_dj.f90
mpif90 -O2 -fallow-argument-mismatch -cpp -D__FFTW -D__MPI  -I/home/thiago/Documents/spyn/qe/q-e-qe-7.3.1//external/devxlib/src -I. -I/home/thiago/Documents/spyn/qe/q-e-qe-7.3.1//include -I/home/thiago/Documents/spyn/qe/q-e-qe-7.3.1//upflib -I/home/thiago/Documents/spyn/qe/q-e-qe-7.3.1//XClib -I/home/thiago/Documents/spyn/qe/q-e-qe-7.3.1//Modules -I/home/thiago/Documents/spyn/qe/q-e-qe-7.3.1//FFTXlib/src -I/home/thiago/Documents/spyn/qe/q-e-qe-7.3.1//LAXlib -I/home/thiago/Documents/spyn/qe/q-e-qe-7.3.1//UtilXlib -I/home/thiago/Documents/spyn/qe/q-e-qe-7.3.1//MBD -I/home/thiago/Documents/spyn/qe/q-e-qe-7.3.1//KS_Solvers  -I../../dft-d3/ -c gen_at_dy.f90
mpif90 -O2 -fallow-argument-mismatch -cpp -D__FFTW -D__MPI  -I/home/thiago/Documents/spyn/qe/q-e-qe-7.3.1//external/devxlib/src -I. -I/home/thiago/Documents/spyn/qe/q-e-qe-7.3.1//include -I/home/thiago/Documents/spyn/qe/q-e-qe-7.3.1//upflib -I/home/thiago/Documents/spyn/qe/q-e-qe-7.3.1//XClib -I/home/thiago/Documents/spyn/qe/q-e-qe-7.3.1//Modules -I/home/thiago/Documents/spyn/qe/q-e-qe-7.3.1//FFTXlib/src -I/home/thiago/Documents/spyn/qe/q-e-qe-7.3.1//LAXlib -I/home/thiago/Documents/spyn/qe/q-e-qe-7.3.1//UtilXlib -I/home/thiago/Documents/spyn/qe/q-e-qe-7.3.1//MBD -I/home/thiago/Documents/spyn/qe/q-e-qe-7.3.1//KS_Solvers  -I../../dft-d3/ -c get_locals.f90
mpif90 -O2 -fallow-argument-mismatch -cpp -D__FFTW -D__MPI  -I/home/thiago/Documents/spyn/qe/q-e-qe-7.3.1//external/devxlib/src -I. -I/home/thiago/Documents/spyn/qe/q-e-qe-7.3.1//include -I/home/thiago/Documents/spyn/qe/q-e-qe-7.3.1//upflib -I/home/thiago/Documents/spyn/qe/q-e-qe-7.3.1//XClib -I/home/thiago/Documents/spyn/qe/q-e-qe-7.3.1//Modules -I/home/thiago/Documents/spyn/qe/q-e-qe-7.3.1//FFTXlib/src -I/home/thiago/Documents/spyn/qe/q-e-qe-7.3.1//LAXlib -I/home/thiago/Documents/spyn/qe/q-e-qe-7.3.1//UtilXlib -I/home/thiago/Documents/spyn/qe/q-e-qe-7.3.1//MBD -I/home/thiago/Documents/spyn/qe/q-e-qe-7.3.1//KS_Solvers  -I../../dft-d3/ -c gk_sort.f90
mpif90 -O2 -fallow-argument-mismatch -cpp -D__FFTW -D__MPI  -I/home/thiago/Documents/spyn/qe/q-e-qe-7.3.1//external/devxlib/src -I. -I/home/thiago/Documents/spyn/qe/q-e-qe-7.3.1//include -I/home/thiago/Documents/spyn/qe/q-e-qe-7.3.1//upflib -I/home/thiago/Documents/spyn/qe/q-e-qe-7.3.1//XClib -I/home/thiago/Documents/spyn/qe/q-e-qe-7.3.1//Modules -I/home/thiago/Documents/spyn/qe/q-e-qe-7.3.1//FFTXlib/src -I/home/thiago/Documents/spyn/qe/q-e-qe-7.3.1//LAXlib -I/home/thiago/Documents/spyn/qe/q-e-qe-7.3.1//UtilXlib -I/home/thiago/Documents/spyn/qe/q-e-qe-7.3.1//MBD -I/home/thiago/Documents/spyn/qe/q-e-qe-7.3.1//KS_Solvers  -I../../dft-d3/ -c gradcorr.f90
mpif90 -O2 -fallow-argument-mismatch -cpp -D__FFTW -D__MPI  -I/home/thiago/Documents/spyn/qe/q-e-qe-7.3.1//external/devxlib/src -I. -I/home/thiago/Documents/spyn/qe/q-e-qe-7.3.1//include -I/home/thiago/Documents/spyn/qe/q-e-qe-7.3.1//upflib -I/home/thiago/Documents/spyn/qe/q-e-qe-7.3.1//XClib -I/home/thiago/Documents/spyn/qe/q-e-qe-7.3.1//Modules -I/home/thiago/Documents/spyn/qe/q-e-qe-7.3.1//FFTXlib/src -I/home/thiago/Documents/spyn/qe/q-e-qe-7.3.1//LAXlib -I/home/thiago/Documents/spyn/qe/q-e-qe-7.3.1//UtilXlib -I/home/thiago/Documents/spyn/qe/q-e-qe-7.3.1//MBD -I/home/thiago/Documents/spyn/qe/q-e-qe-7.3.1//KS_Solvers  -I../../dft-d3/ -c gweights.f90
mpif90 -O2 -fallow-argument-mismatch -cpp -D__FFTW -D__MPI  -I/home/thiago/Documents/spyn/qe/q-e-qe-7.3.1//external/devxlib/src -I. -I/home/thiago/Documents/spyn/qe/q-e-qe-7.3.1//include -I/home/thiago/Documents/spyn/qe/q-e-qe-7.3.1//upflib -I/home/thiago/Documents/spyn/qe/q-e-qe-7.3.1//XClib -I/home/thiago/Documents/spyn/qe/q-e-qe-7.3.1//Modules -I/home/thiago/Documents/spyn/qe/q-e-qe-7.3.1//FFTXlib/src -I/home/thiago/Documents/spyn/qe/q-e-qe-7.3.1//LAXlib -I/home/thiago/Documents/spyn/qe/q-e-qe-7.3.1//UtilXlib -I/home/thiago/Documents/spyn/qe/q-e-qe-7.3.1//MBD -I/home/thiago/Documents/spyn/qe/q-e-qe-7.3.1//KS_Solvers  -I../../dft-d3/ -c g2_kin.f90
mpif90 -O2 -fallow-argument-mismatch -cpp -D__FFTW -D__MPI  -I/home/thiago/Documents/spyn/qe/q-e-qe-7.3.1//external/devxlib/src -I. -I/home/thiago/Documents/spyn/qe/q-e-qe-7.3.1//include -I/home/thiago/Documents/spyn/qe/q-e-qe-7.3.1//upflib -I/home/thiago/Documents/spyn/qe/q-e-qe-7.3.1//XClib -I/home/thiago/Documents/spyn/qe/q-e-qe-7.3.1//Modules -I/home/thiago/Documents/spyn/qe/q-e-qe-7.3.1//FFTXlib/src -I/home/thiago/Documents/spyn/qe/q-e-qe-7.3.1//LAXlib -I/home/thiago/Documents/spyn/qe/q-e-qe-7.3.1//UtilXlib -I/home/thiago/Documents/spyn/qe/q-e-qe-7.3.1//MBD -I/home/thiago/Documents/spyn/qe/q-e-qe-7.3.1//KS_Solvers  -I../../dft-d3/ -c hs_psi.f90
mpif90 -O2 -fallow-argument-mismatch -cpp -D__FFTW -D__MPI  -I/home/thiago/Documents/spyn/qe/q-e-qe-7.3.1//external/devxlib/src -I. -I/home/thiago/Documents/spyn/qe/q-e-qe-7.3.1//include -I/home/thiago/Documents/spyn/qe/q-e-qe-7.3.1//upflib -I/home/thiago/Documents/spyn/qe/q-e-qe-7.3.1//XClib -I/home/thiago/Documents/spyn/qe/q-e-qe-7.3.1//Modules -I/home/thiago/Documents/spyn/qe/q-e-qe-7.3.1//FFTXlib/src -I/home/thiago/Documents/spyn/qe/q-e-qe-7.3.1//LAXlib -I/home/thiago/Documents/spyn/qe/q-e-qe-7.3.1//UtilXlib -I/home/thiago/Documents/spyn/qe/q-e-qe-7.3.1//MBD -I/home/thiago/Documents/spyn/qe/q-e-qe-7.3.1//KS_Solvers  -I../../dft-d3/ -c irrek.f90
mpif90 -O2 -fallow-argument-mismatch -cpp -D__FFTW -D__MPI  -I/home/thiago/Documents/spyn/qe/q-e-qe-7.3.1//external/devxlib/src -I. -I/home/thiago/Documents/spyn/qe/q-e-qe-7.3.1//include -I/home/thiago/Documents/spyn/qe/q-e-qe-7.3.1//upflib -I/home/thiago/Documents/spyn/qe/q-e-qe-7.3.1//XClib -I/home/thiago/Documents/spyn/qe/q-e-qe-7.3.1//Modules -I/home/thiago/Documents/spyn/qe/q-e-qe-7.3.1//FFTXlib/src -I/home/thiago/Documents/spyn/qe/q-e-qe-7.3.1//LAXlib -I/home/thiago/Documents/spyn/qe/q-e-qe-7.3.1//UtilXlib -I/home/thiago/Documents/spyn/qe/q-e-qe-7.3.1//MBD -I/home/thiago/Documents/spyn/qe/q-e-qe-7.3.1//KS_Solvers  -I../../dft-d3/ -c iweights.f90
mpif90 -O2 -fallow-argument-mismatch -cpp -D__FFTW -D__MPI  -I/home/thiago/Documents/spyn/qe/q-e-qe-7.3.1//external/devxlib/src -I. -I/home/thiago/Documents/spyn/qe/q-e-qe-7.3.1//include -I/home/thiago/Documents/spyn/qe/q-e-qe-7.3.1//upflib -I/home/thiago/Documents/spyn/qe/q-e-qe-7.3.1//XClib -I/home/thiago/Documents/spyn/qe/q-e-qe-7.3.1//Modules -I/home/thiago/Documents/spyn/qe/q-e-qe-7.3.1//FFTXlib/src -I/home/thiago/Documents/spyn/qe/q-e-qe-7.3.1//LAXlib -I/home/thiago/Documents/spyn/qe/q-e-qe-7.3.1//UtilXlib -I/home/thiago/Documents/spyn/qe/q-e-qe-7.3.1//MBD -I/home/thiago/Documents/spyn/qe/q-e-qe-7.3.1//KS_Solvers  -I../../dft-d3/ -c kpoint_grid.f90
mpif90 -O2 -fallow-argument-mismatch -cpp -D__FFTW -D__MPI  -I/home/thiago/Documents/spyn/qe/q-e-qe-7.3.1//external/devxlib/src -I. -I/home/thiago/Documents/spyn/qe/q-e-qe-7.3.1//include -I/home/thiago/Documents/spyn/qe/q-e-qe-7.3.1//upflib -I/home/thiago/Documents/spyn/qe/q-e-qe-7.3.1//XClib -I/home/thiago/Documents/spyn/qe/q-e-qe-7.3.1//Modules -I/home/thiago/Documents/spyn/qe/q-e-qe-7.3.1//FFTXlib/src -I/home/thiago/Documents/spyn/qe/q-e-qe-7.3.1//LAXlib -I/home/thiago/Documents/spyn/qe/q-e-qe-7.3.1//UtilXlib -I/home/thiago/Documents/spyn/qe/q-e-qe-7.3.1//MBD -I/home/thiago/Documents/spyn/qe/q-e-qe-7.3.1//KS_Solvers  -I../../dft-d3/ -c lchk_tauxk.f90
mpif90 -O2 -fallow-argument-mismatch -cpp -D__FFTW -D__MPI  -I/home/thiago/Documents/spyn/qe/q-e-qe-7.3.1//external/devxlib/src -I. -I/home/thiago/Documents/spyn/qe/q-e-qe-7.3.1//include -I/home/thiago/Documents/spyn/qe/q-e-qe-7.3.1//upflib -I/home/thiago/Documents/spyn/qe/q-e-qe-7.3.1//XClib -I/home/thiago/Documents/spyn/qe/q-e-qe-7.3.1//Modules -I/home/thiago/Documents/spyn/qe/q-e-qe-7.3.1//FFTXlib/src -I/home/thiago/Documents/spyn/qe/q-e-qe-7.3.1//LAXlib -I/home/thiago/Documents/spyn/qe/q-e-qe-7.3.1//UtilXlib -I/home/thiago/Documents/spyn/qe/q-e-qe-7.3.1//MBD -I/home/thiago/Documents/spyn/qe/q-e-qe-7.3.1//KS_Solvers  -I../../dft-d3/ -c make_pointlists.f90
mpif90 -O2 -fallow-argument-mismatch -cpp -D__FFTW -D__MPI  -I/home/thiago/Documents/spyn/qe/q-e-qe-7.3.1//external/devxlib/src -I. -I/home/thiago/Documents/spyn/qe/q-e-qe-7.3.1//include -I/home/thiago/Documents/spyn/qe/q-e-qe-7.3.1//upflib -I/home/thiago/Documents/spyn/qe/q-e-qe-7.3.1//XClib -I/home/thiago/Documents/spyn/qe/q-e-qe-7.3.1//Modules -I/home/thiago/Documents/spyn/qe/q-e-qe-7.3.1//FFTXlib/src -I/home/thiago/Documents/spyn/qe/q-e-qe-7.3.1//LAXlib -I/home/thiago/Documents/spyn/qe/q-e-qe-7.3.1//UtilXlib -I/home/thiago/Documents/spyn/qe/q-e-qe-7.3.1//MBD -I/home/thiago/Documents/spyn/qe/q-e-qe-7.3.1//KS_Solvers  -I../../dft-d3/ -c manypw.f90
mpif90 -O2 -fallow-argument-mismatch -cpp -D__FFTW -D__MPI  -I/home/thiago/Documents/spyn/qe/q-e-qe-7.3.1//external/devxlib/src -I. -I/home/thiago/Documents/spyn/qe/q-e-qe-7.3.1//include -I/home/thiago/Documents/spyn/qe/q-e-qe-7.3.1//upflib -I/home/thiago/Documents/spyn/qe/q-e-qe-7.3.1//XClib -I/home/thiago/Documents/spyn/qe/q-e-qe-7.3.1//Modules -I/home/thiago/Documents/spyn/qe/q-e-qe-7.3.1//FFTXlib/src -I/home/thiago/Documents/spyn/qe/q-e-qe-7.3.1//LAXlib -I/home/thiago/Documents/spyn/qe/q-e-qe-7.3.1//UtilXlib -I/home/thiago/Documents/spyn/qe/q-e-qe-7.3.1//MBD -I/home/thiago/Documents/spyn/qe/q-e-qe-7.3.1//KS_Solvers  -I../../dft-d3/ -c multable.f90
mpif90 -O2 -fallow-argument-mismatch -cpp -D__FFTW -D__MPI  -I/home/thiago/Documents/spyn/qe/q-e-qe-7.3.1//external/devxlib/src -I. -I/home/thiago/Documents/spyn/qe/q-e-qe-7.3.1//include -I/home/thiago/Documents/spyn/qe/q-e-qe-7.3.1//upflib -I/home/thiago/Documents/spyn/qe/q-e-qe-7.3.1//XClib -I/home/thiago/Documents/spyn/qe/q-e-qe-7.3.1//Modules -I/home/thiago/Documents/spyn/qe/q-e-qe-7.3.1//FFTXlib/src -I/home/thiago/Documents/spyn/qe/q-e-qe-7.3.1//LAXlib -I/home/thiago/Documents/spyn/qe/q-e-qe-7.3.1//UtilXlib -I/home/thiago/Documents/spyn/qe/q-e-qe-7.3.1//MBD -I/home/thiago/Documents/spyn/qe/q-e-qe-7.3.1//KS_Solvers  -I../../dft-d3/ -c n_plane_waves.f90
mpif90 -O2 -fallow-argument-mismatch -cpp -D__FFTW -D__MPI  -I/home/thiago/Documents/spyn/qe/q-e-qe-7.3.1//external/devxlib/src -I. -I/home/thiago/Documents/spyn/qe/q-e-qe-7.3.1//include -I/home/thiago/Documents/spyn/qe/q-e-qe-7.3.1//upflib -I/home/thiago/Documents/spyn/qe/q-e-qe-7.3.1//XClib -I/home/thiago/Documents/spyn/qe/q-e-qe-7.3.1//Modules -I/home/thiago/Documents/spyn/qe/q-e-qe-7.3.1//FFTXlib/src -I/home/thiago/Documents/spyn/qe/q-e-qe-7.3.1//LAXlib -I/home/thiago/Documents/spyn/qe/q-e-qe-7.3.1//UtilXlib -I/home/thiago/Documents/spyn/qe/q-e-qe-7.3.1//MBD -I/home/thiago/Documents/spyn/qe/q-e-qe-7.3.1//KS_Solvers  -I../../dft-d3/ -c output_tau.f90
mpif90 -O2 -fallow-argument-mismatch -cpp -D__FFTW -D__MPI  -I/home/thiago/Documents/spyn/qe/q-e-qe-7.3.1//external/devxlib/src -I. -I/home/thiago/Documents/spyn/qe/q-e-qe-7.3.1//include -I/home/thiago/Documents/spyn/qe/q-e-qe-7.3.1//upflib -I/home/thiago/Documents/spyn/qe/q-e-qe-7.3.1//XClib -I/home/thiago/Documents/spyn/qe/q-e-qe-7.3.1//Modules -I/home/thiago/Documents/spyn/qe/q-e-qe-7.3.1//FFTXlib/src -I/home/thiago/Documents/spyn/qe/q-e-qe-7.3.1//LAXlib -I/home/thiago/Documents/spyn/qe/q-e-qe-7.3.1//UtilXlib -I/home/thiago/Documents/spyn/qe/q-e-qe-7.3.1//MBD -I/home/thiago/Documents/spyn/qe/q-e-qe-7.3.1//KS_Solvers  -I../../dft-d3/ -c para.f90
mpif90 -O2 -fallow-argument-mismatch -cpp -D__FFTW -D__MPI  -I/home/thiago/Documents/spyn/qe/q-e-qe-7.3.1//external/devxlib/src -I. -I/home/thiago/Documents/spyn/qe/q-e-qe-7.3.1//include -I/home/thiago/Documents/spyn/qe/q-e-qe-7.3.1//upflib -I/home/thiago/Documents/spyn/qe/q-e-qe-7.3.1//XClib -I/home/thiago/Documents/spyn/qe/q-e-qe-7.3.1//Modules -I/home/thiago/Documents/spyn/qe/q-e-qe-7.3.1//FFTXlib/src -I/home/thiago/Documents/spyn/qe/q-e-qe-7.3.1//LAXlib -I/home/thiago/Documents/spyn/qe/q-e-qe-7.3.1//UtilXlib -I/home/thiago/Documents/spyn/qe/q-e-qe-7.3.1//MBD -I/home/thiago/Documents/spyn/qe/q-e-qe-7.3.1//KS_Solvers  -I../../dft-d3/ -c plugin_print_energies.f90
mpif90 -O2 -fallow-argument-mismatch -cpp -D__FFTW -D__MPI  -I/home/thiago/Documents/spyn/qe/q-e-qe-7.3.1//external/devxlib/src -I. -I/home/thiago/Documents/spyn/qe/q-e-qe-7.3.1//include -I/home/thiago/Documents/spyn/qe/q-e-qe-7.3.1//upflib -I/home/thiago/Documents/spyn/qe/q-e-qe-7.3.1//XClib -I/home/thiago/Documents/spyn/qe/q-e-qe-7.3.1//Modules -I/home/thiago/Documents/spyn/qe/q-e-qe-7.3.1//FFTXlib/src -I/home/thiago/Documents/spyn/qe/q-e-qe-7.3.1//LAXlib -I/home/thiago/Documents/spyn/qe/q-e-qe-7.3.1//UtilXlib -I/home/thiago/Documents/spyn/qe/q-e-qe-7.3.1//MBD -I/home/thiago/Documents/spyn/qe/q-e-qe-7.3.1//KS_Solvers  -I../../dft-d3/ -c plugin_init_ions.f90
mpif90 -O2 -fallow-argument-mismatch -cpp -D__FFTW -D__MPI  -I/home/thiago/Documents/spyn/qe/q-e-qe-7.3.1//external/devxlib/src -I. -I/home/thiago/Documents/spyn/qe/q-e-qe-7.3.1//include -I/home/thiago/Documents/spyn/qe/q-e-qe-7.3.1//upflib -I/home/thiago/Documents/spyn/qe/q-e-qe-7.3.1//XClib -I/home/thiago/Documents/spyn/qe/q-e-qe-7.3.1//Modules -I/home/thiago/Documents/spyn/qe/q-e-qe-7.3.1//FFTXlib/src -I/home/thiago/Documents/spyn/qe/q-e-qe-7.3.1//LAXlib -I/home/thiago/Documents/spyn/qe/q-e-qe-7.3.1//UtilXlib -I/home/thiago/Documents/spyn/qe/q-e-qe-7.3.1//MBD -I/home/thiago/Documents/spyn/qe/q-e-qe-7.3.1//KS_Solvers  -I../../dft-d3/ -c plugin_init_cell.f90
para.f90:341:20:

  260 |      CALL MPI_SEND( vec, (length*nks), MPI_DOUBLE_PRECISION, 0, 17, &
      |                    2
......
  341 |      CALL MPI_SEND( ivec, (length*nks), MPI_INTEGER, 0, 17, &
      |                    1
Warning: Type mismatch between actual argument at (1) and actual argument at (2) (INTEGER(4)/REAL(8)).
para.f90:366:23:

  285 |         CALL MPI_RECV( vec(1,nbase+1), (length*fine), MPI_DOUBLE_PRECISION, &
      |                       2
......
  366 |         CALL MPI_RECV( ivec(1,nbase+1), (length*fine), MPI_INTEGER, &
      |                       1
Warning: Type mismatch between actual argument at (1) and actual argument at (2) (INTEGER(4)/REAL(8)).
mpif90 -O2 -fallow-argument-mismatch -cpp -D__FFTW -D__MPI  -I/home/thiago/Documents/spyn/qe/q-e-qe-7.3.1//external/devxlib/src -I. -I/home/thiago/Documents/spyn/qe/q-e-qe-7.3.1//include -I/home/thiago/Documents/spyn/qe/q-e-qe-7.3.1//upflib -I/home/thiago/Documents/spyn/qe/q-e-qe-7.3.1//XClib -I/home/thiago/Documents/spyn/qe/q-e-qe-7.3.1//Modules -I/home/thiago/Documents/spyn/qe/q-e-qe-7.3.1//FFTXlib/src -I/home/thiago/Documents/spyn/qe/q-e-qe-7.3.1//LAXlib -I/home/thiago/Documents/spyn/qe/q-e-qe-7.3.1//UtilXlib -I/home/thiago/Documents/spyn/qe/q-e-qe-7.3.1//MBD -I/home/thiago/Documents/spyn/qe/q-e-qe-7.3.1//KS_Solvers  -I../../dft-d3/ -c plugin_init_potential.f90
mpif90 -O2 -fallow-argument-mismatch -cpp -D__FFTW -D__MPI  -I/home/thiago/Documents/spyn/qe/q-e-qe-7.3.1//external/devxlib/src -I. -I/home/thiago/Documents/spyn/qe/q-e-qe-7.3.1//include -I/home/thiago/Documents/spyn/qe/q-e-qe-7.3.1//upflib -I/home/thiago/Documents/spyn/qe/q-e-qe-7.3.1//XClib -I/home/thiago/Documents/spyn/qe/q-e-qe-7.3.1//Modules -I/home/thiago/Documents/spyn/qe/q-e-qe-7.3.1//FFTXlib/src -I/home/thiago/Documents/spyn/qe/q-e-qe-7.3.1//LAXlib -I/home/thiago/Documents/spyn/qe/q-e-qe-7.3.1//UtilXlib -I/home/thiago/Documents/spyn/qe/q-e-qe-7.3.1//MBD -I/home/thiago/Documents/spyn/qe/q-e-qe-7.3.1//KS_Solvers  -I../../dft-d3/ -c plugin_initbase.f90
mpif90 -O2 -fallow-argument-mismatch -cpp -D__FFTW -D__MPI  -I/home/thiago/Documents/spyn/qe/q-e-qe-7.3.1//external/devxlib/src -I. -I/home/thiago/Documents/spyn/qe/q-e-qe-7.3.1//include -I/home/thiago/Documents/spyn/qe/q-e-qe-7.3.1//upflib -I/home/thiago/Documents/spyn/qe/q-e-qe-7.3.1//XClib -I/home/thiago/Documents/spyn/qe/q-e-qe-7.3.1//Modules -I/home/thiago/Documents/spyn/qe/q-e-qe-7.3.1//FFTXlib/src -I/home/thiago/Documents/spyn/qe/q-e-qe-7.3.1//LAXlib -I/home/thiago/Documents/spyn/qe/q-e-qe-7.3.1//UtilXlib -I/home/thiago/Documents/spyn/qe/q-e-qe-7.3.1//MBD -I/home/thiago/Documents/spyn/qe/q-e-qe-7.3.1//KS_Solvers  -I../../dft-d3/ -c plugin_clean.f90
mpif90 -O2 -fallow-argument-mismatch -cpp -D__FFTW -D__MPI  -I/home/thiago/Documents/spyn/qe/q-e-qe-7.3.1//external/devxlib/src -I. -I/home/thiago/Documents/spyn/qe/q-e-qe-7.3.1//include -I/home/thiago/Documents/spyn/qe/q-e-qe-7.3.1//upflib -I/home/thiago/Documents/spyn/qe/q-e-qe-7.3.1//XClib -I/home/thiago/Documents/spyn/qe/q-e-qe-7.3.1//Modules -I/home/thiago/Documents/spyn/qe/q-e-qe-7.3.1//FFTXlib/src -I/home/thiago/Documents/spyn/qe/q-e-qe-7.3.1//LAXlib -I/home/thiago/Documents/spyn/qe/q-e-qe-7.3.1//UtilXlib -I/home/thiago/Documents/spyn/qe/q-e-qe-7.3.1//MBD -I/home/thiago/Documents/spyn/qe/q-e-qe-7.3.1//KS_Solvers  -I../../dft-d3/ -c plugin_check.f90
mpif90 -O2 -fallow-argument-mismatch -cpp -D__FFTW -D__MPI  -I/home/thiago/Documents/spyn/qe/q-e-qe-7.3.1//external/devxlib/src -I. -I/home/thiago/Documents/spyn/qe/q-e-qe-7.3.1//include -I/home/thiago/Documents/spyn/qe/q-e-qe-7.3.1//upflib -I/home/thiago/Documents/spyn/qe/q-e-qe-7.3.1//XClib -I/home/thiago/Documents/spyn/qe/q-e-qe-7.3.1//Modules -I/home/thiago/Documents/spyn/qe/q-e-qe-7.3.1//FFTXlib/src -I/home/thiago/Documents/spyn/qe/q-e-qe-7.3.1//LAXlib -I/home/thiago/Documents/spyn/qe/q-e-qe-7.3.1//UtilXlib -I/home/thiago/Documents/spyn/qe/q-e-qe-7.3.1//MBD -I/home/thiago/Documents/spyn/qe/q-e-qe-7.3.1//KS_Solvers  -I../../dft-d3/ -c plugin_clock.f90
mpif90 -O2 -fallow-argument-mismatch -cpp -D__FFTW -D__MPI  -I/home/thiago/Documents/spyn/qe/q-e-qe-7.3.1//external/devxlib/src -I. -I/home/thiago/Documents/spyn/qe/q-e-qe-7.3.1//include -I/home/thiago/Documents/spyn/qe/q-e-qe-7.3.1//upflib -I/home/thiago/Documents/spyn/qe/q-e-qe-7.3.1//XClib -I/home/thiago/Documents/spyn/qe/q-e-qe-7.3.1//Modules -I/home/thiago/Documents/spyn/qe/q-e-qe-7.3.1//FFTXlib/src -I/home/thiago/Documents/spyn/qe/q-e-qe-7.3.1//LAXlib -I/home/thiago/Documents/spyn/qe/q-e-qe-7.3.1//UtilXlib -I/home/thiago/Documents/spyn/qe/q-e-qe-7.3.1//MBD -I/home/thiago/Documents/spyn/qe/q-e-qe-7.3.1//KS_Solvers  -I../../dft-d3/ -c plugin_summary.f90
mpif90 -O2 -fallow-argument-mismatch -cpp -D__FFTW -D__MPI  -I/home/thiago/Documents/spyn/qe/q-e-qe-7.3.1//external/devxlib/src -I. -I/home/thiago/Documents/spyn/qe/q-e-qe-7.3.1//include -I/home/thiago/Documents/spyn/qe/q-e-qe-7.3.1//upflib -I/home/thiago/Documents/spyn/qe/q-e-qe-7.3.1//XClib -I/home/thiago/Documents/spyn/qe/q-e-qe-7.3.1//Modules -I/home/thiago/Documents/spyn/qe/q-e-qe-7.3.1//FFTXlib/src -I/home/thiago/Documents/spyn/qe/q-e-qe-7.3.1//LAXlib -I/home/thiago/Documents/spyn/qe/q-e-qe-7.3.1//UtilXlib -I/home/thiago/Documents/spyn/qe/q-e-qe-7.3.1//MBD -I/home/thiago/Documents/spyn/qe/q-e-qe-7.3.1//KS_Solvers  -I../../dft-d3/ -c plugin_initialization.f90
mpif90 -O2 -fallow-argument-mismatch -cpp -D__FFTW -D__MPI  -I/home/thiago/Documents/spyn/qe/q-e-qe-7.3.1//external/devxlib/src -I. -I/home/thiago/Documents/spyn/qe/q-e-qe-7.3.1//include -I/home/thiago/Documents/spyn/qe/q-e-qe-7.3.1//upflib -I/home/thiago/Documents/spyn/qe/q-e-qe-7.3.1//XClib -I/home/thiago/Documents/spyn/qe/q-e-qe-7.3.1//Modules -I/home/thiago/Documents/spyn/qe/q-e-qe-7.3.1//FFTXlib/src -I/home/thiago/Documents/spyn/qe/q-e-qe-7.3.1//LAXlib -I/home/thiago/Documents/spyn/qe/q-e-qe-7.3.1//UtilXlib -I/home/thiago/Documents/spyn/qe/q-e-qe-7.3.1//MBD -I/home/thiago/Documents/spyn/qe/q-e-qe-7.3.1//KS_Solvers  -I../../dft-d3/ -c plugin_ext_forces.f90
mpif90 -O2 -fallow-argument-mismatch -cpp -D__FFTW -D__MPI  -I/home/thiago/Documents/spyn/qe/q-e-qe-7.3.1//external/devxlib/src -I. -I/home/thiago/Documents/spyn/qe/q-e-qe-7.3.1//include -I/home/thiago/Documents/spyn/qe/q-e-qe-7.3.1//upflib -I/home/thiago/Documents/spyn/qe/q-e-qe-7.3.1//XClib -I/home/thiago/Documents/spyn/qe/q-e-qe-7.3.1//Modules -I/home/thiago/Documents/spyn/qe/q-e-qe-7.3.1//FFTXlib/src -I/home/thiago/Documents/spyn/qe/q-e-qe-7.3.1//LAXlib -I/home/thiago/Documents/spyn/qe/q-e-qe-7.3.1//UtilXlib -I/home/thiago/Documents/spyn/qe/q-e-qe-7.3.1//MBD -I/home/thiago/Documents/spyn/qe/q-e-qe-7.3.1//KS_Solvers  -I../../dft-d3/ -c plugin_int_forces.f90
mpif90 -O2 -fallow-argument-mismatch -cpp -D__FFTW -D__MPI  -I/home/thiago/Documents/spyn/qe/q-e-qe-7.3.1//external/devxlib/src -I. -I/home/thiago/Documents/spyn/qe/q-e-qe-7.3.1//include -I/home/thiago/Documents/spyn/qe/q-e-qe-7.3.1//upflib -I/home/thiago/Documents/spyn/qe/q-e-qe-7.3.1//XClib -I/home/thiago/Documents/spyn/qe/q-e-qe-7.3.1//Modules -I/home/thiago/Documents/spyn/qe/q-e-qe-7.3.1//FFTXlib/src -I/home/thiago/Documents/spyn/qe/q-e-qe-7.3.1//LAXlib -I/home/thiago/Documents/spyn/qe/q-e-qe-7.3.1//UtilXlib -I/home/thiago/Documents/spyn/qe/q-e-qe-7.3.1//MBD -I/home/thiago/Documents/spyn/qe/q-e-qe-7.3.1//KS_Solvers  -I../../dft-d3/ -c plugin_read_input.f90
mpif90 -O2 -fallow-argument-mismatch -cpp -D__FFTW -D__MPI  -I/home/thiago/Documents/spyn/qe/q-e-qe-7.3.1//external/devxlib/src -I. -I/home/thiago/Documents/spyn/qe/q-e-qe-7.3.1//include -I/home/thiago/Documents/spyn/qe/q-e-qe-7.3.1//upflib -I/home/thiago/Documents/spyn/qe/q-e-qe-7.3.1//XClib -I/home/thiago/Documents/spyn/qe/q-e-qe-7.3.1//Modules -I/home/thiago/Documents/spyn/qe/q-e-qe-7.3.1//FFTXlib/src -I/home/thiago/Documents/spyn/qe/q-e-qe-7.3.1//LAXlib -I/home/thiago/Documents/spyn/qe/q-e-qe-7.3.1//UtilXlib -I/home/thiago/Documents/spyn/qe/q-e-qe-7.3.1//MBD -I/home/thiago/Documents/spyn/qe/q-e-qe-7.3.1//KS_Solvers  -I../../dft-d3/ -c pw_init_qexsd_input.f90
mpif90 -O2 -fallow-argument-mismatch -cpp -D__FFTW -D__MPI  -I/home/thiago/Documents/spyn/qe/q-e-qe-7.3.1//external/devxlib/src -I. -I/home/thiago/Documents/spyn/qe/q-e-qe-7.3.1//include -I/home/thiago/Documents/spyn/qe/q-e-qe-7.3.1//upflib -I/home/thiago/Documents/spyn/qe/q-e-qe-7.3.1//XClib -I/home/thiago/Documents/spyn/qe/q-e-qe-7.3.1//Modules -I/home/thiago/Documents/spyn/qe/q-e-qe-7.3.1//FFTXlib/src -I/home/thiago/Documents/spyn/qe/q-e-qe-7.3.1//LAXlib -I/home/thiago/Documents/spyn/qe/q-e-qe-7.3.1//UtilXlib -I/home/thiago/Documents/spyn/qe/q-e-qe-7.3.1//MBD -I/home/thiago/Documents/spyn/qe/q-e-qe-7.3.1//KS_Solvers  -I../../dft-d3/ -c pw2blip.f90
mpif90 -O2 -fallow-argument-mismatch -cpp -D__FFTW -D__MPI  -I/home/thiago/Documents/spyn/qe/q-e-qe-7.3.1//external/devxlib/src -I. -I/home/thiago/Documents/spyn/qe/q-e-qe-7.3.1//include -I/home/thiago/Documents/spyn/qe/q-e-qe-7.3.1//upflib -I/home/thiago/Documents/spyn/qe/q-e-qe-7.3.1//XClib -I/home/thiago/Documents/spyn/qe/q-e-qe-7.3.1//Modules -I/home/thiago/Documents/spyn/qe/q-e-qe-7.3.1//FFTXlib/src -I/home/thiago/Documents/spyn/qe/q-e-qe-7.3.1//LAXlib -I/home/thiago/Documents/spyn/qe/q-e-qe-7.3.1//UtilXlib -I/home/thiago/Documents/spyn/qe/q-e-qe-7.3.1//MBD -I/home/thiago/Documents/spyn/qe/q-e-qe-7.3.1//KS_Solvers  -I../../dft-d3/ -c pw2casino.f90
mpif90 -O2 -fallow-argument-mismatch -cpp -D__FFTW -D__MPI  -I/home/thiago/Documents/spyn/qe/q-e-qe-7.3.1//external/devxlib/src -I. -I/home/thiago/Documents/spyn/qe/q-e-qe-7.3.1//include -I/home/thiago/Documents/spyn/qe/q-e-qe-7.3.1//upflib -I/home/thiago/Documents/spyn/qe/q-e-qe-7.3.1//XClib -I/home/thiago/Documents/spyn/qe/q-e-qe-7.3.1//Modules -I/home/thiago/Documents/spyn/qe/q-e-qe-7.3.1//FFTXlib/src -I/home/thiago/Documents/spyn/qe/q-e-qe-7.3.1//LAXlib -I/home/thiago/Documents/spyn/qe/q-e-qe-7.3.1//UtilXlib -I/home/thiago/Documents/spyn/qe/q-e-qe-7.3.1//MBD -I/home/thiago/Documents/spyn/qe/q-e-qe-7.3.1//KS_Solvers  -I../../dft-d3/ -c rdiagh.f90
mpif90 -O2 -fallow-argument-mismatch -cpp -D__FFTW -D__MPI  -I/home/thiago/Documents/spyn/qe/q-e-qe-7.3.1//external/devxlib/src -I. -I/home/thiago/Documents/spyn/qe/q-e-qe-7.3.1//include -I/home/thiago/Documents/spyn/qe/q-e-qe-7.3.1//upflib -I/home/thiago/Documents/spyn/qe/q-e-qe-7.3.1//XClib -I/home/thiago/Documents/spyn/qe/q-e-qe-7.3.1//Modules -I/home/thiago/Documents/spyn/qe/q-e-qe-7.3.1//FFTXlib/src -I/home/thiago/Documents/spyn/qe/q-e-qe-7.3.1//LAXlib -I/home/thiago/Documents/spyn/qe/q-e-qe-7.3.1//UtilXlib -I/home/thiago/Documents/spyn/qe/q-e-qe-7.3.1//MBD -I/home/thiago/Documents/spyn/qe/q-e-qe-7.3.1//KS_Solvers  -I../../dft-d3/ -c read_conf_from_file.f90
mpif90 -O2 -fallow-argument-mismatch -cpp -D__FFTW -D__MPI  -I/home/thiago/Documents/spyn/qe/q-e-qe-7.3.1//external/devxlib/src -I. -I/home/thiago/Documents/spyn/qe/q-e-qe-7.3.1//include -I/home/thiago/Documents/spyn/qe/q-e-qe-7.3.1//upflib -I/home/thiago/Documents/spyn/qe/q-e-qe-7.3.1//XClib -I/home/thiago/Documents/spyn/qe/q-e-qe-7.3.1//Modules -I/home/thiago/Documents/spyn/qe/q-e-qe-7.3.1//FFTXlib/src -I/home/thiago/Documents/spyn/qe/q-e-qe-7.3.1//LAXlib -I/home/thiago/Documents/spyn/qe/q-e-qe-7.3.1//UtilXlib -I/home/thiago/Documents/spyn/qe/q-e-qe-7.3.1//MBD -I/home/thiago/Documents/spyn/qe/q-e-qe-7.3.1//KS_Solvers  -I../../dft-d3/ -c rho2zeta.f90
mpif90 -O2 -fallow-argument-mismatch -cpp -D__FFTW -D__MPI  -I/home/thiago/Documents/spyn/qe/q-e-qe-7.3.1//external/devxlib/src -I. -I/home/thiago/Documents/spyn/qe/q-e-qe-7.3.1//include -I/home/thiago/Documents/spyn/qe/q-e-qe-7.3.1//upflib -I/home/thiago/Documents/spyn/qe/q-e-qe-7.3.1//XClib -I/home/thiago/Documents/spyn/qe/q-e-qe-7.3.1//Modules -I/home/thiago/Documents/spyn/qe/q-e-qe-7.3.1//FFTXlib/src -I/home/thiago/Documents/spyn/qe/q-e-qe-7.3.1//LAXlib -I/home/thiago/Documents/spyn/qe/q-e-qe-7.3.1//UtilXlib -I/home/thiago/Documents/spyn/qe/q-e-qe-7.3.1//MBD -I/home/thiago/Documents/spyn/qe/q-e-qe-7.3.1//KS_Solvers  -I../../dft-d3/ -c ruotaijk.f90
mpif90 -O2 -fallow-argument-mismatch -cpp -D__FFTW -D__MPI  -I/home/thiago/Documents/spyn/qe/q-e-qe-7.3.1//external/devxlib/src -I. -I/home/thiago/Documents/spyn/qe/q-e-qe-7.3.1//include -I/home/thiago/Documents/spyn/qe/q-e-qe-7.3.1//upflib -I/home/thiago/Documents/spyn/qe/q-e-qe-7.3.1//XClib -I/home/thiago/Documents/spyn/qe/q-e-qe-7.3.1//Modules -I/home/thiago/Documents/spyn/qe/q-e-qe-7.3.1//FFTXlib/src -I/home/thiago/Documents/spyn/qe/q-e-qe-7.3.1//LAXlib -I/home/thiago/Documents/spyn/qe/q-e-qe-7.3.1//UtilXlib -I/home/thiago/Documents/spyn/qe/q-e-qe-7.3.1//MBD -I/home/thiago/Documents/spyn/qe/q-e-qe-7.3.1//KS_Solvers  -I../../dft-d3/ -c save_in_cbands.f90
mpif90 -O2 -fallow-argument-mismatch -cpp -D__FFTW -D__MPI  -I/home/thiago/Documents/spyn/qe/q-e-qe-7.3.1//external/devxlib/src -I. -I/home/thiago/Documents/spyn/qe/q-e-qe-7.3.1//include -I/home/thiago/Documents/spyn/qe/q-e-qe-7.3.1//upflib -I/home/thiago/Documents/spyn/qe/q-e-qe-7.3.1//XClib -I/home/thiago/Documents/spyn/qe/q-e-qe-7.3.1//Modules -I/home/thiago/Documents/spyn/qe/q-e-qe-7.3.1//FFTXlib/src -I/home/thiago/Documents/spyn/qe/q-e-qe-7.3.1//LAXlib -I/home/thiago/Documents/spyn/qe/q-e-qe-7.3.1//UtilXlib -I/home/thiago/Documents/spyn/qe/q-e-qe-7.3.1//MBD -I/home/thiago/Documents/spyn/qe/q-e-qe-7.3.1//KS_Solvers  -I../../dft-d3/ -c set_kplusq.f90
mpif90 -O2 -fallow-argument-mismatch -cpp -D__FFTW -D__MPI  -I/home/thiago/Documents/spyn/qe/q-e-qe-7.3.1//external/devxlib/src -I. -I/home/thiago/Documents/spyn/qe/q-e-qe-7.3.1//include -I/home/thiago/Documents/spyn/qe/q-e-qe-7.3.1//upflib -I/home/thiago/Documents/spyn/qe/q-e-qe-7.3.1//XClib -I/home/thiago/Documents/spyn/qe/q-e-qe-7.3.1//Modules -I/home/thiago/Documents/spyn/qe/q-e-qe-7.3.1//FFTXlib/src -I/home/thiago/Documents/spyn/qe/q-e-qe-7.3.1//LAXlib -I/home/thiago/Documents/spyn/qe/q-e-qe-7.3.1//UtilXlib -I/home/thiago/Documents/spyn/qe/q-e-qe-7.3.1//MBD -I/home/thiago/Documents/spyn/qe/q-e-qe-7.3.1//KS_Solvers  -I../../dft-d3/ -c set_kup_and_kdw.f90
mpif90 -O2 -fallow-argument-mismatch -cpp -D__FFTW -D__MPI  -I/home/thiago/Documents/spyn/qe/q-e-qe-7.3.1//external/devxlib/src -I. -I/home/thiago/Documents/spyn/qe/q-e-qe-7.3.1//include -I/home/thiago/Documents/spyn/qe/q-e-qe-7.3.1//upflib -I/home/thiago/Documents/spyn/qe/q-e-qe-7.3.1//XClib -I/home/thiago/Documents/spyn/qe/q-e-qe-7.3.1//Modules -I/home/thiago/Documents/spyn/qe/q-e-qe-7.3.1//FFTXlib/src -I/home/thiago/Documents/spyn/qe/q-e-qe-7.3.1//LAXlib -I/home/thiago/Documents/spyn/qe/q-e-qe-7.3.1//UtilXlib -I/home/thiago/Documents/spyn/qe/q-e-qe-7.3.1//MBD -I/home/thiago/Documents/spyn/qe/q-e-qe-7.3.1//KS_Solvers  -I../../dft-d3/ -c set_occupations.f90
mpif90 -O2 -fallow-argument-mismatch -cpp -D__FFTW -D__MPI  -I/home/thiago/Documents/spyn/qe/q-e-qe-7.3.1//external/devxlib/src -I. -I/home/thiago/Documents/spyn/qe/q-e-qe-7.3.1//include -I/home/thiago/Documents/spyn/qe/q-e-qe-7.3.1//upflib -I/home/thiago/Documents/spyn/qe/q-e-qe-7.3.1//XClib -I/home/thiago/Documents/spyn/qe/q-e-qe-7.3.1//Modules -I/home/thiago/Documents/spyn/qe/q-e-qe-7.3.1//FFTXlib/src -I/home/thiago/Documents/spyn/qe/q-e-qe-7.3.1//LAXlib -I/home/thiago/Documents/spyn/qe/q-e-qe-7.3.1//UtilXlib -I/home/thiago/Documents/spyn/qe/q-e-qe-7.3.1//MBD -I/home/thiago/Documents/spyn/qe/q-e-qe-7.3.1//KS_Solvers  -I../../dft-d3/ -c set_spin_vars.f90
mpif90 -O2 -fallow-argument-mismatch -cpp -D__FFTW -D__MPI  -I/home/thiago/Documents/spyn/qe/q-e-qe-7.3.1//external/devxlib/src -I. -I/home/thiago/Documents/spyn/qe/q-e-qe-7.3.1//include -I/home/thiago/Documents/spyn/qe/q-e-qe-7.3.1//upflib -I/home/thiago/Documents/spyn/qe/q-e-qe-7.3.1//XClib -I/home/thiago/Documents/spyn/qe/q-e-qe-7.3.1//Modules -I/home/thiago/Documents/spyn/qe/q-e-qe-7.3.1//FFTXlib/src -I/home/thiago/Documents/spyn/qe/q-e-qe-7.3.1//LAXlib -I/home/thiago/Documents/spyn/qe/q-e-qe-7.3.1//UtilXlib -I/home/thiago/Documents/spyn/qe/q-e-qe-7.3.1//MBD -I/home/thiago/Documents/spyn/qe/q-e-qe-7.3.1//KS_Solvers  -I../../dft-d3/ -c set_vrs.f90
mpif90 -O2 -fallow-argument-mismatch -cpp -D__FFTW -D__MPI  -I/home/thiago/Documents/spyn/qe/q-e-qe-7.3.1//external/devxlib/src -I. -I/home/thiago/Documents/spyn/qe/q-e-qe-7.3.1//include -I/home/thiago/Documents/spyn/qe/q-e-qe-7.3.1//upflib -I/home/thiago/Documents/spyn/qe/q-e-qe-7.3.1//XClib -I/home/thiago/Documents/spyn/qe/q-e-qe-7.3.1//Modules -I/home/thiago/Documents/spyn/qe/q-e-qe-7.3.1//FFTXlib/src -I/home/thiago/Documents/spyn/qe/q-e-qe-7.3.1//LAXlib -I/home/thiago/Documents/spyn/qe/q-e-qe-7.3.1//UtilXlib -I/home/thiago/Documents/spyn/qe/q-e-qe-7.3.1//MBD -I/home/thiago/Documents/spyn/qe/q-e-qe-7.3.1//KS_Solvers  -I../../dft-d3/ -c stop_run.f90
mpif90 -O2 -fallow-argument-mismatch -cpp -D__FFTW -D__MPI  -I/home/thiago/Documents/spyn/qe/q-e-qe-7.3.1//external/devxlib/src -I. -I/home/thiago/Documents/spyn/qe/q-e-qe-7.3.1//include -I/home/thiago/Documents/spyn/qe/q-e-qe-7.3.1//upflib -I/home/thiago/Documents/spyn/qe/q-e-qe-7.3.1//XClib -I/home/thiago/Documents/spyn/qe/q-e-qe-7.3.1//Modules -I/home/thiago/Documents/spyn/qe/q-e-qe-7.3.1//FFTXlib/src -I/home/thiago/Documents/spyn/qe/q-e-qe-7.3.1//LAXlib -I/home/thiago/Documents/spyn/qe/q-e-qe-7.3.1//UtilXlib -I/home/thiago/Documents/spyn/qe/q-e-qe-7.3.1//MBD -I/home/thiago/Documents/spyn/qe/q-e-qe-7.3.1//KS_Solvers  -I../../dft-d3/ -c stres_ewa.f90
mpif90 -O2 -fallow-argument-mismatch -cpp -D__FFTW -D__MPI  -I/home/thiago/Documents/spyn/qe/q-e-qe-7.3.1//external/devxlib/src -I. -I/home/thiago/Documents/spyn/qe/q-e-qe-7.3.1//include -I/home/thiago/Documents/spyn/qe/q-e-qe-7.3.1//upflib -I/home/thiago/Documents/spyn/qe/q-e-qe-7.3.1//XClib -I/home/thiago/Documents/spyn/qe/q-e-qe-7.3.1//Modules -I/home/thiago/Documents/spyn/qe/q-e-qe-7.3.1//FFTXlib/src -I/home/thiago/Documents/spyn/qe/q-e-qe-7.3.1//LAXlib -I/home/thiago/Documents/spyn/qe/q-e-qe-7.3.1//UtilXlib -I/home/thiago/Documents/spyn/qe/q-e-qe-7.3.1//MBD -I/home/thiago/Documents/spyn/qe/q-e-qe-7.3.1//KS_Solvers  -I../../dft-d3/ -c stres_gradcorr.f90
mpif90 -O2 -fallow-argument-mismatch -cpp -D__FFTW -D__MPI  -I/home/thiago/Documents/spyn/qe/q-e-qe-7.3.1//external/devxlib/src -I. -I/home/thiago/Documents/spyn/qe/q-e-qe-7.3.1//include -I/home/thiago/Documents/spyn/qe/q-e-qe-7.3.1//upflib -I/home/thiago/Documents/spyn/qe/q-e-qe-7.3.1//XClib -I/home/thiago/Documents/spyn/qe/q-e-qe-7.3.1//Modules -I/home/thiago/Documents/spyn/qe/q-e-qe-7.3.1//FFTXlib/src -I/home/thiago/Documents/spyn/qe/q-e-qe-7.3.1//LAXlib -I/home/thiago/Documents/spyn/qe/q-e-qe-7.3.1//UtilXlib -I/home/thiago/Documents/spyn/qe/q-e-qe-7.3.1//MBD -I/home/thiago/Documents/spyn/qe/q-e-qe-7.3.1//KS_Solvers  -I../../dft-d3/ -c stres_nonloc_dft.f90
mpif90 -O2 -fallow-argument-mismatch -cpp -D__FFTW -D__MPI  -I/home/thiago/Documents/spyn/qe/q-e-qe-7.3.1//external/devxlib/src -I. -I/home/thiago/Documents/spyn/qe/q-e-qe-7.3.1//include -I/home/thiago/Documents/spyn/qe/q-e-qe-7.3.1//upflib -I/home/thiago/Documents/spyn/qe/q-e-qe-7.3.1//XClib -I/home/thiago/Documents/spyn/qe/q-e-qe-7.3.1//Modules -I/home/thiago/Documents/spyn/qe/q-e-qe-7.3.1//FFTXlib/src -I/home/thiago/Documents/spyn/qe/q-e-qe-7.3.1//LAXlib -I/home/thiago/Documents/spyn/qe/q-e-qe-7.3.1//UtilXlib -I/home/thiago/Documents/spyn/qe/q-e-qe-7.3.1//MBD -I/home/thiago/Documents/spyn/qe/q-e-qe-7.3.1//KS_Solvers  -I../../dft-d3/ -c struct_fact.f90
mpif90 -O2 -fallow-argument-mismatch -cpp -D__FFTW -D__MPI  -I/home/thiago/Documents/spyn/qe/q-e-qe-7.3.1//external/devxlib/src -I. -I/home/thiago/Documents/spyn/qe/q-e-qe-7.3.1//include -I/home/thiago/Documents/spyn/qe/q-e-qe-7.3.1//upflib -I/home/thiago/Documents/spyn/qe/q-e-qe-7.3.1//XClib -I/home/thiago/Documents/spyn/qe/q-e-qe-7.3.1//Modules -I/home/thiago/Documents/spyn/qe/q-e-qe-7.3.1//FFTXlib/src -I/home/thiago/Documents/spyn/qe/q-e-qe-7.3.1//LAXlib -I/home/thiago/Documents/spyn/qe/q-e-qe-7.3.1//UtilXlib -I/home/thiago/Documents/spyn/qe/q-e-qe-7.3.1//MBD -I/home/thiago/Documents/spyn/qe/q-e-qe-7.3.1//KS_Solvers  -I../../dft-d3/ -c sumkg.f90
mpif90 -O2 -fallow-argument-mismatch -cpp -D__FFTW -D__MPI  -I/home/thiago/Documents/spyn/qe/q-e-qe-7.3.1//external/devxlib/src -I. -I/home/thiago/Documents/spyn/qe/q-e-qe-7.3.1//include -I/home/thiago/Documents/spyn/qe/q-e-qe-7.3.1//upflib -I/home/thiago/Documents/spyn/qe/q-e-qe-7.3.1//XClib -I/home/thiago/Documents/spyn/qe/q-e-qe-7.3.1//Modules -I/home/thiago/Documents/spyn/qe/q-e-qe-7.3.1//FFTXlib/src -I/home/thiago/Documents/spyn/qe/q-e-qe-7.3.1//LAXlib -I/home/thiago/Documents/spyn/qe/q-e-qe-7.3.1//UtilXlib -I/home/thiago/Documents/spyn/qe/q-e-qe-7.3.1//MBD -I/home/thiago/Documents/spyn/qe/q-e-qe-7.3.1//KS_Solvers  -I../../dft-d3/ -c sumkt.f90
mpif90 -O2 -fallow-argument-mismatch -cpp -D__FFTW -D__MPI  -I/home/thiago/Documents/spyn/qe/q-e-qe-7.3.1//external/devxlib/src -I. -I/home/thiago/Documents/spyn/qe/q-e-qe-7.3.1//include -I/home/thiago/Documents/spyn/qe/q-e-qe-7.3.1//upflib -I/home/thiago/Documents/spyn/qe/q-e-qe-7.3.1//XClib -I/home/thiago/Documents/spyn/qe/q-e-qe-7.3.1//Modules -I/home/thiago/Documents/spyn/qe/q-e-qe-7.3.1//FFTXlib/src -I/home/thiago/Documents/spyn/qe/q-e-qe-7.3.1//LAXlib -I/home/thiago/Documents/spyn/qe/q-e-qe-7.3.1//UtilXlib -I/home/thiago/Documents/spyn/qe/q-e-qe-7.3.1//MBD -I/home/thiago/Documents/spyn/qe/q-e-qe-7.3.1//KS_Solvers  -I../../dft-d3/ -c symmetrize_at.f90
mpif90 -O2 -fallow-argument-mismatch -cpp -D__FFTW -D__MPI  -I/home/thiago/Documents/spyn/qe/q-e-qe-7.3.1//external/devxlib/src -I. -I/home/thiago/Documents/spyn/qe/q-e-qe-7.3.1//include -I/home/thiago/Documents/spyn/qe/q-e-qe-7.3.1//upflib -I/home/thiago/Documents/spyn/qe/q-e-qe-7.3.1//XClib -I/home/thiago/Documents/spyn/qe/q-e-qe-7.3.1//Modules -I/home/thiago/Documents/spyn/qe/q-e-qe-7.3.1//FFTXlib/src -I/home/thiago/Documents/spyn/qe/q-e-qe-7.3.1//LAXlib -I/home/thiago/Documents/spyn/qe/q-e-qe-7.3.1//UtilXlib -I/home/thiago/Documents/spyn/qe/q-e-qe-7.3.1//MBD -I/home/thiago/Documents/spyn/qe/q-e-qe-7.3.1//KS_Solvers  -I../../dft-d3/ -c transform_becsum_so.f90
mpif90 -O2 -fallow-argument-mismatch -cpp -D__FFTW -D__MPI  -I/home/thiago/Documents/spyn/qe/q-e-qe-7.3.1//external/devxlib/src -I. -I/home/thiago/Documents/spyn/qe/q-e-qe-7.3.1//include -I/home/thiago/Documents/spyn/qe/q-e-qe-7.3.1//upflib -I/home/thiago/Documents/spyn/qe/q-e-qe-7.3.1//XClib -I/home/thiago/Documents/spyn/qe/q-e-qe-7.3.1//Modules -I/home/thiago/Documents/spyn/qe/q-e-qe-7.3.1//FFTXlib/src -I/home/thiago/Documents/spyn/qe/q-e-qe-7.3.1//LAXlib -I/home/thiago/Documents/spyn/qe/q-e-qe-7.3.1//UtilXlib -I/home/thiago/Documents/spyn/qe/q-e-qe-7.3.1//MBD -I/home/thiago/Documents/spyn/qe/q-e-qe-7.3.1//KS_Solvers  -I../../dft-d3/ -c transform_becsum_nc.f90
mpif90 -O2 -fallow-argument-mismatch -cpp -D__FFTW -D__MPI  -I/home/thiago/Documents/spyn/qe/q-e-qe-7.3.1//external/devxlib/src -I. -I/home/thiago/Documents/spyn/qe/q-e-qe-7.3.1//include -I/home/thiago/Documents/spyn/qe/q-e-qe-7.3.1//upflib -I/home/thiago/Documents/spyn/qe/q-e-qe-7.3.1//XClib -I/home/thiago/Documents/spyn/qe/q-e-qe-7.3.1//Modules -I/home/thiago/Documents/spyn/qe/q-e-qe-7.3.1//FFTXlib/src -I/home/thiago/Documents/spyn/qe/q-e-qe-7.3.1//LAXlib -I/home/thiago/Documents/spyn/qe/q-e-qe-7.3.1//UtilXlib -I/home/thiago/Documents/spyn/qe/q-e-qe-7.3.1//MBD -I/home/thiago/Documents/spyn/qe/q-e-qe-7.3.1//KS_Solvers  -I../../dft-d3/ -c trnvecc.f90
mpif90 -O2 -fallow-argument-mismatch -cpp -D__FFTW -D__MPI  -I/home/thiago/Documents/spyn/qe/q-e-qe-7.3.1//external/devxlib/src -I. -I/home/thiago/Documents/spyn/qe/q-e-qe-7.3.1//include -I/home/thiago/Documents/spyn/qe/q-e-qe-7.3.1//upflib -I/home/thiago/Documents/spyn/qe/q-e-qe-7.3.1//XClib -I/home/thiago/Documents/spyn/qe/q-e-qe-7.3.1//Modules -I/home/thiago/Documents/spyn/qe/q-e-qe-7.3.1//FFTXlib/src -I/home/thiago/Documents/spyn/qe/q-e-qe-7.3.1//LAXlib -I/home/thiago/Documents/spyn/qe/q-e-qe-7.3.1//UtilXlib -I/home/thiago/Documents/spyn/qe/q-e-qe-7.3.1//MBD -I/home/thiago/Documents/spyn/qe/q-e-qe-7.3.1//KS_Solvers  -I../../dft-d3/ -c usnldiag.f90
mpif90 -O2 -fallow-argument-mismatch -cpp -D__FFTW -D__MPI  -I/home/thiago/Documents/spyn/qe/q-e-qe-7.3.1//external/devxlib/src -I. -I/home/thiago/Documents/spyn/qe/q-e-qe-7.3.1//include -I/home/thiago/Documents/spyn/qe/q-e-qe-7.3.1//upflib -I/home/thiago/Documents/spyn/qe/q-e-qe-7.3.1//XClib -I/home/thiago/Documents/spyn/qe/q-e-qe-7.3.1//Modules -I/home/thiago/Documents/spyn/qe/q-e-qe-7.3.1//FFTXlib/src -I/home/thiago/Documents/spyn/qe/q-e-qe-7.3.1//LAXlib -I/home/thiago/Documents/spyn/qe/q-e-qe-7.3.1//UtilXlib -I/home/thiago/Documents/spyn/qe/q-e-qe-7.3.1//MBD -I/home/thiago/Documents/spyn/qe/q-e-qe-7.3.1//KS_Solvers  -I../../dft-d3/ -c vcsubs.f90
mpif90 -O2 -fallow-argument-mismatch -cpp -D__FFTW -D__MPI  -I/home/thiago/Documents/spyn/qe/q-e-qe-7.3.1//external/devxlib/src -I. -I/home/thiago/Documents/spyn/qe/q-e-qe-7.3.1//include -I/home/thiago/Documents/spyn/qe/q-e-qe-7.3.1//upflib -I/home/thiago/Documents/spyn/qe/q-e-qe-7.3.1//XClib -I/home/thiago/Documents/spyn/qe/q-e-qe-7.3.1//Modules -I/home/thiago/Documents/spyn/qe/q-e-qe-7.3.1//FFTXlib/src -I/home/thiago/Documents/spyn/qe/q-e-qe-7.3.1//LAXlib -I/home/thiago/Documents/spyn/qe/q-e-qe-7.3.1//UtilXlib -I/home/thiago/Documents/spyn/qe/q-e-qe-7.3.1//MBD -I/home/thiago/Documents/spyn/qe/q-e-qe-7.3.1//KS_Solvers  -I../../dft-d3/ -c vloc_psi.f90
mpif90 -O2 -fallow-argument-mismatch -cpp -D__FFTW -D__MPI  -I/home/thiago/Documents/spyn/qe/q-e-qe-7.3.1//external/devxlib/src -I. -I/home/thiago/Documents/spyn/qe/q-e-qe-7.3.1//include -I/home/thiago/Documents/spyn/qe/q-e-qe-7.3.1//upflib -I/home/thiago/Documents/spyn/qe/q-e-qe-7.3.1//XClib -I/home/thiago/Documents/spyn/qe/q-e-qe-7.3.1//Modules -I/home/thiago/Documents/spyn/qe/q-e-qe-7.3.1//FFTXlib/src -I/home/thiago/Documents/spyn/qe/q-e-qe-7.3.1//LAXlib -I/home/thiago/Documents/spyn/qe/q-e-qe-7.3.1//UtilXlib -I/home/thiago/Documents/spyn/qe/q-e-qe-7.3.1//MBD -I/home/thiago/Documents/spyn/qe/q-e-qe-7.3.1//KS_Solvers  -I../../dft-d3/ -c utils.f90
mpif90 -O2 -fallow-argument-mismatch -cpp -D__FFTW -D__MPI  -I/home/thiago/Documents/spyn/qe/q-e-qe-7.3.1//external/devxlib/src -I. -I/home/thiago/Documents/spyn/qe/q-e-qe-7.3.1//include -I/home/thiago/Documents/spyn/qe/q-e-qe-7.3.1//upflib -I/home/thiago/Documents/spyn/qe/q-e-qe-7.3.1//XClib -I/home/thiago/Documents/spyn/qe/q-e-qe-7.3.1//Modules -I/home/thiago/Documents/spyn/qe/q-e-qe-7.3.1//FFTXlib/src -I/home/thiago/Documents/spyn/qe/q-e-qe-7.3.1//LAXlib -I/home/thiago/Documents/spyn/qe/q-e-qe-7.3.1//UtilXlib -I/home/thiago/Documents/spyn/qe/q-e-qe-7.3.1//MBD -I/home/thiago/Documents/spyn/qe/q-e-qe-7.3.1//KS_Solvers  -I../../dft-d3/ -c wsweight.f90
mpif90 -O2 -fallow-argument-mismatch -cpp -D__FFTW -D__MPI  -I/home/thiago/Documents/spyn/qe/q-e-qe-7.3.1//external/devxlib/src -I. -I/home/thiago/Documents/spyn/qe/q-e-qe-7.3.1//include -I/home/thiago/Documents/spyn/qe/q-e-qe-7.3.1//upflib -I/home/thiago/Documents/spyn/qe/q-e-qe-7.3.1//XClib -I/home/thiago/Documents/spyn/qe/q-e-qe-7.3.1//Modules -I/home/thiago/Documents/spyn/qe/q-e-qe-7.3.1//FFTXlib/src -I/home/thiago/Documents/spyn/qe/q-e-qe-7.3.1//LAXlib -I/home/thiago/Documents/spyn/qe/q-e-qe-7.3.1//UtilXlib -I/home/thiago/Documents/spyn/qe/q-e-qe-7.3.1//MBD -I/home/thiago/Documents/spyn/qe/q-e-qe-7.3.1//KS_Solvers  -I../../dft-d3/ -c ortho_wfc.f90
mpif90 -O2 -fallow-argument-mismatch -cpp -D__FFTW -D__MPI  -I/home/thiago/Documents/spyn/qe/q-e-qe-7.3.1//external/devxlib/src -I. -I/home/thiago/Documents/spyn/qe/q-e-qe-7.3.1//include -I/home/thiago/Documents/spyn/qe/q-e-qe-7.3.1//upflib -I/home/thiago/Documents/spyn/qe/q-e-qe-7.3.1//XClib -I/home/thiago/Documents/spyn/qe/q-e-qe-7.3.1//Modules -I/home/thiago/Documents/spyn/qe/q-e-qe-7.3.1//FFTXlib/src -I/home/thiago/Documents/spyn/qe/q-e-qe-7.3.1//LAXlib -I/home/thiago/Documents/spyn/qe/q-e-qe-7.3.1//UtilXlib -I/home/thiago/Documents/spyn/qe/q-e-qe-7.3.1//MBD -I/home/thiago/Documents/spyn/qe/q-e-qe-7.3.1//KS_Solvers  -I../../dft-d3/ -c wannier_init.f90
mpif90 -O2 -fallow-argument-mismatch -cpp -D__FFTW -D__MPI  -I/home/thiago/Documents/spyn/qe/q-e-qe-7.3.1//external/devxlib/src -I. -I/home/thiago/Documents/spyn/qe/q-e-qe-7.3.1//include -I/home/thiago/Documents/spyn/qe/q-e-qe-7.3.1//upflib -I/home/thiago/Documents/spyn/qe/q-e-qe-7.3.1//XClib -I/home/thiago/Documents/spyn/qe/q-e-qe-7.3.1//Modules -I/home/thiago/Documents/spyn/qe/q-e-qe-7.3.1//FFTXlib/src -I/home/thiago/Documents/spyn/qe/q-e-qe-7.3.1//LAXlib -I/home/thiago/Documents/spyn/qe/q-e-qe-7.3.1//UtilXlib -I/home/thiago/Documents/spyn/qe/q-e-qe-7.3.1//MBD -I/home/thiago/Documents/spyn/qe/q-e-qe-7.3.1//KS_Solvers  -I../../dft-d3/ -c wannier_check.f90
mpif90 -O2 -fallow-argument-mismatch -cpp -D__FFTW -D__MPI  -I/home/thiago/Documents/spyn/qe/q-e-qe-7.3.1//external/devxlib/src -I. -I/home/thiago/Documents/spyn/qe/q-e-qe-7.3.1//include -I/home/thiago/Documents/spyn/qe/q-e-qe-7.3.1//upflib -I/home/thiago/Documents/spyn/qe/q-e-qe-7.3.1//XClib -I/home/thiago/Documents/spyn/qe/q-e-qe-7.3.1//Modules -I/home/thiago/Documents/spyn/qe/q-e-qe-7.3.1//FFTXlib/src -I/home/thiago/Documents/spyn/qe/q-e-qe-7.3.1//LAXlib -I/home/thiago/Documents/spyn/qe/q-e-qe-7.3.1//UtilXlib -I/home/thiago/Documents/spyn/qe/q-e-qe-7.3.1//MBD -I/home/thiago/Documents/spyn/qe/q-e-qe-7.3.1//KS_Solvers  -I../../dft-d3/ -c wannier_occ.f90
mpif90 -O2 -fallow-argument-mismatch -cpp -D__FFTW -D__MPI  -I/home/thiago/Documents/spyn/qe/q-e-qe-7.3.1//external/devxlib/src -I. -I/home/thiago/Documents/spyn/qe/q-e-qe-7.3.1//include -I/home/thiago/Documents/spyn/qe/q-e-qe-7.3.1//upflib -I/home/thiago/Documents/spyn/qe/q-e-qe-7.3.1//XClib -I/home/thiago/Documents/spyn/qe/q-e-qe-7.3.1//Modules -I/home/thiago/Documents/spyn/qe/q-e-qe-7.3.1//FFTXlib/src -I/home/thiago/Documents/spyn/qe/q-e-qe-7.3.1//LAXlib -I/home/thiago/Documents/spyn/qe/q-e-qe-7.3.1//UtilXlib -I/home/thiago/Documents/spyn/qe/q-e-qe-7.3.1//MBD -I/home/thiago/Documents/spyn/qe/q-e-qe-7.3.1//KS_Solvers  -I../../dft-d3/ -c vloc_psi_gpu.f90
mpif90 -O2 -fallow-argument-mismatch -cpp -D__FFTW -D__MPI  -I/home/thiago/Documents/spyn/qe/q-e-qe-7.3.1//external/devxlib/src -I. -I/home/thiago/Documents/spyn/qe/q-e-qe-7.3.1//include -I/home/thiago/Documents/spyn/qe/q-e-qe-7.3.1//upflib -I/home/thiago/Documents/spyn/qe/q-e-qe-7.3.1//XClib -I/home/thiago/Documents/spyn/qe/q-e-qe-7.3.1//Modules -I/home/thiago/Documents/spyn/qe/q-e-qe-7.3.1//FFTXlib/src -I/home/thiago/Documents/spyn/qe/q-e-qe-7.3.1//LAXlib -I/home/thiago/Documents/spyn/qe/q-e-qe-7.3.1//UtilXlib -I/home/thiago/Documents/spyn/qe/q-e-qe-7.3.1//MBD -I/home/thiago/Documents/spyn/qe/q-e-qe-7.3.1//KS_Solvers  -I../../dft-d3/ -c usnldiag_gpu.f90
mpif90 -O2 -fallow-argument-mismatch -cpp -D__FFTW -D__MPI  -I/home/thiago/Documents/spyn/qe/q-e-qe-7.3.1//external/devxlib/src -I. -I/home/thiago/Documents/spyn/qe/q-e-qe-7.3.1//include -I/home/thiago/Documents/spyn/qe/q-e-qe-7.3.1//upflib -I/home/thiago/Documents/spyn/qe/q-e-qe-7.3.1//XClib -I/home/thiago/Documents/spyn/qe/q-e-qe-7.3.1//Modules -I/home/thiago/Documents/spyn/qe/q-e-qe-7.3.1//FFTXlib/src -I/home/thiago/Documents/spyn/qe/q-e-qe-7.3.1//LAXlib -I/home/thiago/Documents/spyn/qe/q-e-qe-7.3.1//UtilXlib -I/home/thiago/Documents/spyn/qe/q-e-qe-7.3.1//MBD -I/home/thiago/Documents/spyn/qe/q-e-qe-7.3.1//KS_Solvers  -I../../dft-d3/ -c add_vuspsi_gpu.f90
mpif90 -O2 -fallow-argument-mismatch -cpp -D__FFTW -D__MPI  -I/home/thiago/Documents/spyn/qe/q-e-qe-7.3.1//external/devxlib/src -I. -I/home/thiago/Documents/spyn/qe/q-e-qe-7.3.1//include -I/home/thiago/Documents/spyn/qe/q-e-qe-7.3.1//upflib -I/home/thiago/Documents/spyn/qe/q-e-qe-7.3.1//XClib -I/home/thiago/Documents/spyn/qe/q-e-qe-7.3.1//Modules -I/home/thiago/Documents/spyn/qe/q-e-qe-7.3.1//FFTXlib/src -I/home/thiago/Documents/spyn/qe/q-e-qe-7.3.1//LAXlib -I/home/thiago/Documents/spyn/qe/q-e-qe-7.3.1//UtilXlib -I/home/thiago/Documents/spyn/qe/q-e-qe-7.3.1//MBD -I/home/thiago/Documents/spyn/qe/q-e-qe-7.3.1//KS_Solvers  -I../../dft-d3/ -c add_paw_to_deeq_gpu.f90
mpif90 -O2 -fallow-argument-mismatch -cpp -D__FFTW -D__MPI  -I/home/thiago/Documents/spyn/qe/q-e-qe-7.3.1//external/devxlib/src -I. -I/home/thiago/Documents/spyn/qe/q-e-qe-7.3.1//include -I/home/thiago/Documents/spyn/qe/q-e-qe-7.3.1//upflib -I/home/thiago/Documents/spyn/qe/q-e-qe-7.3.1//XClib -I/home/thiago/Documents/spyn/qe/q-e-qe-7.3.1//Modules -I/home/thiago/Documents/spyn/qe/q-e-qe-7.3.1//FFTXlib/src -I/home/thiago/Documents/spyn/qe/q-e-qe-7.3.1//LAXlib -I/home/thiago/Documents/spyn/qe/q-e-qe-7.3.1//UtilXlib -I/home/thiago/Documents/spyn/qe/q-e-qe-7.3.1//MBD -I/home/thiago/Documents/spyn/qe/q-e-qe-7.3.1//KS_Solvers  -I../../dft-d3/ -c rotate_wfc_gpu.f90
mpif90 -O2 -fallow-argument-mismatch -cpp -D__FFTW -D__MPI  -I/home/thiago/Documents/spyn/qe/q-e-qe-7.3.1//external/devxlib/src -I. -I/home/thiago/Documents/spyn/qe/q-e-qe-7.3.1//include -I/home/thiago/Documents/spyn/qe/q-e-qe-7.3.1//upflib -I/home/thiago/Documents/spyn/qe/q-e-qe-7.3.1//XClib -I/home/thiago/Documents/spyn/qe/q-e-qe-7.3.1//Modules -I/home/thiago/Documents/spyn/qe/q-e-qe-7.3.1//FFTXlib/src -I/home/thiago/Documents/spyn/qe/q-e-qe-7.3.1//LAXlib -I/home/thiago/Documents/spyn/qe/q-e-qe-7.3.1//UtilXlib -I/home/thiago/Documents/spyn/qe/q-e-qe-7.3.1//MBD -I/home/thiago/Documents/spyn/qe/q-e-qe-7.3.1//KS_Solvers  -I../../dft-d3/ -c hs_psi_gpu.f90
mpif90 -O2 -fallow-argument-mismatch -cpp -D__FFTW -D__MPI  -I/home/thiago/Documents/spyn/qe/q-e-qe-7.3.1//external/devxlib/src -I. -I/home/thiago/Documents/spyn/qe/q-e-qe-7.3.1//include -I/home/thiago/Documents/spyn/qe/q-e-qe-7.3.1//upflib -I/home/thiago/Documents/spyn/qe/q-e-qe-7.3.1//XClib -I/home/thiago/Documents/spyn/qe/q-e-qe-7.3.1//Modules -I/home/thiago/Documents/spyn/qe/q-e-qe-7.3.1//FFTXlib/src -I/home/thiago/Documents/spyn/qe/q-e-qe-7.3.1//LAXlib -I/home/thiago/Documents/spyn/qe/q-e-qe-7.3.1//UtilXlib -I/home/thiago/Documents/spyn/qe/q-e-qe-7.3.1//MBD -I/home/thiago/Documents/spyn/qe/q-e-qe-7.3.1//KS_Solvers  -I../../dft-d3/ -c utils_gpu.f90
mpif90 -O2 -fallow-argument-mismatch -cpp -D__FFTW -D__MPI  -I/home/thiago/Documents/spyn/qe/q-e-qe-7.3.1//external/devxlib/src -I. -I/home/thiago/Documents/spyn/qe/q-e-qe-7.3.1//include -I/home/thiago/Documents/spyn/qe/q-e-qe-7.3.1//upflib -I/home/thiago/Documents/spyn/qe/q-e-qe-7.3.1//XClib -I/home/thiago/Documents/spyn/qe/q-e-qe-7.3.1//Modules -I/home/thiago/Documents/spyn/qe/q-e-qe-7.3.1//FFTXlib/src -I/home/thiago/Documents/spyn/qe/q-e-qe-7.3.1//LAXlib -I/home/thiago/Documents/spyn/qe/q-e-qe-7.3.1//UtilXlib -I/home/thiago/Documents/spyn/qe/q-e-qe-7.3.1//MBD -I/home/thiago/Documents/spyn/qe/q-e-qe-7.3.1//KS_Solvers  -I../../dft-d3/ -c pwcom_gpu.f90
mpif90 -O2 -fallow-argument-mismatch -cpp -D__FFTW -D__MPI  -I/home/thiago/Documents/spyn/qe/q-e-qe-7.3.1//external/devxlib/src -I. -I/home/thiago/Documents/spyn/qe/q-e-qe-7.3.1//include -I/home/thiago/Documents/spyn/qe/q-e-qe-7.3.1//upflib -I/home/thiago/Documents/spyn/qe/q-e-qe-7.3.1//XClib -I/home/thiago/Documents/spyn/qe/q-e-qe-7.3.1//Modules -I/home/thiago/Documents/spyn/qe/q-e-qe-7.3.1//FFTXlib/src -I/home/thiago/Documents/spyn/qe/q-e-qe-7.3.1//LAXlib -I/home/thiago/Documents/spyn/qe/q-e-qe-7.3.1//UtilXlib -I/home/thiago/Documents/spyn/qe/q-e-qe-7.3.1//MBD -I/home/thiago/Documents/spyn/qe/q-e-qe-7.3.1//KS_Solvers  -I../../dft-d3/ -c add_bfield.f90
mpif90 -O2 -fallow-argument-mismatch -cpp -D__FFTW -D__MPI  -I/home/thiago/Documents/spyn/qe/q-e-qe-7.3.1//external/devxlib/src -I. -I/home/thiago/Documents/spyn/qe/q-e-qe-7.3.1//include -I/home/thiago/Documents/spyn/qe/q-e-qe-7.3.1//upflib -I/home/thiago/Documents/spyn/qe/q-e-qe-7.3.1//XClib -I/home/thiago/Documents/spyn/qe/q-e-qe-7.3.1//Modules -I/home/thiago/Documents/spyn/qe/q-e-qe-7.3.1//FFTXlib/src -I/home/thiago/Documents/spyn/qe/q-e-qe-7.3.1//LAXlib -I/home/thiago/Documents/spyn/qe/q-e-qe-7.3.1//UtilXlib -I/home/thiago/Documents/spyn/qe/q-e-qe-7.3.1//MBD -I/home/thiago/Documents/spyn/qe/q-e-qe-7.3.1//KS_Solvers  -I../../dft-d3/ -c add_efield.f90
mpif90 -O2 -fallow-argument-mismatch -cpp -D__FFTW -D__MPI  -I/home/thiago/Documents/spyn/qe/q-e-qe-7.3.1//external/devxlib/src -I. -I/home/thiago/Documents/spyn/qe/q-e-qe-7.3.1//include -I/home/thiago/Documents/spyn/qe/q-e-qe-7.3.1//upflib -I/home/thiago/Documents/spyn/qe/q-e-qe-7.3.1//XClib -I/home/thiago/Documents/spyn/qe/q-e-qe-7.3.1//Modules -I/home/thiago/Documents/spyn/qe/q-e-qe-7.3.1//FFTXlib/src -I/home/thiago/Documents/spyn/qe/q-e-qe-7.3.1//LAXlib -I/home/thiago/Documents/spyn/qe/q-e-qe-7.3.1//UtilXlib -I/home/thiago/Documents/spyn/qe/q-e-qe-7.3.1//MBD -I/home/thiago/Documents/spyn/qe/q-e-qe-7.3.1//KS_Solvers  -I../../dft-d3/ -c add_dmft_occ.f90
mpif90 -O2 -fallow-argument-mismatch -cpp -D__FFTW -D__MPI  -I/home/thiago/Documents/spyn/qe/q-e-qe-7.3.1//external/devxlib/src -I. -I/home/thiago/Documents/spyn/qe/q-e-qe-7.3.1//include -I/home/thiago/Documents/spyn/qe/q-e-qe-7.3.1//upflib -I/home/thiago/Documents/spyn/qe/q-e-qe-7.3.1//XClib -I/home/thiago/Documents/spyn/qe/q-e-qe-7.3.1//Modules -I/home/thiago/Documents/spyn/qe/q-e-qe-7.3.1//FFTXlib/src -I/home/thiago/Documents/spyn/qe/q-e-qe-7.3.1//LAXlib -I/home/thiago/Documents/spyn/qe/q-e-qe-7.3.1//UtilXlib -I/home/thiago/Documents/spyn/qe/q-e-qe-7.3.1//MBD -I/home/thiago/Documents/spyn/qe/q-e-qe-7.3.1//KS_Solvers  -I../../dft-d3/ -c add_vuspsi.f90
add_vuspsi.f90:139:57:

  123 |                            deeq(1,1,na,current_spin), nhm, &
      |                           2                              
......
  139 |           CALL DGEMM( 'N', 'N', ( 2 * n ), m, nkb, 1.D0, vkb, &
      |                                                         1
Warning: Type mismatch between actual argument at (1) and actual argument at (2) (COMPLEX(8)/REAL(8)).
add_vuspsi.f90:140:47:

  125 |                                ps(ofsbeta(na)+1,1), nkb )
      |                               2                
......
  140 |                    ( 2 * lda ), ps, nkb, 1.D0, hpsi, ( 2 * lda ) )
      |                                               1
Warning: Type mismatch between actual argument at (1) and actual argument at (2) (COMPLEX(8)/REAL(8)).
mpif90 -O2 -fallow-argument-mismatch -cpp -D__FFTW -D__MPI  -I/home/thiago/Documents/spyn/qe/q-e-qe-7.3.1//external/devxlib/src -I. -I/home/thiago/Documents/spyn/qe/q-e-qe-7.3.1//include -I/home/thiago/Documents/spyn/qe/q-e-qe-7.3.1//upflib -I/home/thiago/Documents/spyn/qe/q-e-qe-7.3.1//XClib -I/home/thiago/Documents/spyn/qe/q-e-qe-7.3.1//Modules -I/home/thiago/Documents/spyn/qe/q-e-qe-7.3.1//FFTXlib/src -I/home/thiago/Documents/spyn/qe/q-e-qe-7.3.1//LAXlib -I/home/thiago/Documents/spyn/qe/q-e-qe-7.3.1//UtilXlib -I/home/thiago/Documents/spyn/qe/q-e-qe-7.3.1//MBD -I/home/thiago/Documents/spyn/qe/q-e-qe-7.3.1//KS_Solvers  -I../../dft-d3/ -c add_gatefield.f90
mpif90 -O2 -fallow-argument-mismatch -cpp -D__FFTW -D__MPI  -I/home/thiago/Documents/spyn/qe/q-e-qe-7.3.1//external/devxlib/src -I. -I/home/thiago/Documents/spyn/qe/q-e-qe-7.3.1//include -I/home/thiago/Documents/spyn/qe/q-e-qe-7.3.1//upflib -I/home/thiago/Documents/spyn/qe/q-e-qe-7.3.1//XClib -I/home/thiago/Documents/spyn/qe/q-e-qe-7.3.1//Modules -I/home/thiago/Documents/spyn/qe/q-e-qe-7.3.1//FFTXlib/src -I/home/thiago/Documents/spyn/qe/q-e-qe-7.3.1//LAXlib -I/home/thiago/Documents/spyn/qe/q-e-qe-7.3.1//UtilXlib -I/home/thiago/Documents/spyn/qe/q-e-qe-7.3.1//MBD -I/home/thiago/Documents/spyn/qe/q-e-qe-7.3.1//KS_Solvers  -I../../dft-d3/ -c add_paw_to_deeq.f90
mpif90 -O2 -fallow-argument-mismatch -cpp -D__FFTW -D__MPI  -I/home/thiago/Documents/spyn/qe/q-e-qe-7.3.1//external/devxlib/src -I. -I/home/thiago/Documents/spyn/qe/q-e-qe-7.3.1//include -I/home/thiago/Documents/spyn/qe/q-e-qe-7.3.1//upflib -I/home/thiago/Documents/spyn/qe/q-e-qe-7.3.1//XClib -I/home/thiago/Documents/spyn/qe/q-e-qe-7.3.1//Modules -I/home/thiago/Documents/spyn/qe/q-e-qe-7.3.1//FFTXlib/src -I/home/thiago/Documents/spyn/qe/q-e-qe-7.3.1//LAXlib -I/home/thiago/Documents/spyn/qe/q-e-qe-7.3.1//UtilXlib -I/home/thiago/Documents/spyn/qe/q-e-qe-7.3.1//MBD -I/home/thiago/Documents/spyn/qe/q-e-qe-7.3.1//KS_Solvers  -I../../dft-d3/ -c ldaU.f90
mpif90 -O2 -fallow-argument-mismatch -cpp -D__FFTW -D__MPI  -I/home/thiago/Documents/spyn/qe/q-e-qe-7.3.1//external/devxlib/src -I. -I/home/thiago/Documents/spyn/qe/q-e-qe-7.3.1//include -I/home/thiago/Documents/spyn/qe/q-e-qe-7.3.1//upflib -I/home/thiago/Documents/spyn/qe/q-e-qe-7.3.1//XClib -I/home/thiago/Documents/spyn/qe/q-e-qe-7.3.1//Modules -I/home/thiago/Documents/spyn/qe/q-e-qe-7.3.1//FFTXlib/src -I/home/thiago/Documents/spyn/qe/q-e-qe-7.3.1//LAXlib -I/home/thiago/Documents/spyn/qe/q-e-qe-7.3.1//UtilXlib -I/home/thiago/Documents/spyn/qe/q-e-qe-7.3.1//MBD -I/home/thiago/Documents/spyn/qe/q-e-qe-7.3.1//KS_Solvers  -I../../dft-d3/ -c paw_onecenter.f90
mpif90 -O2 -fallow-argument-mismatch -cpp -D__FFTW -D__MPI  -I/home/thiago/Documents/spyn/qe/q-e-qe-7.3.1//external/devxlib/src -I. -I/home/thiago/Documents/spyn/qe/q-e-qe-7.3.1//include -I/home/thiago/Documents/spyn/qe/q-e-qe-7.3.1//upflib -I/home/thiago/Documents/spyn/qe/q-e-qe-7.3.1//XClib -I/home/thiago/Documents/spyn/qe/q-e-qe-7.3.1//Modules -I/home/thiago/Documents/spyn/qe/q-e-qe-7.3.1//FFTXlib/src -I/home/thiago/Documents/spyn/qe/q-e-qe-7.3.1//LAXlib -I/home/thiago/Documents/spyn/qe/q-e-qe-7.3.1//UtilXlib -I/home/thiago/Documents/spyn/qe/q-e-qe-7.3.1//MBD -I/home/thiago/Documents/spyn/qe/q-e-qe-7.3.1//KS_Solvers  -I../../dft-d3/ -c allocate_locpot.f90
mpif90 -O2 -fallow-argument-mismatch -cpp -D__FFTW -D__MPI  -I/home/thiago/Documents/spyn/qe/q-e-qe-7.3.1//external/devxlib/src -I. -I/home/thiago/Documents/spyn/qe/q-e-qe-7.3.1//include -I/home/thiago/Documents/spyn/qe/q-e-qe-7.3.1//upflib -I/home/thiago/Documents/spyn/qe/q-e-qe-7.3.1//XClib -I/home/thiago/Documents/spyn/qe/q-e-qe-7.3.1//Modules -I/home/thiago/Documents/spyn/qe/q-e-qe-7.3.1//FFTXlib/src -I/home/thiago/Documents/spyn/qe/q-e-qe-7.3.1//LAXlib -I/home/thiago/Documents/spyn/qe/q-e-qe-7.3.1//UtilXlib -I/home/thiago/Documents/spyn/qe/q-e-qe-7.3.1//MBD -I/home/thiago/Documents/spyn/qe/q-e-qe-7.3.1//KS_Solvers  -I../../dft-d3/ -c allocate_nlpot.f90
mpif90 -O2 -fallow-argument-mismatch -cpp -D__FFTW -D__MPI  -I/home/thiago/Documents/spyn/qe/q-e-qe-7.3.1//external/devxlib/src -I. -I/home/thiago/Documents/spyn/qe/q-e-qe-7.3.1//include -I/home/thiago/Documents/spyn/qe/q-e-qe-7.3.1//upflib -I/home/thiago/Documents/spyn/qe/q-e-qe-7.3.1//XClib -I/home/thiago/Documents/spyn/qe/q-e-qe-7.3.1//Modules -I/home/thiago/Documents/spyn/qe/q-e-qe-7.3.1//FFTXlib/src -I/home/thiago/Documents/spyn/qe/q-e-qe-7.3.1//LAXlib -I/home/thiago/Documents/spyn/qe/q-e-qe-7.3.1//UtilXlib -I/home/thiago/Documents/spyn/qe/q-e-qe-7.3.1//MBD -I/home/thiago/Documents/spyn/qe/q-e-qe-7.3.1//KS_Solvers  -I../../dft-d3/ -c atomic_rho.f90
mpif90 -O2 -fallow-argument-mismatch -cpp -D__FFTW -D__MPI  -I/home/thiago/Documents/spyn/qe/q-e-qe-7.3.1//external/devxlib/src -I. -I/home/thiago/Documents/spyn/qe/q-e-qe-7.3.1//include -I/home/thiago/Documents/spyn/qe/q-e-qe-7.3.1//upflib -I/home/thiago/Documents/spyn/qe/q-e-qe-7.3.1//XClib -I/home/thiago/Documents/spyn/qe/q-e-qe-7.3.1//Modules -I/home/thiago/Documents/spyn/qe/q-e-qe-7.3.1//FFTXlib/src -I/home/thiago/Documents/spyn/qe/q-e-qe-7.3.1//LAXlib -I/home/thiago/Documents/spyn/qe/q-e-qe-7.3.1//UtilXlib -I/home/thiago/Documents/spyn/qe/q-e-qe-7.3.1//MBD -I/home/thiago/Documents/spyn/qe/q-e-qe-7.3.1//KS_Solvers  -I../../dft-d3/ -c atomic_wfc.f90
mpif90 -O2 -fallow-argument-mismatch -cpp -D__FFTW -D__MPI  -I/home/thiago/Documents/spyn/qe/q-e-qe-7.3.1//external/devxlib/src -I. -I/home/thiago/Documents/spyn/qe/q-e-qe-7.3.1//include -I/home/thiago/Documents/spyn/qe/q-e-qe-7.3.1//upflib -I/home/thiago/Documents/spyn/qe/q-e-qe-7.3.1//XClib -I/home/thiago/Documents/spyn/qe/q-e-qe-7.3.1//Modules -I/home/thiago/Documents/spyn/qe/q-e-qe-7.3.1//FFTXlib/src -I/home/thiago/Documents/spyn/qe/q-e-qe-7.3.1//LAXlib -I/home/thiago/Documents/spyn/qe/q-e-qe-7.3.1//UtilXlib -I/home/thiago/Documents/spyn/qe/q-e-qe-7.3.1//MBD -I/home/thiago/Documents/spyn/qe/q-e-qe-7.3.1//KS_Solvers  -I../../dft-d3/ -c bp_c_phase.f90
paw_onecenter.f90:230:64:

  230 |                          CALL simpson( kkbeta, rho_lm(1,lm,is), g(i%t)%rab(1), integral )
      |                                                                1
......
 1637 |                                                       g(i%t)%rab, integral_r )
      |                                                      2          
Warning: Element of assumed-shape or pointer array as actual argument at (1) cannot correspond to actual argument at (2)
paw_onecenter.f90:236:70:

  236 |                             CALL simpson( kkbeta, msmall_lm(1,lm,is), g(i%t)%rab(1), integral )
      |                                                                      1
......
 1637 |                                                       g(i%t)%rab, integral_r )
      |                                                      2                
Warning: Element of assumed-shape or pointer array as actual argument at (1) cannot correspond to actual argument at (2)
mpif90 -O2 -fallow-argument-mismatch -cpp -D__FFTW -D__MPI  -I/home/thiago/Documents/spyn/qe/q-e-qe-7.3.1//external/devxlib/src -I. -I/home/thiago/Documents/spyn/qe/q-e-qe-7.3.1//include -I/home/thiago/Documents/spyn/qe/q-e-qe-7.3.1//upflib -I/home/thiago/Documents/spyn/qe/q-e-qe-7.3.1//XClib -I/home/thiago/Documents/spyn/qe/q-e-qe-7.3.1//Modules -I/home/thiago/Documents/spyn/qe/q-e-qe-7.3.1//FFTXlib/src -I/home/thiago/Documents/spyn/qe/q-e-qe-7.3.1//LAXlib -I/home/thiago/Documents/spyn/qe/q-e-qe-7.3.1//UtilXlib -I/home/thiago/Documents/spyn/qe/q-e-qe-7.3.1//MBD -I/home/thiago/Documents/spyn/qe/q-e-qe-7.3.1//KS_Solvers  -I../../dft-d3/ -c g_psi_mod_gpu.f90
mpif90 -O2 -fallow-argument-mismatch -cpp -D__FFTW -D__MPI  -I/home/thiago/Documents/spyn/qe/q-e-qe-7.3.1//external/devxlib/src -I. -I/home/thiago/Documents/spyn/qe/q-e-qe-7.3.1//include -I/home/thiago/Documents/spyn/qe/q-e-qe-7.3.1//upflib -I/home/thiago/Documents/spyn/qe/q-e-qe-7.3.1//XClib -I/home/thiago/Documents/spyn/qe/q-e-qe-7.3.1//Modules -I/home/thiago/Documents/spyn/qe/q-e-qe-7.3.1//FFTXlib/src -I/home/thiago/Documents/spyn/qe/q-e-qe-7.3.1//LAXlib -I/home/thiago/Documents/spyn/qe/q-e-qe-7.3.1//UtilXlib -I/home/thiago/Documents/spyn/qe/q-e-qe-7.3.1//MBD -I/home/thiago/Documents/spyn/qe/q-e-qe-7.3.1//KS_Solvers  -I../../dft-d3/ -c exx_base.f90
mpif90 -O2 -fallow-argument-mismatch -cpp -D__FFTW -D__MPI  -I/home/thiago/Documents/spyn/qe/q-e-qe-7.3.1//external/devxlib/src -I. -I/home/thiago/Documents/spyn/qe/q-e-qe-7.3.1//include -I/home/thiago/Documents/spyn/qe/q-e-qe-7.3.1//upflib -I/home/thiago/Documents/spyn/qe/q-e-qe-7.3.1//XClib -I/home/thiago/Documents/spyn/qe/q-e-qe-7.3.1//Modules -I/home/thiago/Documents/spyn/qe/q-e-qe-7.3.1//FFTXlib/src -I/home/thiago/Documents/spyn/qe/q-e-qe-7.3.1//LAXlib -I/home/thiago/Documents/spyn/qe/q-e-qe-7.3.1//UtilXlib -I/home/thiago/Documents/spyn/qe/q-e-qe-7.3.1//MBD -I/home/thiago/Documents/spyn/qe/q-e-qe-7.3.1//KS_Solvers  -I../../dft-d3/ -c dynamics_module.f90
mpif90 -O2 -fallow-argument-mismatch -cpp -D__FFTW -D__MPI  -I/home/thiago/Documents/spyn/qe/q-e-qe-7.3.1//external/devxlib/src -I. -I/home/thiago/Documents/spyn/qe/q-e-qe-7.3.1//include -I/home/thiago/Documents/spyn/qe/q-e-qe-7.3.1//upflib -I/home/thiago/Documents/spyn/qe/q-e-qe-7.3.1//XClib -I/home/thiago/Documents/spyn/qe/q-e-qe-7.3.1//Modules -I/home/thiago/Documents/spyn/qe/q-e-qe-7.3.1//FFTXlib/src -I/home/thiago/Documents/spyn/qe/q-e-qe-7.3.1//LAXlib -I/home/thiago/Documents/spyn/qe/q-e-qe-7.3.1//UtilXlib -I/home/thiago/Documents/spyn/qe/q-e-qe-7.3.1//MBD -I/home/thiago/Documents/spyn/qe/q-e-qe-7.3.1//KS_Solvers  -I../../dft-d3/ -c oscdft_wavefunction.f90
mpif90 -O2 -fallow-argument-mismatch -cpp -D__FFTW -D__MPI  -I/home/thiago/Documents/spyn/qe/q-e-qe-7.3.1//external/devxlib/src -I. -I/home/thiago/Documents/spyn/qe/q-e-qe-7.3.1//include -I/home/thiago/Documents/spyn/qe/q-e-qe-7.3.1//upflib -I/home/thiago/Documents/spyn/qe/q-e-qe-7.3.1//XClib -I/home/thiago/Documents/spyn/qe/q-e-qe-7.3.1//Modules -I/home/thiago/Documents/spyn/qe/q-e-qe-7.3.1//FFTXlib/src -I/home/thiago/Documents/spyn/qe/q-e-qe-7.3.1//LAXlib -I/home/thiago/Documents/spyn/qe/q-e-qe-7.3.1//UtilXlib -I/home/thiago/Documents/spyn/qe/q-e-qe-7.3.1//MBD -I/home/thiago/Documents/spyn/qe/q-e-qe-7.3.1//KS_Solvers  -I../../dft-d3/ -c paw_symmetry.f90
mpif90 -O2 -fallow-argument-mismatch -cpp -D__FFTW -D__MPI  -I/home/thiago/Documents/spyn/qe/q-e-qe-7.3.1//external/devxlib/src -I. -I/home/thiago/Documents/spyn/qe/q-e-qe-7.3.1//include -I/home/thiago/Documents/spyn/qe/q-e-qe-7.3.1//upflib -I/home/thiago/Documents/spyn/qe/q-e-qe-7.3.1//XClib -I/home/thiago/Documents/spyn/qe/q-e-qe-7.3.1//Modules -I/home/thiago/Documents/spyn/qe/q-e-qe-7.3.1//FFTXlib/src -I/home/thiago/Documents/spyn/qe/q-e-qe-7.3.1//LAXlib -I/home/thiago/Documents/spyn/qe/q-e-qe-7.3.1//UtilXlib -I/home/thiago/Documents/spyn/qe/q-e-qe-7.3.1//MBD -I/home/thiago/Documents/spyn/qe/q-e-qe-7.3.1//KS_Solvers  -I../../dft-d3/ -c symme.f90
symme.f90:787:25:

  778 |        CALL mpi_alltoallv (rhog (1,is) , sendcnt, sdispls, MPI_DOUBLE_COMPLEX,&
      |                           2
......
  787 |     CALL mpi_alltoallv ( g , sendcnt, sdispls, MPI_DOUBLE_PRECISION, &
      |                         1
Warning: Type mismatch between actual argument at (1) and actual argument at (2) (REAL(8)/COMPLEX(8)).
symme.f90:788:9:

  779 |             rhog_(1,is), recvcnt, rdispls, MPI_DOUBLE_COMPLEX, &
      |            2
......
  788 |          g_, recvcnt, rdispls, MPI_DOUBLE_PRECISION, &
      |         1
Warning: Type mismatch between actual argument at (1) and actual argument at (2) (REAL(8)/COMPLEX(8)).
mpif90 -O2 -fallow-argument-mismatch -cpp -D__FFTW -D__MPI  -I/home/thiago/Documents/spyn/qe/q-e-qe-7.3.1//external/devxlib/src -I. -I/home/thiago/Documents/spyn/qe/q-e-qe-7.3.1//include -I/home/thiago/Documents/spyn/qe/q-e-qe-7.3.1//upflib -I/home/thiago/Documents/spyn/qe/q-e-qe-7.3.1//XClib -I/home/thiago/Documents/spyn/qe/q-e-qe-7.3.1//Modules -I/home/thiago/Documents/spyn/qe/q-e-qe-7.3.1//FFTXlib/src -I/home/thiago/Documents/spyn/qe/q-e-qe-7.3.1//LAXlib -I/home/thiago/Documents/spyn/qe/q-e-qe-7.3.1//UtilXlib -I/home/thiago/Documents/spyn/qe/q-e-qe-7.3.1//MBD -I/home/thiago/Documents/spyn/qe/q-e-qe-7.3.1//KS_Solvers  -I../../dft-d3/ -c tetra.f90
mpif90 -O2 -fallow-argument-mismatch -cpp -D__FFTW -D__MPI  -I/home/thiago/Documents/spyn/qe/q-e-qe-7.3.1//external/devxlib/src -I. -I/home/thiago/Documents/spyn/qe/q-e-qe-7.3.1//include -I/home/thiago/Documents/spyn/qe/q-e-qe-7.3.1//upflib -I/home/thiago/Documents/spyn/qe/q-e-qe-7.3.1//XClib -I/home/thiago/Documents/spyn/qe/q-e-qe-7.3.1//Modules -I/home/thiago/Documents/spyn/qe/q-e-qe-7.3.1//FFTXlib/src -I/home/thiago/Documents/spyn/qe/q-e-qe-7.3.1//LAXlib -I/home/thiago/Documents/spyn/qe/q-e-qe-7.3.1//UtilXlib -I/home/thiago/Documents/spyn/qe/q-e-qe-7.3.1//MBD -I/home/thiago/Documents/spyn/qe/q-e-qe-7.3.1//KS_Solvers  -I../../dft-d3/ -c commutator_Hx_psi.f90
mpif90 -O2 -fallow-argument-mismatch -cpp -D__FFTW -D__MPI  -I/home/thiago/Documents/spyn/qe/q-e-qe-7.3.1//external/devxlib/src -I. -I/home/thiago/Documents/spyn/qe/q-e-qe-7.3.1//include -I/home/thiago/Documents/spyn/qe/q-e-qe-7.3.1//upflib -I/home/thiago/Documents/spyn/qe/q-e-qe-7.3.1//XClib -I/home/thiago/Documents/spyn/qe/q-e-qe-7.3.1//Modules -I/home/thiago/Documents/spyn/qe/q-e-qe-7.3.1//FFTXlib/src -I/home/thiago/Documents/spyn/qe/q-e-qe-7.3.1//LAXlib -I/home/thiago/Documents/spyn/qe/q-e-qe-7.3.1//UtilXlib -I/home/thiago/Documents/spyn/qe/q-e-qe-7.3.1//MBD -I/home/thiago/Documents/spyn/qe/q-e-qe-7.3.1//KS_Solvers  -I../../dft-d3/ -c ewald.f90
mpif90 -O2 -fallow-argument-mismatch -cpp -D__FFTW -D__MPI  -I/home/thiago/Documents/spyn/qe/q-e-qe-7.3.1//external/devxlib/src -I. -I/home/thiago/Documents/spyn/qe/q-e-qe-7.3.1//include -I/home/thiago/Documents/spyn/qe/q-e-qe-7.3.1//upflib -I/home/thiago/Documents/spyn/qe/q-e-qe-7.3.1//XClib -I/home/thiago/Documents/spyn/qe/q-e-qe-7.3.1//Modules -I/home/thiago/Documents/spyn/qe/q-e-qe-7.3.1//FFTXlib/src -I/home/thiago/Documents/spyn/qe/q-e-qe-7.3.1//LAXlib -I/home/thiago/Documents/spyn/qe/q-e-qe-7.3.1//UtilXlib -I/home/thiago/Documents/spyn/qe/q-e-qe-7.3.1//MBD -I/home/thiago/Documents/spyn/qe/q-e-qe-7.3.1//KS_Solvers  -I../../dft-d3/ -c fcp_hessian.f90
mpif90 -O2 -fallow-argument-mismatch -cpp -D__FFTW -D__MPI  -I/home/thiago/Documents/spyn/qe/q-e-qe-7.3.1//external/devxlib/src -I. -I/home/thiago/Documents/spyn/qe/q-e-qe-7.3.1//include -I/home/thiago/Documents/spyn/qe/q-e-qe-7.3.1//upflib -I/home/thiago/Documents/spyn/qe/q-e-qe-7.3.1//XClib -I/home/thiago/Documents/spyn/qe/q-e-qe-7.3.1//Modules -I/home/thiago/Documents/spyn/qe/q-e-qe-7.3.1//FFTXlib/src -I/home/thiago/Documents/spyn/qe/q-e-qe-7.3.1//LAXlib -I/home/thiago/Documents/spyn/qe/q-e-qe-7.3.1//UtilXlib -I/home/thiago/Documents/spyn/qe/q-e-qe-7.3.1//MBD -I/home/thiago/Documents/spyn/qe/q-e-qe-7.3.1//KS_Solvers  -I../../dft-d3/ -c force_us.f90
mpif90 -O2 -fallow-argument-mismatch -cpp -D__FFTW -D__MPI  -I/home/thiago/Documents/spyn/qe/q-e-qe-7.3.1//external/devxlib/src -I. -I/home/thiago/Documents/spyn/qe/q-e-qe-7.3.1//include -I/home/thiago/Documents/spyn/qe/q-e-qe-7.3.1//upflib -I/home/thiago/Documents/spyn/qe/q-e-qe-7.3.1//XClib -I/home/thiago/Documents/spyn/qe/q-e-qe-7.3.1//Modules -I/home/thiago/Documents/spyn/qe/q-e-qe-7.3.1//FFTXlib/src -I/home/thiago/Documents/spyn/qe/q-e-qe-7.3.1//LAXlib -I/home/thiago/Documents/spyn/qe/q-e-qe-7.3.1//UtilXlib -I/home/thiago/Documents/spyn/qe/q-e-qe-7.3.1//MBD -I/home/thiago/Documents/spyn/qe/q-e-qe-7.3.1//KS_Solvers  -I../../dft-d3/ -c g_psi.f90
mpif90 -O2 -fallow-argument-mismatch -cpp -D__FFTW -D__MPI  -I/home/thiago/Documents/spyn/qe/q-e-qe-7.3.1//external/devxlib/src -I. -I/home/thiago/Documents/spyn/qe/q-e-qe-7.3.1//include -I/home/thiago/Documents/spyn/qe/q-e-qe-7.3.1//upflib -I/home/thiago/Documents/spyn/qe/q-e-qe-7.3.1//XClib -I/home/thiago/Documents/spyn/qe/q-e-qe-7.3.1//Modules -I/home/thiago/Documents/spyn/qe/q-e-qe-7.3.1//FFTXlib/src -I/home/thiago/Documents/spyn/qe/q-e-qe-7.3.1//LAXlib -I/home/thiago/Documents/spyn/qe/q-e-qe-7.3.1//UtilXlib -I/home/thiago/Documents/spyn/qe/q-e-qe-7.3.1//MBD -I/home/thiago/Documents/spyn/qe/q-e-qe-7.3.1//KS_Solvers  -I../../dft-d3/ -c hubbard.f90
mpif90 -O2 -fallow-argument-mismatch -cpp -D__FFTW -D__MPI  -I/home/thiago/Documents/spyn/qe/q-e-qe-7.3.1//external/devxlib/src -I. -I/home/thiago/Documents/spyn/qe/q-e-qe-7.3.1//include -I/home/thiago/Documents/spyn/qe/q-e-qe-7.3.1//upflib -I/home/thiago/Documents/spyn/qe/q-e-qe-7.3.1//XClib -I/home/thiago/Documents/spyn/qe/q-e-qe-7.3.1//Modules -I/home/thiago/Documents/spyn/qe/q-e-qe-7.3.1//FFTXlib/src -I/home/thiago/Documents/spyn/qe/q-e-qe-7.3.1//LAXlib -I/home/thiago/Documents/spyn/qe/q-e-qe-7.3.1//UtilXlib -I/home/thiago/Documents/spyn/qe/q-e-qe-7.3.1//MBD -I/home/thiago/Documents/spyn/qe/q-e-qe-7.3.1//KS_Solvers  -I../../dft-d3/ -c init_q_aeps.f90
mpif90 -O2 -fallow-argument-mismatch -cpp -D__FFTW -D__MPI  -I/home/thiago/Documents/spyn/qe/q-e-qe-7.3.1//external/devxlib/src -I. -I/home/thiago/Documents/spyn/qe/q-e-qe-7.3.1//include -I/home/thiago/Documents/spyn/qe/q-e-qe-7.3.1//upflib -I/home/thiago/Documents/spyn/qe/q-e-qe-7.3.1//XClib -I/home/thiago/Documents/spyn/qe/q-e-qe-7.3.1//Modules -I/home/thiago/Documents/spyn/qe/q-e-qe-7.3.1//FFTXlib/src -I/home/thiago/Documents/spyn/qe/q-e-qe-7.3.1//LAXlib -I/home/thiago/Documents/spyn/qe/q-e-qe-7.3.1//UtilXlib -I/home/thiago/Documents/spyn/qe/q-e-qe-7.3.1//MBD -I/home/thiago/Documents/spyn/qe/q-e-qe-7.3.1//KS_Solvers  -I../../dft-d3/ -c intersite_V.f90
mpif90 -O2 -fallow-argument-mismatch -cpp -D__FFTW -D__MPI  -I/home/thiago/Documents/spyn/qe/q-e-qe-7.3.1//external/devxlib/src -I. -I/home/thiago/Documents/spyn/qe/q-e-qe-7.3.1//include -I/home/thiago/Documents/spyn/qe/q-e-qe-7.3.1//upflib -I/home/thiago/Documents/spyn/qe/q-e-qe-7.3.1//XClib -I/home/thiago/Documents/spyn/qe/q-e-qe-7.3.1//Modules -I/home/thiago/Documents/spyn/qe/q-e-qe-7.3.1//FFTXlib/src -I/home/thiago/Documents/spyn/qe/q-e-qe-7.3.1//LAXlib -I/home/thiago/Documents/spyn/qe/q-e-qe-7.3.1//UtilXlib -I/home/thiago/Documents/spyn/qe/q-e-qe-7.3.1//MBD -I/home/thiago/Documents/spyn/qe/q-e-qe-7.3.1//KS_Solvers  -I../../dft-d3/ -c init_nsg.f90
mpif90 -O2 -fallow-argument-mismatch -cpp -D__FFTW -D__MPI  -I/home/thiago/Documents/spyn/qe/q-e-qe-7.3.1//external/devxlib/src -I. -I/home/thiago/Documents/spyn/qe/q-e-qe-7.3.1//include -I/home/thiago/Documents/spyn/qe/q-e-qe-7.3.1//upflib -I/home/thiago/Documents/spyn/qe/q-e-qe-7.3.1//XClib -I/home/thiago/Documents/spyn/qe/q-e-qe-7.3.1//Modules -I/home/thiago/Documents/spyn/qe/q-e-qe-7.3.1//FFTXlib/src -I/home/thiago/Documents/spyn/qe/q-e-qe-7.3.1//LAXlib -I/home/thiago/Documents/spyn/qe/q-e-qe-7.3.1//UtilXlib -I/home/thiago/Documents/spyn/qe/q-e-qe-7.3.1//MBD -I/home/thiago/Documents/spyn/qe/q-e-qe-7.3.1//KS_Solvers  -I../../dft-d3/ -c nsg_adj.f90
mpif90 -O2 -fallow-argument-mismatch -cpp -D__FFTW -D__MPI  -I/home/thiago/Documents/spyn/qe/q-e-qe-7.3.1//external/devxlib/src -I. -I/home/thiago/Documents/spyn/qe/q-e-qe-7.3.1//include -I/home/thiago/Documents/spyn/qe/q-e-qe-7.3.1//upflib -I/home/thiago/Documents/spyn/qe/q-e-qe-7.3.1//XClib -I/home/thiago/Documents/spyn/qe/q-e-qe-7.3.1//Modules -I/home/thiago/Documents/spyn/qe/q-e-qe-7.3.1//FFTXlib/src -I/home/thiago/Documents/spyn/qe/q-e-qe-7.3.1//LAXlib -I/home/thiago/Documents/spyn/qe/q-e-qe-7.3.1//UtilXlib -I/home/thiago/Documents/spyn/qe/q-e-qe-7.3.1//MBD -I/home/thiago/Documents/spyn/qe/q-e-qe-7.3.1//KS_Solvers  -I../../dft-d3/ -c new_ns.f90
mpif90 -O2 -fallow-argument-mismatch -cpp -D__FFTW -D__MPI  -I/home/thiago/Documents/spyn/qe/q-e-qe-7.3.1//external/devxlib/src -I. -I/home/thiago/Documents/spyn/qe/q-e-qe-7.3.1//include -I/home/thiago/Documents/spyn/qe/q-e-qe-7.3.1//upflib -I/home/thiago/Documents/spyn/qe/q-e-qe-7.3.1//XClib -I/home/thiago/Documents/spyn/qe/q-e-qe-7.3.1//Modules -I/home/thiago/Documents/spyn/qe/q-e-qe-7.3.1//FFTXlib/src -I/home/thiago/Documents/spyn/qe/q-e-qe-7.3.1//LAXlib -I/home/thiago/Documents/spyn/qe/q-e-qe-7.3.1//UtilXlib -I/home/thiago/Documents/spyn/qe/q-e-qe-7.3.1//MBD -I/home/thiago/Documents/spyn/qe/q-e-qe-7.3.1//KS_Solvers  -I../../dft-d3/ -c new_nsb.f90
mpif90 -O2 -fallow-argument-mismatch -cpp -D__FFTW -D__MPI  -I/home/thiago/Documents/spyn/qe/q-e-qe-7.3.1//external/devxlib/src -I. -I/home/thiago/Documents/spyn/qe/q-e-qe-7.3.1//include -I/home/thiago/Documents/spyn/qe/q-e-qe-7.3.1//upflib -I/home/thiago/Documents/spyn/qe/q-e-qe-7.3.1//XClib -I/home/thiago/Documents/spyn/qe/q-e-qe-7.3.1//Modules -I/home/thiago/Documents/spyn/qe/q-e-qe-7.3.1//FFTXlib/src -I/home/thiago/Documents/spyn/qe/q-e-qe-7.3.1//LAXlib -I/home/thiago/Documents/spyn/qe/q-e-qe-7.3.1//UtilXlib -I/home/thiago/Documents/spyn/qe/q-e-qe-7.3.1//MBD -I/home/thiago/Documents/spyn/qe/q-e-qe-7.3.1//KS_Solvers  -I../../dft-d3/ -c new_nsg.f90
mpif90 -O2 -fallow-argument-mismatch -cpp -D__FFTW -D__MPI  -I/home/thiago/Documents/spyn/qe/q-e-qe-7.3.1//external/devxlib/src -I. -I/home/thiago/Documents/spyn/qe/q-e-qe-7.3.1//include -I/home/thiago/Documents/spyn/qe/q-e-qe-7.3.1//upflib -I/home/thiago/Documents/spyn/qe/q-e-qe-7.3.1//XClib -I/home/thiago/Documents/spyn/qe/q-e-qe-7.3.1//Modules -I/home/thiago/Documents/spyn/qe/q-e-qe-7.3.1//FFTXlib/src -I/home/thiago/Documents/spyn/qe/q-e-qe-7.3.1//LAXlib -I/home/thiago/Documents/spyn/qe/q-e-qe-7.3.1//UtilXlib -I/home/thiago/Documents/spyn/qe/q-e-qe-7.3.1//MBD -I/home/thiago/Documents/spyn/qe/q-e-qe-7.3.1//KS_Solvers  -I../../dft-d3/ -c new_occ.f90
mpif90 -O2 -fallow-argument-mismatch -cpp -D__FFTW -D__MPI  -I/home/thiago/Documents/spyn/qe/q-e-qe-7.3.1//external/devxlib/src -I. -I/home/thiago/Documents/spyn/qe/q-e-qe-7.3.1//include -I/home/thiago/Documents/spyn/qe/q-e-qe-7.3.1//upflib -I/home/thiago/Documents/spyn/qe/q-e-qe-7.3.1//XClib -I/home/thiago/Documents/spyn/qe/q-e-qe-7.3.1//Modules -I/home/thiago/Documents/spyn/qe/q-e-qe-7.3.1//FFTXlib/src -I/home/thiago/Documents/spyn/qe/q-e-qe-7.3.1//LAXlib -I/home/thiago/Documents/spyn/qe/q-e-qe-7.3.1//UtilXlib -I/home/thiago/Documents/spyn/qe/q-e-qe-7.3.1//MBD -I/home/thiago/Documents/spyn/qe/q-e-qe-7.3.1//KS_Solvers  -I../../dft-d3/ -c offset_atom_wfc.f90
mpif90 -O2 -fallow-argument-mismatch -cpp -D__FFTW -D__MPI  -I/home/thiago/Documents/spyn/qe/q-e-qe-7.3.1//external/devxlib/src -I. -I/home/thiago/Documents/spyn/qe/q-e-qe-7.3.1//include -I/home/thiago/Documents/spyn/qe/q-e-qe-7.3.1//upflib -I/home/thiago/Documents/spyn/qe/q-e-qe-7.3.1//XClib -I/home/thiago/Documents/spyn/qe/q-e-qe-7.3.1//Modules -I/home/thiago/Documents/spyn/qe/q-e-qe-7.3.1//FFTXlib/src -I/home/thiago/Documents/spyn/qe/q-e-qe-7.3.1//LAXlib -I/home/thiago/Documents/spyn/qe/q-e-qe-7.3.1//UtilXlib -I/home/thiago/Documents/spyn/qe/q-e-qe-7.3.1//MBD -I/home/thiago/Documents/spyn/qe/q-e-qe-7.3.1//KS_Solvers  -I../../dft-d3/ -c openfil.f90
mpif90 -O2 -fallow-argument-mismatch -cpp -D__FFTW -D__MPI  -I/home/thiago/Documents/spyn/qe/q-e-qe-7.3.1//external/devxlib/src -I. -I/home/thiago/Documents/spyn/qe/q-e-qe-7.3.1//include -I/home/thiago/Documents/spyn/qe/q-e-qe-7.3.1//upflib -I/home/thiago/Documents/spyn/qe/q-e-qe-7.3.1//XClib -I/home/thiago/Documents/spyn/qe/q-e-qe-7.3.1//Modules -I/home/thiago/Documents/spyn/qe/q-e-qe-7.3.1//FFTXlib/src -I/home/thiago/Documents/spyn/qe/q-e-qe-7.3.1//LAXlib -I/home/thiago/Documents/spyn/qe/q-e-qe-7.3.1//UtilXlib -I/home/thiago/Documents/spyn/qe/q-e-qe-7.3.1//MBD -I/home/thiago/Documents/spyn/qe/q-e-qe-7.3.1//KS_Solvers  -I../../dft-d3/ -c orthoatwfc.f90
mpif90 -O2 -fallow-argument-mismatch -cpp -D__FFTW -D__MPI  -I/home/thiago/Documents/spyn/qe/q-e-qe-7.3.1//external/devxlib/src -I. -I/home/thiago/Documents/spyn/qe/q-e-qe-7.3.1//include -I/home/thiago/Documents/spyn/qe/q-e-qe-7.3.1//upflib -I/home/thiago/Documents/spyn/qe/q-e-qe-7.3.1//XClib -I/home/thiago/Documents/spyn/qe/q-e-qe-7.3.1//Modules -I/home/thiago/Documents/spyn/qe/q-e-qe-7.3.1//FFTXlib/src -I/home/thiago/Documents/spyn/qe/q-e-qe-7.3.1//LAXlib -I/home/thiago/Documents/spyn/qe/q-e-qe-7.3.1//UtilXlib -I/home/thiago/Documents/spyn/qe/q-e-qe-7.3.1//MBD -I/home/thiago/Documents/spyn/qe/q-e-qe-7.3.1//KS_Solvers  -I../../dft-d3/ -c plus_u_full.f90
mpif90 -O2 -fallow-argument-mismatch -cpp -D__FFTW -D__MPI  -I/home/thiago/Documents/spyn/qe/q-e-qe-7.3.1//external/devxlib/src -I. -I/home/thiago/Documents/spyn/qe/q-e-qe-7.3.1//include -I/home/thiago/Documents/spyn/qe/q-e-qe-7.3.1//upflib -I/home/thiago/Documents/spyn/qe/q-e-qe-7.3.1//XClib -I/home/thiago/Documents/spyn/qe/q-e-qe-7.3.1//Modules -I/home/thiago/Documents/spyn/qe/q-e-qe-7.3.1//FFTXlib/src -I/home/thiago/Documents/spyn/qe/q-e-qe-7.3.1//LAXlib -I/home/thiago/Documents/spyn/qe/q-e-qe-7.3.1//UtilXlib -I/home/thiago/Documents/spyn/qe/q-e-qe-7.3.1//MBD -I/home/thiago/Documents/spyn/qe/q-e-qe-7.3.1//KS_Solvers  -I../../dft-d3/ -c print_ks_energies.f90
mpif90 -O2 -fallow-argument-mismatch -cpp -D__FFTW -D__MPI  -I/home/thiago/Documents/spyn/qe/q-e-qe-7.3.1//external/devxlib/src -I. -I/home/thiago/Documents/spyn/qe/q-e-qe-7.3.1//include -I/home/thiago/Documents/spyn/qe/q-e-qe-7.3.1//upflib -I/home/thiago/Documents/spyn/qe/q-e-qe-7.3.1//XClib -I/home/thiago/Documents/spyn/qe/q-e-qe-7.3.1//Modules -I/home/thiago/Documents/spyn/qe/q-e-qe-7.3.1//FFTXlib/src -I/home/thiago/Documents/spyn/qe/q-e-qe-7.3.1//LAXlib -I/home/thiago/Documents/spyn/qe/q-e-qe-7.3.1//UtilXlib -I/home/thiago/Documents/spyn/qe/q-e-qe-7.3.1//MBD -I/home/thiago/Documents/spyn/qe/q-e-qe-7.3.1//KS_Solvers  -I../../dft-d3/ -c save_in_electrons.f90
mpif90 -O2 -fallow-argument-mismatch -cpp -D__FFTW -D__MPI  -I/home/thiago/Documents/spyn/qe/q-e-qe-7.3.1//external/devxlib/src -I. -I/home/thiago/Documents/spyn/qe/q-e-qe-7.3.1//include -I/home/thiago/Documents/spyn/qe/q-e-qe-7.3.1//upflib -I/home/thiago/Documents/spyn/qe/q-e-qe-7.3.1//XClib -I/home/thiago/Documents/spyn/qe/q-e-qe-7.3.1//Modules -I/home/thiago/Documents/spyn/qe/q-e-qe-7.3.1//FFTXlib/src -I/home/thiago/Documents/spyn/qe/q-e-qe-7.3.1//LAXlib -I/home/thiago/Documents/spyn/qe/q-e-qe-7.3.1//UtilXlib -I/home/thiago/Documents/spyn/qe/q-e-qe-7.3.1//MBD -I/home/thiago/Documents/spyn/qe/q-e-qe-7.3.1//KS_Solvers  -I../../dft-d3/ -c stres_knl.f90
mpif90 -O2 -fallow-argument-mismatch -cpp -D__FFTW -D__MPI  -I/home/thiago/Documents/spyn/qe/q-e-qe-7.3.1//external/devxlib/src -I. -I/home/thiago/Documents/spyn/qe/q-e-qe-7.3.1//include -I/home/thiago/Documents/spyn/qe/q-e-qe-7.3.1//upflib -I/home/thiago/Documents/spyn/qe/q-e-qe-7.3.1//XClib -I/home/thiago/Documents/spyn/qe/q-e-qe-7.3.1//Modules -I/home/thiago/Documents/spyn/qe/q-e-qe-7.3.1//FFTXlib/src -I/home/thiago/Documents/spyn/qe/q-e-qe-7.3.1//LAXlib -I/home/thiago/Documents/spyn/qe/q-e-qe-7.3.1//UtilXlib -I/home/thiago/Documents/spyn/qe/q-e-qe-7.3.1//MBD -I/home/thiago/Documents/spyn/qe/q-e-qe-7.3.1//KS_Solvers  -I../../dft-d3/ -c stres_us.f90
mpif90 -O2 -fallow-argument-mismatch -cpp -D__FFTW -D__MPI  -I/home/thiago/Documents/spyn/qe/q-e-qe-7.3.1//external/devxlib/src -I. -I/home/thiago/Documents/spyn/qe/q-e-qe-7.3.1//include -I/home/thiago/Documents/spyn/qe/q-e-qe-7.3.1//upflib -I/home/thiago/Documents/spyn/qe/q-e-qe-7.3.1//XClib -I/home/thiago/Documents/spyn/qe/q-e-qe-7.3.1//Modules -I/home/thiago/Documents/spyn/qe/q-e-qe-7.3.1//FFTXlib/src -I/home/thiago/Documents/spyn/qe/q-e-qe-7.3.1//LAXlib -I/home/thiago/Documents/spyn/qe/q-e-qe-7.3.1//UtilXlib -I/home/thiago/Documents/spyn/qe/q-e-qe-7.3.1//MBD -I/home/thiago/Documents/spyn/qe/q-e-qe-7.3.1//KS_Solvers  -I../../dft-d3/ -c vcsmd.f90
mpif90 -O2 -fallow-argument-mismatch -cpp -D__FFTW -D__MPI  -I/home/thiago/Documents/spyn/qe/q-e-qe-7.3.1//external/devxlib/src -I. -I/home/thiago/Documents/spyn/qe/q-e-qe-7.3.1//include -I/home/thiago/Documents/spyn/qe/q-e-qe-7.3.1//upflib -I/home/thiago/Documents/spyn/qe/q-e-qe-7.3.1//XClib -I/home/thiago/Documents/spyn/qe/q-e-qe-7.3.1//Modules -I/home/thiago/Documents/spyn/qe/q-e-qe-7.3.1//FFTXlib/src -I/home/thiago/Documents/spyn/qe/q-e-qe-7.3.1//LAXlib -I/home/thiago/Documents/spyn/qe/q-e-qe-7.3.1//UtilXlib -I/home/thiago/Documents/spyn/qe/q-e-qe-7.3.1//MBD -I/home/thiago/Documents/spyn/qe/q-e-qe-7.3.1//KS_Solvers  -I../../dft-d3/ -c wannier_clean.f90
mpif90 -O2 -fallow-argument-mismatch -cpp -D__FFTW -D__MPI  -I/home/thiago/Documents/spyn/qe/q-e-qe-7.3.1//external/devxlib/src -I. -I/home/thiago/Documents/spyn/qe/q-e-qe-7.3.1//include -I/home/thiago/Documents/spyn/qe/q-e-qe-7.3.1//upflib -I/home/thiago/Documents/spyn/qe/q-e-qe-7.3.1//XClib -I/home/thiago/Documents/spyn/qe/q-e-qe-7.3.1//Modules -I/home/thiago/Documents/spyn/qe/q-e-qe-7.3.1//FFTXlib/src -I/home/thiago/Documents/spyn/qe/q-e-qe-7.3.1//LAXlib -I/home/thiago/Documents/spyn/qe/q-e-qe-7.3.1//UtilXlib -I/home/thiago/Documents/spyn/qe/q-e-qe-7.3.1//MBD -I/home/thiago/Documents/spyn/qe/q-e-qe-7.3.1//KS_Solvers  -I../../dft-d3/ -c d3hess_mod.f90
mpif90 -O2 -fallow-argument-mismatch -cpp -D__FFTW -D__MPI  -I/home/thiago/Documents/spyn/qe/q-e-qe-7.3.1//external/devxlib/src -I. -I/home/thiago/Documents/spyn/qe/q-e-qe-7.3.1//include -I/home/thiago/Documents/spyn/qe/q-e-qe-7.3.1//upflib -I/home/thiago/Documents/spyn/qe/q-e-qe-7.3.1//XClib -I/home/thiago/Documents/spyn/qe/q-e-qe-7.3.1//Modules -I/home/thiago/Documents/spyn/qe/q-e-qe-7.3.1//FFTXlib/src -I/home/thiago/Documents/spyn/qe/q-e-qe-7.3.1//LAXlib -I/home/thiago/Documents/spyn/qe/q-e-qe-7.3.1//UtilXlib -I/home/thiago/Documents/spyn/qe/q-e-qe-7.3.1//MBD -I/home/thiago/Documents/spyn/qe/q-e-qe-7.3.1//KS_Solvers  -I../../dft-d3/ -c g_psi_gpu.f90
mpif90 -O2 -fallow-argument-mismatch -cpp -D__FFTW -D__MPI  -I/home/thiago/Documents/spyn/qe/q-e-qe-7.3.1//external/devxlib/src -I. -I/home/thiago/Documents/spyn/qe/q-e-qe-7.3.1//include -I/home/thiago/Documents/spyn/qe/q-e-qe-7.3.1//upflib -I/home/thiago/Documents/spyn/qe/q-e-qe-7.3.1//XClib -I/home/thiago/Documents/spyn/qe/q-e-qe-7.3.1//Modules -I/home/thiago/Documents/spyn/qe/q-e-qe-7.3.1//FFTXlib/src -I/home/thiago/Documents/spyn/qe/q-e-qe-7.3.1//LAXlib -I/home/thiago/Documents/spyn/qe/q-e-qe-7.3.1//UtilXlib -I/home/thiago/Documents/spyn/qe/q-e-qe-7.3.1//MBD -I/home/thiago/Documents/spyn/qe/q-e-qe-7.3.1//KS_Solvers  -I../../dft-d3/ -c a2fmod.f90
mpif90 -O2 -fallow-argument-mismatch -cpp -D__FFTW -D__MPI  -I/home/thiago/Documents/spyn/qe/q-e-qe-7.3.1//external/devxlib/src -I. -I/home/thiago/Documents/spyn/qe/q-e-qe-7.3.1//include -I/home/thiago/Documents/spyn/qe/q-e-qe-7.3.1//upflib -I/home/thiago/Documents/spyn/qe/q-e-qe-7.3.1//XClib -I/home/thiago/Documents/spyn/qe/q-e-qe-7.3.1//Modules -I/home/thiago/Documents/spyn/qe/q-e-qe-7.3.1//FFTXlib/src -I/home/thiago/Documents/spyn/qe/q-e-qe-7.3.1//LAXlib -I/home/thiago/Documents/spyn/qe/q-e-qe-7.3.1//UtilXlib -I/home/thiago/Documents/spyn/qe/q-e-qe-7.3.1//MBD -I/home/thiago/Documents/spyn/qe/q-e-qe-7.3.1//KS_Solvers  -I../../dft-d3/ -c scf_mod.f90
scf_mod.f90:687:56:

  680 |       CALL DCOPY(rlen_rho,rho%of_g,1,io_buffer(start_rho),1)
      |                          2                              
......
  687 |       IF (lda_plus_u_co)           CALL DCOPY(rlen_ldaU,rho%ns,   1,io_buffer(start_ldaU),1)
      |                                                        1
Warning: Type mismatch between actual argument at (1) and actual argument at (2) (REAL(8)/COMPLEX(8)).
scf_mod.f90:707:80:

  680 |       CALL DCOPY(rlen_rho,rho%of_g,1,io_buffer(start_rho),1)
      |                                     2                                           
......
  707 |       IF (lda_plus_u_co)           CALL DCOPY(rlen_ldaU,io_buffer(start_ldaU),1,rho%ns,   1)
      |                                                                                1
Warning: Type mismatch between actual argument at (1) and actual argument at (2) (REAL(8)/COMPLEX(8)).
mpif90 -O2 -fallow-argument-mismatch -cpp -D__FFTW -D__MPI  -I/home/thiago/Documents/spyn/qe/q-e-qe-7.3.1//external/devxlib/src -I. -I/home/thiago/Documents/spyn/qe/q-e-qe-7.3.1//include -I/home/thiago/Documents/spyn/qe/q-e-qe-7.3.1//upflib -I/home/thiago/Documents/spyn/qe/q-e-qe-7.3.1//XClib -I/home/thiago/Documents/spyn/qe/q-e-qe-7.3.1//Modules -I/home/thiago/Documents/spyn/qe/q-e-qe-7.3.1//FFTXlib/src -I/home/thiago/Documents/spyn/qe/q-e-qe-7.3.1//LAXlib -I/home/thiago/Documents/spyn/qe/q-e-qe-7.3.1//UtilXlib -I/home/thiago/Documents/spyn/qe/q-e-qe-7.3.1//MBD -I/home/thiago/Documents/spyn/qe/q-e-qe-7.3.1//KS_Solvers  -I../../dft-d3/ -c allocate_wfc.f90
mpif90 -O2 -fallow-argument-mismatch -cpp -D__FFTW -D__MPI  -I/home/thiago/Documents/spyn/qe/q-e-qe-7.3.1//external/devxlib/src -I. -I/home/thiago/Documents/spyn/qe/q-e-qe-7.3.1//include -I/home/thiago/Documents/spyn/qe/q-e-qe-7.3.1//upflib -I/home/thiago/Documents/spyn/qe/q-e-qe-7.3.1//XClib -I/home/thiago/Documents/spyn/qe/q-e-qe-7.3.1//Modules -I/home/thiago/Documents/spyn/qe/q-e-qe-7.3.1//FFTXlib/src -I/home/thiago/Documents/spyn/qe/q-e-qe-7.3.1//LAXlib -I/home/thiago/Documents/spyn/qe/q-e-qe-7.3.1//UtilXlib -I/home/thiago/Documents/spyn/qe/q-e-qe-7.3.1//MBD -I/home/thiago/Documents/spyn/qe/q-e-qe-7.3.1//KS_Solvers  -I../../dft-d3/ -c average_pp.f90
mpif90 -O2 -fallow-argument-mismatch -cpp -D__FFTW -D__MPI  -I/home/thiago/Documents/spyn/qe/q-e-qe-7.3.1//external/devxlib/src -I. -I/home/thiago/Documents/spyn/qe/q-e-qe-7.3.1//include -I/home/thiago/Documents/spyn/qe/q-e-qe-7.3.1//upflib -I/home/thiago/Documents/spyn/qe/q-e-qe-7.3.1//XClib -I/home/thiago/Documents/spyn/qe/q-e-qe-7.3.1//Modules -I/home/thiago/Documents/spyn/qe/q-e-qe-7.3.1//FFTXlib/src -I/home/thiago/Documents/spyn/qe/q-e-qe-7.3.1//LAXlib -I/home/thiago/Documents/spyn/qe/q-e-qe-7.3.1//UtilXlib -I/home/thiago/Documents/spyn/qe/q-e-qe-7.3.1//MBD -I/home/thiago/Documents/spyn/qe/q-e-qe-7.3.1//KS_Solvers  -I../../dft-d3/ -c esm_common_mod.f90
mpif90 -O2 -fallow-argument-mismatch -cpp -D__FFTW -D__MPI  -I/home/thiago/Documents/spyn/qe/q-e-qe-7.3.1//external/devxlib/src -I. -I/home/thiago/Documents/spyn/qe/q-e-qe-7.3.1//include -I/home/thiago/Documents/spyn/qe/q-e-qe-7.3.1//upflib -I/home/thiago/Documents/spyn/qe/q-e-qe-7.3.1//XClib -I/home/thiago/Documents/spyn/qe/q-e-qe-7.3.1//Modules -I/home/thiago/Documents/spyn/qe/q-e-qe-7.3.1//FFTXlib/src -I/home/thiago/Documents/spyn/qe/q-e-qe-7.3.1//LAXlib -I/home/thiago/Documents/spyn/qe/q-e-qe-7.3.1//UtilXlib -I/home/thiago/Documents/spyn/qe/q-e-qe-7.3.1//MBD -I/home/thiago/Documents/spyn/qe/q-e-qe-7.3.1//KS_Solvers  -I../../dft-d3/ -c oscdft_forces.f90
mpif90 -O2 -fallow-argument-mismatch -cpp -D__FFTW -D__MPI  -I/home/thiago/Documents/spyn/qe/q-e-qe-7.3.1//external/devxlib/src -I. -I/home/thiago/Documents/spyn/qe/q-e-qe-7.3.1//include -I/home/thiago/Documents/spyn/qe/q-e-qe-7.3.1//upflib -I/home/thiago/Documents/spyn/qe/q-e-qe-7.3.1//XClib -I/home/thiago/Documents/spyn/qe/q-e-qe-7.3.1//Modules -I/home/thiago/Documents/spyn/qe/q-e-qe-7.3.1//FFTXlib/src -I/home/thiago/Documents/spyn/qe/q-e-qe-7.3.1//LAXlib -I/home/thiago/Documents/spyn/qe/q-e-qe-7.3.1//UtilXlib -I/home/thiago/Documents/spyn/qe/q-e-qe-7.3.1//MBD -I/home/thiago/Documents/spyn/qe/q-e-qe-7.3.1//KS_Solvers  -I../../dft-d3/ -c paw_exx.f90
mpif90 -O2 -fallow-argument-mismatch -cpp -D__FFTW -D__MPI  -I/home/thiago/Documents/spyn/qe/q-e-qe-7.3.1//external/devxlib/src -I. -I/home/thiago/Documents/spyn/qe/q-e-qe-7.3.1//include -I/home/thiago/Documents/spyn/qe/q-e-qe-7.3.1//upflib -I/home/thiago/Documents/spyn/qe/q-e-qe-7.3.1//XClib -I/home/thiago/Documents/spyn/qe/q-e-qe-7.3.1//Modules -I/home/thiago/Documents/spyn/qe/q-e-qe-7.3.1//FFTXlib/src -I/home/thiago/Documents/spyn/qe/q-e-qe-7.3.1//LAXlib -I/home/thiago/Documents/spyn/qe/q-e-qe-7.3.1//UtilXlib -I/home/thiago/Documents/spyn/qe/q-e-qe-7.3.1//MBD -I/home/thiago/Documents/spyn/qe/q-e-qe-7.3.1//KS_Solvers  -I../../dft-d3/ -c oscdft_context.f90
mpif90 -O2 -fallow-argument-mismatch -cpp -D__FFTW -D__MPI  -I/home/thiago/Documents/spyn/qe/q-e-qe-7.3.1//external/devxlib/src -I. -I/home/thiago/Documents/spyn/qe/q-e-qe-7.3.1//include -I/home/thiago/Documents/spyn/qe/q-e-qe-7.3.1//upflib -I/home/thiago/Documents/spyn/qe/q-e-qe-7.3.1//XClib -I/home/thiago/Documents/spyn/qe/q-e-qe-7.3.1//Modules -I/home/thiago/Documents/spyn/qe/q-e-qe-7.3.1//FFTXlib/src -I/home/thiago/Documents/spyn/qe/q-e-qe-7.3.1//LAXlib -I/home/thiago/Documents/spyn/qe/q-e-qe-7.3.1//UtilXlib -I/home/thiago/Documents/spyn/qe/q-e-qe-7.3.1//MBD -I/home/thiago/Documents/spyn/qe/q-e-qe-7.3.1//KS_Solvers  -I../../dft-d3/ -c oscdft_base.f90
mpif90 -O2 -fallow-argument-mismatch -cpp -D__FFTW -D__MPI  -I/home/thiago/Documents/spyn/qe/q-e-qe-7.3.1//external/devxlib/src -I. -I/home/thiago/Documents/spyn/qe/q-e-qe-7.3.1//include -I/home/thiago/Documents/spyn/qe/q-e-qe-7.3.1//upflib -I/home/thiago/Documents/spyn/qe/q-e-qe-7.3.1//XClib -I/home/thiago/Documents/spyn/qe/q-e-qe-7.3.1//Modules -I/home/thiago/Documents/spyn/qe/q-e-qe-7.3.1//FFTXlib/src -I/home/thiago/Documents/spyn/qe/q-e-qe-7.3.1//LAXlib -I/home/thiago/Documents/spyn/qe/q-e-qe-7.3.1//UtilXlib -I/home/thiago/Documents/spyn/qe/q-e-qe-7.3.1//MBD -I/home/thiago/Documents/spyn/qe/q-e-qe-7.3.1//KS_Solvers  -I../../dft-d3/ -c oscdft_wavefunction_subs.f90
mpif90 -O2 -fallow-argument-mismatch -cpp -D__FFTW -D__MPI  -I/home/thiago/Documents/spyn/qe/q-e-qe-7.3.1//external/devxlib/src -I. -I/home/thiago/Documents/spyn/qe/q-e-qe-7.3.1//include -I/home/thiago/Documents/spyn/qe/q-e-qe-7.3.1//upflib -I/home/thiago/Documents/spyn/qe/q-e-qe-7.3.1//XClib -I/home/thiago/Documents/spyn/qe/q-e-qe-7.3.1//Modules -I/home/thiago/Documents/spyn/qe/q-e-qe-7.3.1//FFTXlib/src -I/home/thiago/Documents/spyn/qe/q-e-qe-7.3.1//LAXlib -I/home/thiago/Documents/spyn/qe/q-e-qe-7.3.1//UtilXlib -I/home/thiago/Documents/spyn/qe/q-e-qe-7.3.1//MBD -I/home/thiago/Documents/spyn/qe/q-e-qe-7.3.1//KS_Solvers  -I../../dft-d3/ -c oscdft_occupations.f90
mpif90 -O2 -fallow-argument-mismatch -cpp -D__FFTW -D__MPI  -I/home/thiago/Documents/spyn/qe/q-e-qe-7.3.1//external/devxlib/src -I. -I/home/thiago/Documents/spyn/qe/q-e-qe-7.3.1//include -I/home/thiago/Documents/spyn/qe/q-e-qe-7.3.1//upflib -I/home/thiago/Documents/spyn/qe/q-e-qe-7.3.1//XClib -I/home/thiago/Documents/spyn/qe/q-e-qe-7.3.1//Modules -I/home/thiago/Documents/spyn/qe/q-e-qe-7.3.1//FFTXlib/src -I/home/thiago/Documents/spyn/qe/q-e-qe-7.3.1//LAXlib -I/home/thiago/Documents/spyn/qe/q-e-qe-7.3.1//UtilXlib -I/home/thiago/Documents/spyn/qe/q-e-qe-7.3.1//MBD -I/home/thiago/Documents/spyn/qe/q-e-qe-7.3.1//KS_Solvers  -I../../dft-d3/ -c oscdft_wfcO.f90
mpif90 -O2 -fallow-argument-mismatch -cpp -D__FFTW -D__MPI  -I/home/thiago/Documents/spyn/qe/q-e-qe-7.3.1//external/devxlib/src -I. -I/home/thiago/Documents/spyn/qe/q-e-qe-7.3.1//include -I/home/thiago/Documents/spyn/qe/q-e-qe-7.3.1//upflib -I/home/thiago/Documents/spyn/qe/q-e-qe-7.3.1//XClib -I/home/thiago/Documents/spyn/qe/q-e-qe-7.3.1//Modules -I/home/thiago/Documents/spyn/qe/q-e-qe-7.3.1//FFTXlib/src -I/home/thiago/Documents/spyn/qe/q-e-qe-7.3.1//LAXlib -I/home/thiago/Documents/spyn/qe/q-e-qe-7.3.1//UtilXlib -I/home/thiago/Documents/spyn/qe/q-e-qe-7.3.1//MBD -I/home/thiago/Documents/spyn/qe/q-e-qe-7.3.1//KS_Solvers  -I../../dft-d3/ -c oscdft_functions_gpu.f90
mpif90 -O2 -fallow-argument-mismatch -cpp -D__FFTW -D__MPI  -I/home/thiago/Documents/spyn/qe/q-e-qe-7.3.1//external/devxlib/src -I. -I/home/thiago/Documents/spyn/qe/q-e-qe-7.3.1//include -I/home/thiago/Documents/spyn/qe/q-e-qe-7.3.1//upflib -I/home/thiago/Documents/spyn/qe/q-e-qe-7.3.1//XClib -I/home/thiago/Documents/spyn/qe/q-e-qe-7.3.1//Modules -I/home/thiago/Documents/spyn/qe/q-e-qe-7.3.1//FFTXlib/src -I/home/thiago/Documents/spyn/qe/q-e-qe-7.3.1//LAXlib -I/home/thiago/Documents/spyn/qe/q-e-qe-7.3.1//UtilXlib -I/home/thiago/Documents/spyn/qe/q-e-qe-7.3.1//MBD -I/home/thiago/Documents/spyn/qe/q-e-qe-7.3.1//KS_Solvers  -I../../dft-d3/ -c oscdft_forces_subs.f90
mpif90 -O2 -fallow-argument-mismatch -cpp -D__FFTW -D__MPI  -I/home/thiago/Documents/spyn/qe/q-e-qe-7.3.1//external/devxlib/src -I. -I/home/thiago/Documents/spyn/qe/q-e-qe-7.3.1//include -I/home/thiago/Documents/spyn/qe/q-e-qe-7.3.1//upflib -I/home/thiago/Documents/spyn/qe/q-e-qe-7.3.1//XClib -I/home/thiago/Documents/spyn/qe/q-e-qe-7.3.1//Modules -I/home/thiago/Documents/spyn/qe/q-e-qe-7.3.1//FFTXlib/src -I/home/thiago/Documents/spyn/qe/q-e-qe-7.3.1//LAXlib -I/home/thiago/Documents/spyn/qe/q-e-qe-7.3.1//UtilXlib -I/home/thiago/Documents/spyn/qe/q-e-qe-7.3.1//MBD -I/home/thiago/Documents/spyn/qe/q-e-qe-7.3.1//KS_Solvers  -I../../dft-d3/ -c oscdft_functions.f90
mpif90 -O2 -fallow-argument-mismatch -cpp -D__FFTW -D__MPI  -I/home/thiago/Documents/spyn/qe/q-e-qe-7.3.1//external/devxlib/src -I. -I/home/thiago/Documents/spyn/qe/q-e-qe-7.3.1//include -I/home/thiago/Documents/spyn/qe/q-e-qe-7.3.1//upflib -I/home/thiago/Documents/spyn/qe/q-e-qe-7.3.1//XClib -I/home/thiago/Documents/spyn/qe/q-e-qe-7.3.1//Modules -I/home/thiago/Documents/spyn/qe/q-e-qe-7.3.1//FFTXlib/src -I/home/thiago/Documents/spyn/qe/q-e-qe-7.3.1//LAXlib -I/home/thiago/Documents/spyn/qe/q-e-qe-7.3.1//UtilXlib -I/home/thiago/Documents/spyn/qe/q-e-qe-7.3.1//MBD -I/home/thiago/Documents/spyn/qe/q-e-qe-7.3.1//KS_Solvers  -I../../dft-d3/ -c close_files.f90
mpif90 -O2 -fallow-argument-mismatch -cpp -D__FFTW -D__MPI  -I/home/thiago/Documents/spyn/qe/q-e-qe-7.3.1//external/devxlib/src -I. -I/home/thiago/Documents/spyn/qe/q-e-qe-7.3.1//include -I/home/thiago/Documents/spyn/qe/q-e-qe-7.3.1//upflib -I/home/thiago/Documents/spyn/qe/q-e-qe-7.3.1//XClib -I/home/thiago/Documents/spyn/qe/q-e-qe-7.3.1//Modules -I/home/thiago/Documents/spyn/qe/q-e-qe-7.3.1//FFTXlib/src -I/home/thiago/Documents/spyn/qe/q-e-qe-7.3.1//LAXlib -I/home/thiago/Documents/spyn/qe/q-e-qe-7.3.1//UtilXlib -I/home/thiago/Documents/spyn/qe/q-e-qe-7.3.1//MBD -I/home/thiago/Documents/spyn/qe/q-e-qe-7.3.1//KS_Solvers  -I../../dft-d3/ -c restart_in_electrons.f90
mpif90 -O2 -fallow-argument-mismatch -cpp -D__FFTW -D__MPI  -I/home/thiago/Documents/spyn/qe/q-e-qe-7.3.1//external/devxlib/src -I. -I/home/thiago/Documents/spyn/qe/q-e-qe-7.3.1//include -I/home/thiago/Documents/spyn/qe/q-e-qe-7.3.1//upflib -I/home/thiago/Documents/spyn/qe/q-e-qe-7.3.1//XClib -I/home/thiago/Documents/spyn/qe/q-e-qe-7.3.1//Modules -I/home/thiago/Documents/spyn/qe/q-e-qe-7.3.1//FFTXlib/src -I/home/thiago/Documents/spyn/qe/q-e-qe-7.3.1//LAXlib -I/home/thiago/Documents/spyn/qe/q-e-qe-7.3.1//UtilXlib -I/home/thiago/Documents/spyn/qe/q-e-qe-7.3.1//MBD -I/home/thiago/Documents/spyn/qe/q-e-qe-7.3.1//KS_Solvers  -I../../dft-d3/ -c esm_ewald_mod.f90
mpif90 -O2 -fallow-argument-mismatch -cpp -D__FFTW -D__MPI  -I/home/thiago/Documents/spyn/qe/q-e-qe-7.3.1//external/devxlib/src -I. -I/home/thiago/Documents/spyn/qe/q-e-qe-7.3.1//include -I/home/thiago/Documents/spyn/qe/q-e-qe-7.3.1//upflib -I/home/thiago/Documents/spyn/qe/q-e-qe-7.3.1//XClib -I/home/thiago/Documents/spyn/qe/q-e-qe-7.3.1//Modules -I/home/thiago/Documents/spyn/qe/q-e-qe-7.3.1//FFTXlib/src -I/home/thiago/Documents/spyn/qe/q-e-qe-7.3.1//LAXlib -I/home/thiago/Documents/spyn/qe/q-e-qe-7.3.1//UtilXlib -I/home/thiago/Documents/spyn/qe/q-e-qe-7.3.1//MBD -I/home/thiago/Documents/spyn/qe/q-e-qe-7.3.1//KS_Solvers  -I../../dft-d3/ -c esm_force_mod.f90
mpif90 -O2 -fallow-argument-mismatch -cpp -D__FFTW -D__MPI  -I/home/thiago/Documents/spyn/qe/q-e-qe-7.3.1//external/devxlib/src -I. -I/home/thiago/Documents/spyn/qe/q-e-qe-7.3.1//include -I/home/thiago/Documents/spyn/qe/q-e-qe-7.3.1//upflib -I/home/thiago/Documents/spyn/qe/q-e-qe-7.3.1//XClib -I/home/thiago/Documents/spyn/qe/q-e-qe-7.3.1//Modules -I/home/thiago/Documents/spyn/qe/q-e-qe-7.3.1//FFTXlib/src -I/home/thiago/Documents/spyn/qe/q-e-qe-7.3.1//LAXlib -I/home/thiago/Documents/spyn/qe/q-e-qe-7.3.1//UtilXlib -I/home/thiago/Documents/spyn/qe/q-e-qe-7.3.1//MBD -I/home/thiago/Documents/spyn/qe/q-e-qe-7.3.1//KS_Solvers  -I../../dft-d3/ -c esm_hartree_mod.f90
mpif90 -O2 -fallow-argument-mismatch -cpp -D__FFTW -D__MPI  -I/home/thiago/Documents/spyn/qe/q-e-qe-7.3.1//external/devxlib/src -I. -I/home/thiago/Documents/spyn/qe/q-e-qe-7.3.1//include -I/home/thiago/Documents/spyn/qe/q-e-qe-7.3.1//upflib -I/home/thiago/Documents/spyn/qe/q-e-qe-7.3.1//XClib -I/home/thiago/Documents/spyn/qe/q-e-qe-7.3.1//Modules -I/home/thiago/Documents/spyn/qe/q-e-qe-7.3.1//FFTXlib/src -I/home/thiago/Documents/spyn/qe/q-e-qe-7.3.1//LAXlib -I/home/thiago/Documents/spyn/qe/q-e-qe-7.3.1//UtilXlib -I/home/thiago/Documents/spyn/qe/q-e-qe-7.3.1//MBD -I/home/thiago/Documents/spyn/qe/q-e-qe-7.3.1//KS_Solvers  -I../../dft-d3/ -c esm_local_mod.f90
mpif90 -O2 -fallow-argument-mismatch -cpp -D__FFTW -D__MPI  -I/home/thiago/Documents/spyn/qe/q-e-qe-7.3.1//external/devxlib/src -I. -I/home/thiago/Documents/spyn/qe/q-e-qe-7.3.1//include -I/home/thiago/Documents/spyn/qe/q-e-qe-7.3.1//upflib -I/home/thiago/Documents/spyn/qe/q-e-qe-7.3.1//XClib -I/home/thiago/Documents/spyn/qe/q-e-qe-7.3.1//Modules -I/home/thiago/Documents/spyn/qe/q-e-qe-7.3.1//FFTXlib/src -I/home/thiago/Documents/spyn/qe/q-e-qe-7.3.1//LAXlib -I/home/thiago/Documents/spyn/qe/q-e-qe-7.3.1//UtilXlib -I/home/thiago/Documents/spyn/qe/q-e-qe-7.3.1//MBD -I/home/thiago/Documents/spyn/qe/q-e-qe-7.3.1//KS_Solvers  -I../../dft-d3/ -c esm_stres_mod.f90
mpif90 -O2 -fallow-argument-mismatch -cpp -D__FFTW -D__MPI  -I/home/thiago/Documents/spyn/qe/q-e-qe-7.3.1//external/devxlib/src -I. -I/home/thiago/Documents/spyn/qe/q-e-qe-7.3.1//include -I/home/thiago/Documents/spyn/qe/q-e-qe-7.3.1//upflib -I/home/thiago/Documents/spyn/qe/q-e-qe-7.3.1//XClib -I/home/thiago/Documents/spyn/qe/q-e-qe-7.3.1//Modules -I/home/thiago/Documents/spyn/qe/q-e-qe-7.3.1//FFTXlib/src -I/home/thiago/Documents/spyn/qe/q-e-qe-7.3.1//LAXlib -I/home/thiago/Documents/spyn/qe/q-e-qe-7.3.1//UtilXlib -I/home/thiago/Documents/spyn/qe/q-e-qe-7.3.1//MBD -I/home/thiago/Documents/spyn/qe/q-e-qe-7.3.1//KS_Solvers  -I../../dft-d3/ -c sic.f90
mpif90 -O2 -fallow-argument-mismatch -cpp -D__FFTW -D__MPI  -I/home/thiago/Documents/spyn/qe/q-e-qe-7.3.1//external/devxlib/src -I. -I/home/thiago/Documents/spyn/qe/q-e-qe-7.3.1//include -I/home/thiago/Documents/spyn/qe/q-e-qe-7.3.1//upflib -I/home/thiago/Documents/spyn/qe/q-e-qe-7.3.1//XClib -I/home/thiago/Documents/spyn/qe/q-e-qe-7.3.1//Modules -I/home/thiago/Documents/spyn/qe/q-e-qe-7.3.1//FFTXlib/src -I/home/thiago/Documents/spyn/qe/q-e-qe-7.3.1//LAXlib -I/home/thiago/Documents/spyn/qe/q-e-qe-7.3.1//UtilXlib -I/home/thiago/Documents/spyn/qe/q-e-qe-7.3.1//MBD -I/home/thiago/Documents/spyn/qe/q-e-qe-7.3.1//KS_Solvers  -I../../dft-d3/ -c paw_init.f90
mpif90 -O2 -fallow-argument-mismatch -cpp -D__FFTW -D__MPI  -I/home/thiago/Documents/spyn/qe/q-e-qe-7.3.1//external/devxlib/src -I. -I/home/thiago/Documents/spyn/qe/q-e-qe-7.3.1//include -I/home/thiago/Documents/spyn/qe/q-e-qe-7.3.1//upflib -I/home/thiago/Documents/spyn/qe/q-e-qe-7.3.1//XClib -I/home/thiago/Documents/spyn/qe/q-e-qe-7.3.1//Modules -I/home/thiago/Documents/spyn/qe/q-e-qe-7.3.1//FFTXlib/src -I/home/thiago/Documents/spyn/qe/q-e-qe-7.3.1//LAXlib -I/home/thiago/Documents/spyn/qe/q-e-qe-7.3.1//UtilXlib -I/home/thiago/Documents/spyn/qe/q-e-qe-7.3.1//MBD -I/home/thiago/Documents/spyn/qe/q-e-qe-7.3.1//KS_Solvers  -I../../dft-d3/ -c xdm_dispersion.f90
mpif90 -O2 -fallow-argument-mismatch -cpp -D__FFTW -D__MPI  -I/home/thiago/Documents/spyn/qe/q-e-qe-7.3.1//external/devxlib/src -I. -I/home/thiago/Documents/spyn/qe/q-e-qe-7.3.1//include -I/home/thiago/Documents/spyn/qe/q-e-qe-7.3.1//upflib -I/home/thiago/Documents/spyn/qe/q-e-qe-7.3.1//XClib -I/home/thiago/Documents/spyn/qe/q-e-qe-7.3.1//Modules -I/home/thiago/Documents/spyn/qe/q-e-qe-7.3.1//FFTXlib/src -I/home/thiago/Documents/spyn/qe/q-e-qe-7.3.1//LAXlib -I/home/thiago/Documents/spyn/qe/q-e-qe-7.3.1//UtilXlib -I/home/thiago/Documents/spyn/qe/q-e-qe-7.3.1//MBD -I/home/thiago/Documents/spyn/qe/q-e-qe-7.3.1//KS_Solvers  -I../../dft-d3/ -c commutator_Vhubx_psi.f90
mpif90 -O2 -fallow-argument-mismatch -cpp -D__FFTW -D__MPI  -I/home/thiago/Documents/spyn/qe/q-e-qe-7.3.1//external/devxlib/src -I. -I/home/thiago/Documents/spyn/qe/q-e-qe-7.3.1//include -I/home/thiago/Documents/spyn/qe/q-e-qe-7.3.1//upflib -I/home/thiago/Documents/spyn/qe/q-e-qe-7.3.1//XClib -I/home/thiago/Documents/spyn/qe/q-e-qe-7.3.1//Modules -I/home/thiago/Documents/spyn/qe/q-e-qe-7.3.1//FFTXlib/src -I/home/thiago/Documents/spyn/qe/q-e-qe-7.3.1//LAXlib -I/home/thiago/Documents/spyn/qe/q-e-qe-7.3.1//UtilXlib -I/home/thiago/Documents/spyn/qe/q-e-qe-7.3.1//MBD -I/home/thiago/Documents/spyn/qe/q-e-qe-7.3.1//KS_Solvers  -I../../dft-d3/ -c compute_becsum.f90
mpif90 -O2 -fallow-argument-mismatch -cpp -D__FFTW -D__MPI  -I/home/thiago/Documents/spyn/qe/q-e-qe-7.3.1//external/devxlib/src -I. -I/home/thiago/Documents/spyn/qe/q-e-qe-7.3.1//include -I/home/thiago/Documents/spyn/qe/q-e-qe-7.3.1//upflib -I/home/thiago/Documents/spyn/qe/q-e-qe-7.3.1//XClib -I/home/thiago/Documents/spyn/qe/q-e-qe-7.3.1//Modules -I/home/thiago/Documents/spyn/qe/q-e-qe-7.3.1//FFTXlib/src -I/home/thiago/Documents/spyn/qe/q-e-qe-7.3.1//LAXlib -I/home/thiago/Documents/spyn/qe/q-e-qe-7.3.1//UtilXlib -I/home/thiago/Documents/spyn/qe/q-e-qe-7.3.1//MBD -I/home/thiago/Documents/spyn/qe/q-e-qe-7.3.1//KS_Solvers  -I../../dft-d3/ -c update_pot.f90
mpif90 -O2 -fallow-argument-mismatch -cpp -D__FFTW -D__MPI  -I/home/thiago/Documents/spyn/qe/q-e-qe-7.3.1//external/devxlib/src -I. -I/home/thiago/Documents/spyn/qe/q-e-qe-7.3.1//include -I/home/thiago/Documents/spyn/qe/q-e-qe-7.3.1//upflib -I/home/thiago/Documents/spyn/qe/q-e-qe-7.3.1//XClib -I/home/thiago/Documents/spyn/qe/q-e-qe-7.3.1//Modules -I/home/thiago/Documents/spyn/qe/q-e-qe-7.3.1//FFTXlib/src -I/home/thiago/Documents/spyn/qe/q-e-qe-7.3.1//LAXlib -I/home/thiago/Documents/spyn/qe/q-e-qe-7.3.1//UtilXlib -I/home/thiago/Documents/spyn/qe/q-e-qe-7.3.1//MBD -I/home/thiago/Documents/spyn/qe/q-e-qe-7.3.1//KS_Solvers  -I../../dft-d3/ -c io_rho_xml.f90
mpif90 -O2 -fallow-argument-mismatch -cpp -D__FFTW -D__MPI  -I/home/thiago/Documents/spyn/qe/q-e-qe-7.3.1//external/devxlib/src -I. -I/home/thiago/Documents/spyn/qe/q-e-qe-7.3.1//include -I/home/thiago/Documents/spyn/qe/q-e-qe-7.3.1//upflib -I/home/thiago/Documents/spyn/qe/q-e-qe-7.3.1//XClib -I/home/thiago/Documents/spyn/qe/q-e-qe-7.3.1//Modules -I/home/thiago/Documents/spyn/qe/q-e-qe-7.3.1//FFTXlib/src -I/home/thiago/Documents/spyn/qe/q-e-qe-7.3.1//LAXlib -I/home/thiago/Documents/spyn/qe/q-e-qe-7.3.1//UtilXlib -I/home/thiago/Documents/spyn/qe/q-e-qe-7.3.1//MBD -I/home/thiago/Documents/spyn/qe/q-e-qe-7.3.1//KS_Solvers  -I../../dft-d3/ -c force_cc.f90
mpif90 -O2 -fallow-argument-mismatch -cpp -D__FFTW -D__MPI  -I/home/thiago/Documents/spyn/qe/q-e-qe-7.3.1//external/devxlib/src -I. -I/home/thiago/Documents/spyn/qe/q-e-qe-7.3.1//include -I/home/thiago/Documents/spyn/qe/q-e-qe-7.3.1//upflib -I/home/thiago/Documents/spyn/qe/q-e-qe-7.3.1//XClib -I/home/thiago/Documents/spyn/qe/q-e-qe-7.3.1//Modules -I/home/thiago/Documents/spyn/qe/q-e-qe-7.3.1//FFTXlib/src -I/home/thiago/Documents/spyn/qe/q-e-qe-7.3.1//LAXlib -I/home/thiago/Documents/spyn/qe/q-e-qe-7.3.1//UtilXlib -I/home/thiago/Documents/spyn/qe/q-e-qe-7.3.1//MBD -I/home/thiago/Documents/spyn/qe/q-e-qe-7.3.1//KS_Solvers  -I../../dft-d3/ -c force_corr.f90
mpif90 -O2 -fallow-argument-mismatch -cpp -D__FFTW -D__MPI  -I/home/thiago/Documents/spyn/qe/q-e-qe-7.3.1//external/devxlib/src -I. -I/home/thiago/Documents/spyn/qe/q-e-qe-7.3.1//include -I/home/thiago/Documents/spyn/qe/q-e-qe-7.3.1//upflib -I/home/thiago/Documents/spyn/qe/q-e-qe-7.3.1//XClib -I/home/thiago/Documents/spyn/qe/q-e-qe-7.3.1//Modules -I/home/thiago/Documents/spyn/qe/q-e-qe-7.3.1//FFTXlib/src -I/home/thiago/Documents/spyn/qe/q-e-qe-7.3.1//LAXlib -I/home/thiago/Documents/spyn/qe/q-e-qe-7.3.1//UtilXlib -I/home/thiago/Documents/spyn/qe/q-e-qe-7.3.1//MBD -I/home/thiago/Documents/spyn/qe/q-e-qe-7.3.1//KS_Solvers  -I../../dft-d3/ -c force_hub.f90
mpif90 -O2 -fallow-argument-mismatch -cpp -D__FFTW -D__MPI  -I/home/thiago/Documents/spyn/qe/q-e-qe-7.3.1//external/devxlib/src -I. -I/home/thiago/Documents/spyn/qe/q-e-qe-7.3.1//include -I/home/thiago/Documents/spyn/qe/q-e-qe-7.3.1//upflib -I/home/thiago/Documents/spyn/qe/q-e-qe-7.3.1//XClib -I/home/thiago/Documents/spyn/qe/q-e-qe-7.3.1//Modules -I/home/thiago/Documents/spyn/qe/q-e-qe-7.3.1//FFTXlib/src -I/home/thiago/Documents/spyn/qe/q-e-qe-7.3.1//LAXlib -I/home/thiago/Documents/spyn/qe/q-e-qe-7.3.1//UtilXlib -I/home/thiago/Documents/spyn/qe/q-e-qe-7.3.1//MBD -I/home/thiago/Documents/spyn/qe/q-e-qe-7.3.1//KS_Solvers  -I../../dft-d3/ -c h_epsi_her_apply.f90
force_hub.f90:2523:20:

 2416 |       CALL MYDGEMM( 'T','N',ldim, nbnd, 2*npw, 2.0_DP, dwfc, 2*npwx, spsi, &
      |                                                       2
......
 2523 |                     wfatdbeta, nwfcU, betapsi(1,nb_s), nh(nt), 1.0_dp, &
      |                    1
Warning: Type mismatch between actual argument at (1) and actual argument at (2) (REAL(8)/COMPLEX(8)).
force_hub.f90:2523:38:

 2416 |       CALL MYDGEMM( 'T','N',ldim, nbnd, 2*npw, 2.0_DP, dwfc, 2*npwx, spsi, &
      |                                                                     2
......
 2523 |                     wfatdbeta, nwfcU, betapsi(1,nb_s), nh(nt), 1.0_dp, &
      |                                      1
Warning: Type mismatch between actual argument at (1) and actual argument at (2) (REAL(8)/COMPLEX(8)).
mpif90 -O2 -fallow-argument-mismatch -cpp -D__FFTW -D__MPI  -I/home/thiago/Documents/spyn/qe/q-e-qe-7.3.1//external/devxlib/src -I. -I/home/thiago/Documents/spyn/qe/q-e-qe-7.3.1//include -I/home/thiago/Documents/spyn/qe/q-e-qe-7.3.1//upflib -I/home/thiago/Documents/spyn/qe/q-e-qe-7.3.1//XClib -I/home/thiago/Documents/spyn/qe/q-e-qe-7.3.1//Modules -I/home/thiago/Documents/spyn/qe/q-e-qe-7.3.1//FFTXlib/src -I/home/thiago/Documents/spyn/qe/q-e-qe-7.3.1//LAXlib -I/home/thiago/Documents/spyn/qe/q-e-qe-7.3.1//UtilXlib -I/home/thiago/Documents/spyn/qe/q-e-qe-7.3.1//MBD -I/home/thiago/Documents/spyn/qe/q-e-qe-7.3.1//KS_Solvers  -I../../dft-d3/ -c h_epsi_her_set.f90
mpif90 -O2 -fallow-argument-mismatch -cpp -D__FFTW -D__MPI  -I/home/thiago/Documents/spyn/qe/q-e-qe-7.3.1//external/devxlib/src -I. -I/home/thiago/Documents/spyn/qe/q-e-qe-7.3.1//include -I/home/thiago/Documents/spyn/qe/q-e-qe-7.3.1//upflib -I/home/thiago/Documents/spyn/qe/q-e-qe-7.3.1//XClib -I/home/thiago/Documents/spyn/qe/q-e-qe-7.3.1//Modules -I/home/thiago/Documents/spyn/qe/q-e-qe-7.3.1//FFTXlib/src -I/home/thiago/Documents/spyn/qe/q-e-qe-7.3.1//LAXlib -I/home/thiago/Documents/spyn/qe/q-e-qe-7.3.1//UtilXlib -I/home/thiago/Documents/spyn/qe/q-e-qe-7.3.1//MBD -I/home/thiago/Documents/spyn/qe/q-e-qe-7.3.1//KS_Solvers  -I../../dft-d3/ -c h_psi_meta.f90
mpif90 -O2 -fallow-argument-mismatch -cpp -D__FFTW -D__MPI  -I/home/thiago/Documents/spyn/qe/q-e-qe-7.3.1//external/devxlib/src -I. -I/home/thiago/Documents/spyn/qe/q-e-qe-7.3.1//include -I/home/thiago/Documents/spyn/qe/q-e-qe-7.3.1//upflib -I/home/thiago/Documents/spyn/qe/q-e-qe-7.3.1//XClib -I/home/thiago/Documents/spyn/qe/q-e-qe-7.3.1//Modules -I/home/thiago/Documents/spyn/qe/q-e-qe-7.3.1//FFTXlib/src -I/home/thiago/Documents/spyn/qe/q-e-qe-7.3.1//LAXlib -I/home/thiago/Documents/spyn/qe/q-e-qe-7.3.1//UtilXlib -I/home/thiago/Documents/spyn/qe/q-e-qe-7.3.1//MBD -I/home/thiago/Documents/spyn/qe/q-e-qe-7.3.1//KS_Solvers  -I../../dft-d3/ -c init_ns.f90
mpif90 -O2 -fallow-argument-mismatch -cpp -D__FFTW -D__MPI  -I/home/thiago/Documents/spyn/qe/q-e-qe-7.3.1//external/devxlib/src -I. -I/home/thiago/Documents/spyn/qe/q-e-qe-7.3.1//include -I/home/thiago/Documents/spyn/qe/q-e-qe-7.3.1//upflib -I/home/thiago/Documents/spyn/qe/q-e-qe-7.3.1//XClib -I/home/thiago/Documents/spyn/qe/q-e-qe-7.3.1//Modules -I/home/thiago/Documents/spyn/qe/q-e-qe-7.3.1//FFTXlib/src -I/home/thiago/Documents/spyn/qe/q-e-qe-7.3.1//LAXlib -I/home/thiago/Documents/spyn/qe/q-e-qe-7.3.1//UtilXlib -I/home/thiago/Documents/spyn/qe/q-e-qe-7.3.1//MBD -I/home/thiago/Documents/spyn/qe/q-e-qe-7.3.1//KS_Solvers  -I../../dft-d3/ -c ns_adj.f90
mpif90 -O2 -fallow-argument-mismatch -cpp -D__FFTW -D__MPI  -I/home/thiago/Documents/spyn/qe/q-e-qe-7.3.1//external/devxlib/src -I. -I/home/thiago/Documents/spyn/qe/q-e-qe-7.3.1//include -I/home/thiago/Documents/spyn/qe/q-e-qe-7.3.1//upflib -I/home/thiago/Documents/spyn/qe/q-e-qe-7.3.1//XClib -I/home/thiago/Documents/spyn/qe/q-e-qe-7.3.1//Modules -I/home/thiago/Documents/spyn/qe/q-e-qe-7.3.1//FFTXlib/src -I/home/thiago/Documents/spyn/qe/q-e-qe-7.3.1//LAXlib -I/home/thiago/Documents/spyn/qe/q-e-qe-7.3.1//UtilXlib -I/home/thiago/Documents/spyn/qe/q-e-qe-7.3.1//MBD -I/home/thiago/Documents/spyn/qe/q-e-qe-7.3.1//KS_Solvers  -I../../dft-d3/ -c plugin_scf_energy.f90
mpif90 -O2 -fallow-argument-mismatch -cpp -D__FFTW -D__MPI  -I/home/thiago/Documents/spyn/qe/q-e-qe-7.3.1//external/devxlib/src -I. -I/home/thiago/Documents/spyn/qe/q-e-qe-7.3.1//include -I/home/thiago/Documents/spyn/qe/q-e-qe-7.3.1//upflib -I/home/thiago/Documents/spyn/qe/q-e-qe-7.3.1//XClib -I/home/thiago/Documents/spyn/qe/q-e-qe-7.3.1//Modules -I/home/thiago/Documents/spyn/qe/q-e-qe-7.3.1//FFTXlib/src -I/home/thiago/Documents/spyn/qe/q-e-qe-7.3.1//LAXlib -I/home/thiago/Documents/spyn/qe/q-e-qe-7.3.1//UtilXlib -I/home/thiago/Documents/spyn/qe/q-e-qe-7.3.1//MBD -I/home/thiago/Documents/spyn/qe/q-e-qe-7.3.1//KS_Solvers  -I../../dft-d3/ -c plugin_scf_potential.f90
mpif90 -O2 -fallow-argument-mismatch -cpp -D__FFTW -D__MPI  -I/home/thiago/Documents/spyn/qe/q-e-qe-7.3.1//external/devxlib/src -I. -I/home/thiago/Documents/spyn/qe/q-e-qe-7.3.1//include -I/home/thiago/Documents/spyn/qe/q-e-qe-7.3.1//upflib -I/home/thiago/Documents/spyn/qe/q-e-qe-7.3.1//XClib -I/home/thiago/Documents/spyn/qe/q-e-qe-7.3.1//Modules -I/home/thiago/Documents/spyn/qe/q-e-qe-7.3.1//FFTXlib/src -I/home/thiago/Documents/spyn/qe/q-e-qe-7.3.1//LAXlib -I/home/thiago/Documents/spyn/qe/q-e-qe-7.3.1//UtilXlib -I/home/thiago/Documents/spyn/qe/q-e-qe-7.3.1//MBD -I/home/thiago/Documents/spyn/qe/q-e-qe-7.3.1//KS_Solvers  -I../../dft-d3/ -c remove_atomic_rho.f90
mpif90 -O2 -fallow-argument-mismatch -cpp -D__FFTW -D__MPI  -I/home/thiago/Documents/spyn/qe/q-e-qe-7.3.1//external/devxlib/src -I. -I/home/thiago/Documents/spyn/qe/q-e-qe-7.3.1//include -I/home/thiago/Documents/spyn/qe/q-e-qe-7.3.1//upflib -I/home/thiago/Documents/spyn/qe/q-e-qe-7.3.1//XClib -I/home/thiago/Documents/spyn/qe/q-e-qe-7.3.1//Modules -I/home/thiago/Documents/spyn/qe/q-e-qe-7.3.1//FFTXlib/src -I/home/thiago/Documents/spyn/qe/q-e-qe-7.3.1//LAXlib -I/home/thiago/Documents/spyn/qe/q-e-qe-7.3.1//UtilXlib -I/home/thiago/Documents/spyn/qe/q-e-qe-7.3.1//MBD -I/home/thiago/Documents/spyn/qe/q-e-qe-7.3.1//KS_Solvers  -I../../dft-d3/ -c report_mag.f90
mpif90 -O2 -fallow-argument-mismatch -cpp -D__FFTW -D__MPI  -I/home/thiago/Documents/spyn/qe/q-e-qe-7.3.1//external/devxlib/src -I. -I/home/thiago/Documents/spyn/qe/q-e-qe-7.3.1//include -I/home/thiago/Documents/spyn/qe/q-e-qe-7.3.1//upflib -I/home/thiago/Documents/spyn/qe/q-e-qe-7.3.1//XClib -I/home/thiago/Documents/spyn/qe/q-e-qe-7.3.1//Modules -I/home/thiago/Documents/spyn/qe/q-e-qe-7.3.1//FFTXlib/src -I/home/thiago/Documents/spyn/qe/q-e-qe-7.3.1//LAXlib -I/home/thiago/Documents/spyn/qe/q-e-qe-7.3.1//UtilXlib -I/home/thiago/Documents/spyn/qe/q-e-qe-7.3.1//MBD -I/home/thiago/Documents/spyn/qe/q-e-qe-7.3.1//KS_Solvers  -I../../dft-d3/ -c set_rhoc.f90
mpif90 -O2 -fallow-argument-mismatch -cpp -D__FFTW -D__MPI  -I/home/thiago/Documents/spyn/qe/q-e-qe-7.3.1//external/devxlib/src -I. -I/home/thiago/Documents/spyn/qe/q-e-qe-7.3.1//include -I/home/thiago/Documents/spyn/qe/q-e-qe-7.3.1//upflib -I/home/thiago/Documents/spyn/qe/q-e-qe-7.3.1//XClib -I/home/thiago/Documents/spyn/qe/q-e-qe-7.3.1//Modules -I/home/thiago/Documents/spyn/qe/q-e-qe-7.3.1//FFTXlib/src -I/home/thiago/Documents/spyn/qe/q-e-qe-7.3.1//LAXlib -I/home/thiago/Documents/spyn/qe/q-e-qe-7.3.1//UtilXlib -I/home/thiago/Documents/spyn/qe/q-e-qe-7.3.1//MBD -I/home/thiago/Documents/spyn/qe/q-e-qe-7.3.1//KS_Solvers  -I../../dft-d3/ -c stres_cc.f90
mpif90 -O2 -fallow-argument-mismatch -cpp -D__FFTW -D__MPI  -I/home/thiago/Documents/spyn/qe/q-e-qe-7.3.1//external/devxlib/src -I. -I/home/thiago/Documents/spyn/qe/q-e-qe-7.3.1//include -I/home/thiago/Documents/spyn/qe/q-e-qe-7.3.1//upflib -I/home/thiago/Documents/spyn/qe/q-e-qe-7.3.1//XClib -I/home/thiago/Documents/spyn/qe/q-e-qe-7.3.1//Modules -I/home/thiago/Documents/spyn/qe/q-e-qe-7.3.1//FFTXlib/src -I/home/thiago/Documents/spyn/qe/q-e-qe-7.3.1//LAXlib -I/home/thiago/Documents/spyn/qe/q-e-qe-7.3.1//UtilXlib -I/home/thiago/Documents/spyn/qe/q-e-qe-7.3.1//MBD -I/home/thiago/Documents/spyn/qe/q-e-qe-7.3.1//KS_Solvers  -I../../dft-d3/ -c stres_har.f90
mpif90 -O2 -fallow-argument-mismatch -cpp -D__FFTW -D__MPI  -I/home/thiago/Documents/spyn/qe/q-e-qe-7.3.1//external/devxlib/src -I. -I/home/thiago/Documents/spyn/qe/q-e-qe-7.3.1//include -I/home/thiago/Documents/spyn/qe/q-e-qe-7.3.1//upflib -I/home/thiago/Documents/spyn/qe/q-e-qe-7.3.1//XClib -I/home/thiago/Documents/spyn/qe/q-e-qe-7.3.1//Modules -I/home/thiago/Documents/spyn/qe/q-e-qe-7.3.1//FFTXlib/src -I/home/thiago/Documents/spyn/qe/q-e-qe-7.3.1//LAXlib -I/home/thiago/Documents/spyn/qe/q-e-qe-7.3.1//UtilXlib -I/home/thiago/Documents/spyn/qe/q-e-qe-7.3.1//MBD -I/home/thiago/Documents/spyn/qe/q-e-qe-7.3.1//KS_Solvers  -I../../dft-d3/ -c stres_hub.f90
mpif90 -O2 -fallow-argument-mismatch -cpp -D__FFTW -D__MPI  -I/home/thiago/Documents/spyn/qe/q-e-qe-7.3.1//external/devxlib/src -I. -I/home/thiago/Documents/spyn/qe/q-e-qe-7.3.1//include -I/home/thiago/Documents/spyn/qe/q-e-qe-7.3.1//upflib -I/home/thiago/Documents/spyn/qe/q-e-qe-7.3.1//XClib -I/home/thiago/Documents/spyn/qe/q-e-qe-7.3.1//Modules -I/home/thiago/Documents/spyn/qe/q-e-qe-7.3.1//FFTXlib/src -I/home/thiago/Documents/spyn/qe/q-e-qe-7.3.1//LAXlib -I/home/thiago/Documents/spyn/qe/q-e-qe-7.3.1//UtilXlib -I/home/thiago/Documents/spyn/qe/q-e-qe-7.3.1//MBD -I/home/thiago/Documents/spyn/qe/q-e-qe-7.3.1//KS_Solvers  -I../../dft-d3/ -c stres_mgga.f90
mpif90 -O2 -fallow-argument-mismatch -cpp -D__FFTW -D__MPI  -I/home/thiago/Documents/spyn/qe/q-e-qe-7.3.1//external/devxlib/src -I. -I/home/thiago/Documents/spyn/qe/q-e-qe-7.3.1//include -I/home/thiago/Documents/spyn/qe/q-e-qe-7.3.1//upflib -I/home/thiago/Documents/spyn/qe/q-e-qe-7.3.1//XClib -I/home/thiago/Documents/spyn/qe/q-e-qe-7.3.1//Modules -I/home/thiago/Documents/spyn/qe/q-e-qe-7.3.1//FFTXlib/src -I/home/thiago/Documents/spyn/qe/q-e-qe-7.3.1//LAXlib -I/home/thiago/Documents/spyn/qe/q-e-qe-7.3.1//UtilXlib -I/home/thiago/Documents/spyn/qe/q-e-qe-7.3.1//MBD -I/home/thiago/Documents/spyn/qe/q-e-qe-7.3.1//KS_Solvers  -I../../dft-d3/ -c vhpsi.f90
vhpsi.f90:382:28:

  379 |                             rvaux,ldimx, projauxr,ldimx, 0.0_dp, rtemp, ldimx)
      |                            2
......
  382 |                             wfcUaux, 2*np, rtemp, ldimx, &
      |                            1
Warning: Type mismatch between actual argument at (1) and actual argument at (2) (COMPLEX(8)/REAL(8)).
vhpsi.f90:383:36:

  379 |                             rvaux,ldimx, projauxr,ldimx, 0.0_dp, rtemp, ldimx)
      |                                                                 2
......
  383 |                             1.0_dp, hpsi, 2*ldap)
      |                                    1
Warning: Type mismatch between actual argument at (1) and actual argument at (2) (COMPLEX(8)/REAL(8)).
mpif90 -O2 -fallow-argument-mismatch -cpp -D__FFTW -D__MPI  -I/home/thiago/Documents/spyn/qe/q-e-qe-7.3.1//external/devxlib/src -I. -I/home/thiago/Documents/spyn/qe/q-e-qe-7.3.1//include -I/home/thiago/Documents/spyn/qe/q-e-qe-7.3.1//upflib -I/home/thiago/Documents/spyn/qe/q-e-qe-7.3.1//XClib -I/home/thiago/Documents/spyn/qe/q-e-qe-7.3.1//Modules -I/home/thiago/Documents/spyn/qe/q-e-qe-7.3.1//FFTXlib/src -I/home/thiago/Documents/spyn/qe/q-e-qe-7.3.1//LAXlib -I/home/thiago/Documents/spyn/qe/q-e-qe-7.3.1//UtilXlib -I/home/thiago/Documents/spyn/qe/q-e-qe-7.3.1//MBD -I/home/thiago/Documents/spyn/qe/q-e-qe-7.3.1//KS_Solvers  -I../../dft-d3/ -c write_ns.f90
mpif90 -O2 -fallow-argument-mismatch -cpp -D__FFTW -D__MPI  -I/home/thiago/Documents/spyn/qe/q-e-qe-7.3.1//external/devxlib/src -I. -I/home/thiago/Documents/spyn/qe/q-e-qe-7.3.1//include -I/home/thiago/Documents/spyn/qe/q-e-qe-7.3.1//upflib -I/home/thiago/Documents/spyn/qe/q-e-qe-7.3.1//XClib -I/home/thiago/Documents/spyn/qe/q-e-qe-7.3.1//Modules -I/home/thiago/Documents/spyn/qe/q-e-qe-7.3.1//FFTXlib/src -I/home/thiago/Documents/spyn/qe/q-e-qe-7.3.1//LAXlib -I/home/thiago/Documents/spyn/qe/q-e-qe-7.3.1//UtilXlib -I/home/thiago/Documents/spyn/qe/q-e-qe-7.3.1//MBD -I/home/thiago/Documents/spyn/qe/q-e-qe-7.3.1//KS_Solvers  -I../../dft-d3/ -c vhpsi_gpu.f90
vhpsi_gpu.f90:165:22:

  159 |                       vns_d(1,1,na), ldimax, &
      |                      2
......
  165 |                       wfcU(1,offsetU(na)+1), 2*ldap, rtemp_d, ldimaxt, &
      |                      1
Warning: Type mismatch between actual argument at (1) and actual argument at (2) (COMPLEX(8)/REAL(8)).
vhpsi_gpu.f90:166:30:

  160 |                       proj_r(offsetU(na)+1,1), nwfcU, 0.0_dp, rtemp_d, ldimaxt )
      |                                                              2
......
  166 |                       1.0_dp, hpsi_d, 2*ldap )
      |                              1
Warning: Type mismatch between actual argument at (1) and actual argument at (2) (COMPLEX(8)/REAL(8)).
mpif90 -O2 -fallow-argument-mismatch -cpp -D__FFTW -D__MPI  -I/home/thiago/Documents/spyn/qe/q-e-qe-7.3.1//external/devxlib/src -I. -I/home/thiago/Documents/spyn/qe/q-e-qe-7.3.1//include -I/home/thiago/Documents/spyn/qe/q-e-qe-7.3.1//upflib -I/home/thiago/Documents/spyn/qe/q-e-qe-7.3.1//XClib -I/home/thiago/Documents/spyn/qe/q-e-qe-7.3.1//Modules -I/home/thiago/Documents/spyn/qe/q-e-qe-7.3.1//FFTXlib/src -I/home/thiago/Documents/spyn/qe/q-e-qe-7.3.1//LAXlib -I/home/thiago/Documents/spyn/qe/q-e-qe-7.3.1//UtilXlib -I/home/thiago/Documents/spyn/qe/q-e-qe-7.3.1//MBD -I/home/thiago/Documents/spyn/qe/q-e-qe-7.3.1//KS_Solvers  -I../../dft-d3/ -c add_vhub_to_deeq_gpu.f90
mpif90 -O2 -fallow-argument-mismatch -cpp -D__FFTW -D__MPI  -I/home/thiago/Documents/spyn/qe/q-e-qe-7.3.1//external/devxlib/src -I. -I/home/thiago/Documents/spyn/qe/q-e-qe-7.3.1//include -I/home/thiago/Documents/spyn/qe/q-e-qe-7.3.1//upflib -I/home/thiago/Documents/spyn/qe/q-e-qe-7.3.1//XClib -I/home/thiago/Documents/spyn/qe/q-e-qe-7.3.1//Modules -I/home/thiago/Documents/spyn/qe/q-e-qe-7.3.1//FFTXlib/src -I/home/thiago/Documents/spyn/qe/q-e-qe-7.3.1//LAXlib -I/home/thiago/Documents/spyn/qe/q-e-qe-7.3.1//UtilXlib -I/home/thiago/Documents/spyn/qe/q-e-qe-7.3.1//MBD -I/home/thiago/Documents/spyn/qe/q-e-qe-7.3.1//KS_Solvers  -I../../dft-d3/ -c add_vhub_to_deeq.f90
mpif90 -O2 -fallow-argument-mismatch -cpp -D__FFTW -D__MPI  -I/home/thiago/Documents/spyn/qe/q-e-qe-7.3.1//external/devxlib/src -I. -I/home/thiago/Documents/spyn/qe/q-e-qe-7.3.1//include -I/home/thiago/Documents/spyn/qe/q-e-qe-7.3.1//upflib -I/home/thiago/Documents/spyn/qe/q-e-qe-7.3.1//XClib -I/home/thiago/Documents/spyn/qe/q-e-qe-7.3.1//Modules -I/home/thiago/Documents/spyn/qe/q-e-qe-7.3.1//FFTXlib/src -I/home/thiago/Documents/spyn/qe/q-e-qe-7.3.1//LAXlib -I/home/thiago/Documents/spyn/qe/q-e-qe-7.3.1//UtilXlib -I/home/thiago/Documents/spyn/qe/q-e-qe-7.3.1//MBD -I/home/thiago/Documents/spyn/qe/q-e-qe-7.3.1//KS_Solvers  -I../../dft-d3/ -c scf_mod_gpu.f90
mpif90 -O2 -fallow-argument-mismatch -cpp -D__FFTW -D__MPI  -I/home/thiago/Documents/spyn/qe/q-e-qe-7.3.1//external/devxlib/src -I. -I/home/thiago/Documents/spyn/qe/q-e-qe-7.3.1//include -I/home/thiago/Documents/spyn/qe/q-e-qe-7.3.1//upflib -I/home/thiago/Documents/spyn/qe/q-e-qe-7.3.1//XClib -I/home/thiago/Documents/spyn/qe/q-e-qe-7.3.1//Modules -I/home/thiago/Documents/spyn/qe/q-e-qe-7.3.1//FFTXlib/src -I/home/thiago/Documents/spyn/qe/q-e-qe-7.3.1//LAXlib -I/home/thiago/Documents/spyn/qe/q-e-qe-7.3.1//UtilXlib -I/home/thiago/Documents/spyn/qe/q-e-qe-7.3.1//MBD -I/home/thiago/Documents/spyn/qe/q-e-qe-7.3.1//KS_Solvers  -I../../dft-d3/ -c beef.f90
mpif90 -O2 -fallow-argument-mismatch -cpp -D__FFTW -D__MPI  -I/home/thiago/Documents/spyn/qe/q-e-qe-7.3.1//external/devxlib/src -I. -I/home/thiago/Documents/spyn/qe/q-e-qe-7.3.1//include -I/home/thiago/Documents/spyn/qe/q-e-qe-7.3.1//upflib -I/home/thiago/Documents/spyn/qe/q-e-qe-7.3.1//XClib -I/home/thiago/Documents/spyn/qe/q-e-qe-7.3.1//Modules -I/home/thiago/Documents/spyn/qe/q-e-qe-7.3.1//FFTXlib/src -I/home/thiago/Documents/spyn/qe/q-e-qe-7.3.1//LAXlib -I/home/thiago/Documents/spyn/qe/q-e-qe-7.3.1//UtilXlib -I/home/thiago/Documents/spyn/qe/q-e-qe-7.3.1//MBD -I/home/thiago/Documents/spyn/qe/q-e-qe-7.3.1//KS_Solvers  -I../../dft-d3/ -c esm.f90
mpif90 -O2 -fallow-argument-mismatch -cpp -D__FFTW -D__MPI  -I/home/thiago/Documents/spyn/qe/q-e-qe-7.3.1//external/devxlib/src -I. -I/home/thiago/Documents/spyn/qe/q-e-qe-7.3.1//include -I/home/thiago/Documents/spyn/qe/q-e-qe-7.3.1//upflib -I/home/thiago/Documents/spyn/qe/q-e-qe-7.3.1//XClib -I/home/thiago/Documents/spyn/qe/q-e-qe-7.3.1//Modules -I/home/thiago/Documents/spyn/qe/q-e-qe-7.3.1//FFTXlib/src -I/home/thiago/Documents/spyn/qe/q-e-qe-7.3.1//LAXlib -I/home/thiago/Documents/spyn/qe/q-e-qe-7.3.1//UtilXlib -I/home/thiago/Documents/spyn/qe/q-e-qe-7.3.1//MBD -I/home/thiago/Documents/spyn/qe/q-e-qe-7.3.1//KS_Solvers  -I../../dft-d3/ -c scissor.f90
mpif90 -O2 -fallow-argument-mismatch -cpp -D__FFTW -D__MPI  -I/home/thiago/Documents/spyn/qe/q-e-qe-7.3.1//external/devxlib/src -I. -I/home/thiago/Documents/spyn/qe/q-e-qe-7.3.1//include -I/home/thiago/Documents/spyn/qe/q-e-qe-7.3.1//upflib -I/home/thiago/Documents/spyn/qe/q-e-qe-7.3.1//XClib -I/home/thiago/Documents/spyn/qe/q-e-qe-7.3.1//Modules -I/home/thiago/Documents/spyn/qe/q-e-qe-7.3.1//FFTXlib/src -I/home/thiago/Documents/spyn/qe/q-e-qe-7.3.1//LAXlib -I/home/thiago/Documents/spyn/qe/q-e-qe-7.3.1//UtilXlib -I/home/thiago/Documents/spyn/qe/q-e-qe-7.3.1//MBD -I/home/thiago/Documents/spyn/qe/q-e-qe-7.3.1//KS_Solvers  -I../../dft-d3/ -c orbm_kubo.f90
mpif90 -O2 -fallow-argument-mismatch -cpp -D__FFTW -D__MPI  -I/home/thiago/Documents/spyn/qe/q-e-qe-7.3.1//external/devxlib/src -I. -I/home/thiago/Documents/spyn/qe/q-e-qe-7.3.1//include -I/home/thiago/Documents/spyn/qe/q-e-qe-7.3.1//upflib -I/home/thiago/Documents/spyn/qe/q-e-qe-7.3.1//XClib -I/home/thiago/Documents/spyn/qe/q-e-qe-7.3.1//Modules -I/home/thiago/Documents/spyn/qe/q-e-qe-7.3.1//FFTXlib/src -I/home/thiago/Documents/spyn/qe/q-e-qe-7.3.1//LAXlib -I/home/thiago/Documents/spyn/qe/q-e-qe-7.3.1//UtilXlib -I/home/thiago/Documents/spyn/qe/q-e-qe-7.3.1//MBD -I/home/thiago/Documents/spyn/qe/q-e-qe-7.3.1//KS_Solvers  -I../../dft-d3/ -c run_driver.f90
mpif90 -O2 -fallow-argument-mismatch -cpp -D__FFTW -D__MPI  -I/home/thiago/Documents/spyn/qe/q-e-qe-7.3.1//external/devxlib/src -I. -I/home/thiago/Documents/spyn/qe/q-e-qe-7.3.1//include -I/home/thiago/Documents/spyn/qe/q-e-qe-7.3.1//upflib -I/home/thiago/Documents/spyn/qe/q-e-qe-7.3.1//XClib -I/home/thiago/Documents/spyn/qe/q-e-qe-7.3.1//Modules -I/home/thiago/Documents/spyn/qe/q-e-qe-7.3.1//FFTXlib/src -I/home/thiago/Documents/spyn/qe/q-e-qe-7.3.1//LAXlib -I/home/thiago/Documents/spyn/qe/q-e-qe-7.3.1//UtilXlib -I/home/thiago/Documents/spyn/qe/q-e-qe-7.3.1//MBD -I/home/thiago/Documents/spyn/qe/q-e-qe-7.3.1//KS_Solvers  -I../../dft-d3/ -c environ_pw_module.f90
mpif90 -O2 -fallow-argument-mismatch -cpp -D__FFTW -D__MPI  -I/home/thiago/Documents/spyn/qe/q-e-qe-7.3.1//external/devxlib/src -I. -I/home/thiago/Documents/spyn/qe/q-e-qe-7.3.1//include -I/home/thiago/Documents/spyn/qe/q-e-qe-7.3.1//upflib -I/home/thiago/Documents/spyn/qe/q-e-qe-7.3.1//XClib -I/home/thiago/Documents/spyn/qe/q-e-qe-7.3.1//Modules -I/home/thiago/Documents/spyn/qe/q-e-qe-7.3.1//FFTXlib/src -I/home/thiago/Documents/spyn/qe/q-e-qe-7.3.1//LAXlib -I/home/thiago/Documents/spyn/qe/q-e-qe-7.3.1//UtilXlib -I/home/thiago/Documents/spyn/qe/q-e-qe-7.3.1//MBD -I/home/thiago/Documents/spyn/qe/q-e-qe-7.3.1//KS_Solvers  -I../../dft-d3/ -c fcp_capacitance.f90
mpif90 -O2 -fallow-argument-mismatch -cpp -D__FFTW -D__MPI  -I/home/thiago/Documents/spyn/qe/q-e-qe-7.3.1//external/devxlib/src -I. -I/home/thiago/Documents/spyn/qe/q-e-qe-7.3.1//include -I/home/thiago/Documents/spyn/qe/q-e-qe-7.3.1//upflib -I/home/thiago/Documents/spyn/qe/q-e-qe-7.3.1//XClib -I/home/thiago/Documents/spyn/qe/q-e-qe-7.3.1//Modules -I/home/thiago/Documents/spyn/qe/q-e-qe-7.3.1//FFTXlib/src -I/home/thiago/Documents/spyn/qe/q-e-qe-7.3.1//LAXlib -I/home/thiago/Documents/spyn/qe/q-e-qe-7.3.1//UtilXlib -I/home/thiago/Documents/spyn/qe/q-e-qe-7.3.1//MBD -I/home/thiago/Documents/spyn/qe/q-e-qe-7.3.1//KS_Solvers  -I../../dft-d3/ -c force_lc.f90
mpif90 -O2 -fallow-argument-mismatch -cpp -D__FFTW -D__MPI  -I/home/thiago/Documents/spyn/qe/q-e-qe-7.3.1//external/devxlib/src -I. -I/home/thiago/Documents/spyn/qe/q-e-qe-7.3.1//include -I/home/thiago/Documents/spyn/qe/q-e-qe-7.3.1//upflib -I/home/thiago/Documents/spyn/qe/q-e-qe-7.3.1//XClib -I/home/thiago/Documents/spyn/qe/q-e-qe-7.3.1//Modules -I/home/thiago/Documents/spyn/qe/q-e-qe-7.3.1//FFTXlib/src -I/home/thiago/Documents/spyn/qe/q-e-qe-7.3.1//LAXlib -I/home/thiago/Documents/spyn/qe/q-e-qe-7.3.1//UtilXlib -I/home/thiago/Documents/spyn/qe/q-e-qe-7.3.1//MBD -I/home/thiago/Documents/spyn/qe/q-e-qe-7.3.1//KS_Solvers  -I../../dft-d3/ -c init_vloc.f90
mpif90 -O2 -fallow-argument-mismatch -cpp -D__FFTW -D__MPI  -I/home/thiago/Documents/spyn/qe/q-e-qe-7.3.1//external/devxlib/src -I. -I/home/thiago/Documents/spyn/qe/q-e-qe-7.3.1//include -I/home/thiago/Documents/spyn/qe/q-e-qe-7.3.1//upflib -I/home/thiago/Documents/spyn/qe/q-e-qe-7.3.1//XClib -I/home/thiago/Documents/spyn/qe/q-e-qe-7.3.1//Modules -I/home/thiago/Documents/spyn/qe/q-e-qe-7.3.1//FFTXlib/src -I/home/thiago/Documents/spyn/qe/q-e-qe-7.3.1//LAXlib -I/home/thiago/Documents/spyn/qe/q-e-qe-7.3.1//UtilXlib -I/home/thiago/Documents/spyn/qe/q-e-qe-7.3.1//MBD -I/home/thiago/Documents/spyn/qe/q-e-qe-7.3.1//KS_Solvers  -I../../dft-d3/ -c stres_loc.f90
mpif90 -O2 -fallow-argument-mismatch -cpp -D__FFTW -D__MPI  -I/home/thiago/Documents/spyn/qe/q-e-qe-7.3.1//external/devxlib/src -I. -I/home/thiago/Documents/spyn/qe/q-e-qe-7.3.1//include -I/home/thiago/Documents/spyn/qe/q-e-qe-7.3.1//upflib -I/home/thiago/Documents/spyn/qe/q-e-qe-7.3.1//XClib -I/home/thiago/Documents/spyn/qe/q-e-qe-7.3.1//Modules -I/home/thiago/Documents/spyn/qe/q-e-qe-7.3.1//FFTXlib/src -I/home/thiago/Documents/spyn/qe/q-e-qe-7.3.1//LAXlib -I/home/thiago/Documents/spyn/qe/q-e-qe-7.3.1//UtilXlib -I/home/thiago/Documents/spyn/qe/q-e-qe-7.3.1//MBD -I/home/thiago/Documents/spyn/qe/q-e-qe-7.3.1//KS_Solvers  -I../../dft-d3/ -c v_of_rho.f90
mpif90 -O2 -fallow-argument-mismatch -cpp -D__FFTW -D__MPI  -I/home/thiago/Documents/spyn/qe/q-e-qe-7.3.1//external/devxlib/src -I. -I/home/thiago/Documents/spyn/qe/q-e-qe-7.3.1//include -I/home/thiago/Documents/spyn/qe/q-e-qe-7.3.1//upflib -I/home/thiago/Documents/spyn/qe/q-e-qe-7.3.1//XClib -I/home/thiago/Documents/spyn/qe/q-e-qe-7.3.1//Modules -I/home/thiago/Documents/spyn/qe/q-e-qe-7.3.1//FFTXlib/src -I/home/thiago/Documents/spyn/qe/q-e-qe-7.3.1//LAXlib -I/home/thiago/Documents/spyn/qe/q-e-qe-7.3.1//UtilXlib -I/home/thiago/Documents/spyn/qe/q-e-qe-7.3.1//MBD -I/home/thiago/Documents/spyn/qe/q-e-qe-7.3.1//KS_Solvers  -I../../dft-d3/ -c realus.f90
mpif90 -O2 -fallow-argument-mismatch -cpp -D__FFTW -D__MPI  -I/home/thiago/Documents/spyn/qe/q-e-qe-7.3.1//external/devxlib/src -I. -I/home/thiago/Documents/spyn/qe/q-e-qe-7.3.1//include -I/home/thiago/Documents/spyn/qe/q-e-qe-7.3.1//upflib -I/home/thiago/Documents/spyn/qe/q-e-qe-7.3.1//XClib -I/home/thiago/Documents/spyn/qe/q-e-qe-7.3.1//Modules -I/home/thiago/Documents/spyn/qe/q-e-qe-7.3.1//FFTXlib/src -I/home/thiago/Documents/spyn/qe/q-e-qe-7.3.1//LAXlib -I/home/thiago/Documents/spyn/qe/q-e-qe-7.3.1//UtilXlib -I/home/thiago/Documents/spyn/qe/q-e-qe-7.3.1//MBD -I/home/thiago/Documents/spyn/qe/q-e-qe-7.3.1//KS_Solvers  -I../../dft-d3/ -c allocate_fft.f90
mpif90 -O2 -fallow-argument-mismatch -cpp -D__FFTW -D__MPI  -I/home/thiago/Documents/spyn/qe/q-e-qe-7.3.1//external/devxlib/src -I. -I/home/thiago/Documents/spyn/qe/q-e-qe-7.3.1//include -I/home/thiago/Documents/spyn/qe/q-e-qe-7.3.1//upflib -I/home/thiago/Documents/spyn/qe/q-e-qe-7.3.1//XClib -I/home/thiago/Documents/spyn/qe/q-e-qe-7.3.1//Modules -I/home/thiago/Documents/spyn/qe/q-e-qe-7.3.1//FFTXlib/src -I/home/thiago/Documents/spyn/qe/q-e-qe-7.3.1//LAXlib -I/home/thiago/Documents/spyn/qe/q-e-qe-7.3.1//UtilXlib -I/home/thiago/Documents/spyn/qe/q-e-qe-7.3.1//MBD -I/home/thiago/Documents/spyn/qe/q-e-qe-7.3.1//KS_Solvers  -I../../dft-d3/ -c rism_module.f90
mpif90 -O2 -fallow-argument-mismatch -cpp -D__FFTW -D__MPI  -I/home/thiago/Documents/spyn/qe/q-e-qe-7.3.1//external/devxlib/src -I. -I/home/thiago/Documents/spyn/qe/q-e-qe-7.3.1//include -I/home/thiago/Documents/spyn/qe/q-e-qe-7.3.1//upflib -I/home/thiago/Documents/spyn/qe/q-e-qe-7.3.1//XClib -I/home/thiago/Documents/spyn/qe/q-e-qe-7.3.1//Modules -I/home/thiago/Documents/spyn/qe/q-e-qe-7.3.1//FFTXlib/src -I/home/thiago/Documents/spyn/qe/q-e-qe-7.3.1//LAXlib -I/home/thiago/Documents/spyn/qe/q-e-qe-7.3.1//UtilXlib -I/home/thiago/Documents/spyn/qe/q-e-qe-7.3.1//MBD -I/home/thiago/Documents/spyn/qe/q-e-qe-7.3.1//KS_Solvers  -I../../dft-d3/ -c fcp_module.f90
mpif90 -O2 -fallow-argument-mismatch -cpp -D__FFTW -D__MPI  -I/home/thiago/Documents/spyn/qe/q-e-qe-7.3.1//external/devxlib/src -I. -I/home/thiago/Documents/spyn/qe/q-e-qe-7.3.1//include -I/home/thiago/Documents/spyn/qe/q-e-qe-7.3.1//upflib -I/home/thiago/Documents/spyn/qe/q-e-qe-7.3.1//XClib -I/home/thiago/Documents/spyn/qe/q-e-qe-7.3.1//Modules -I/home/thiago/Documents/spyn/qe/q-e-qe-7.3.1//FFTXlib/src -I/home/thiago/Documents/spyn/qe/q-e-qe-7.3.1//LAXlib -I/home/thiago/Documents/spyn/qe/q-e-qe-7.3.1//UtilXlib -I/home/thiago/Documents/spyn/qe/q-e-qe-7.3.1//MBD -I/home/thiago/Documents/spyn/qe/q-e-qe-7.3.1//KS_Solvers  -I../../dft-d3/ -c forces.f90
mpif90 -O2 -fallow-argument-mismatch -cpp -D__FFTW -D__MPI  -I/home/thiago/Documents/spyn/qe/q-e-qe-7.3.1//external/devxlib/src -I. -I/home/thiago/Documents/spyn/qe/q-e-qe-7.3.1//include -I/home/thiago/Documents/spyn/qe/q-e-qe-7.3.1//upflib -I/home/thiago/Documents/spyn/qe/q-e-qe-7.3.1//XClib -I/home/thiago/Documents/spyn/qe/q-e-qe-7.3.1//Modules -I/home/thiago/Documents/spyn/qe/q-e-qe-7.3.1//FFTXlib/src -I/home/thiago/Documents/spyn/qe/q-e-qe-7.3.1//LAXlib -I/home/thiago/Documents/spyn/qe/q-e-qe-7.3.1//UtilXlib -I/home/thiago/Documents/spyn/qe/q-e-qe-7.3.1//MBD -I/home/thiago/Documents/spyn/qe/q-e-qe-7.3.1//KS_Solvers  -I../../dft-d3/ -c potinit.f90
mpif90 -O2 -fallow-argument-mismatch -cpp -D__FFTW -D__MPI  -I/home/thiago/Documents/spyn/qe/q-e-qe-7.3.1//external/devxlib/src -I. -I/home/thiago/Documents/spyn/qe/q-e-qe-7.3.1//include -I/home/thiago/Documents/spyn/qe/q-e-qe-7.3.1//upflib -I/home/thiago/Documents/spyn/qe/q-e-qe-7.3.1//XClib -I/home/thiago/Documents/spyn/qe/q-e-qe-7.3.1//Modules -I/home/thiago/Documents/spyn/qe/q-e-qe-7.3.1//FFTXlib/src -I/home/thiago/Documents/spyn/qe/q-e-qe-7.3.1//LAXlib -I/home/thiago/Documents/spyn/qe/q-e-qe-7.3.1//UtilXlib -I/home/thiago/Documents/spyn/qe/q-e-qe-7.3.1//MBD -I/home/thiago/Documents/spyn/qe/q-e-qe-7.3.1//KS_Solvers  -I../../dft-d3/ -c add_qexsd_step.f90
mpif90 -O2 -fallow-argument-mismatch -cpp -D__FFTW -D__MPI  -I/home/thiago/Documents/spyn/qe/q-e-qe-7.3.1//external/devxlib/src -I. -I/home/thiago/Documents/spyn/qe/q-e-qe-7.3.1//include -I/home/thiago/Documents/spyn/qe/q-e-qe-7.3.1//upflib -I/home/thiago/Documents/spyn/qe/q-e-qe-7.3.1//XClib -I/home/thiago/Documents/spyn/qe/q-e-qe-7.3.1//Modules -I/home/thiago/Documents/spyn/qe/q-e-qe-7.3.1//FFTXlib/src -I/home/thiago/Documents/spyn/qe/q-e-qe-7.3.1//LAXlib -I/home/thiago/Documents/spyn/qe/q-e-qe-7.3.1//UtilXlib -I/home/thiago/Documents/spyn/qe/q-e-qe-7.3.1//MBD -I/home/thiago/Documents/spyn/qe/q-e-qe-7.3.1//KS_Solvers  -I../../dft-d3/ -c setlocal.f90
mpif90 -O2 -fallow-argument-mismatch -cpp -D__FFTW -D__MPI  -I/home/thiago/Documents/spyn/qe/q-e-qe-7.3.1//external/devxlib/src -I. -I/home/thiago/Documents/spyn/qe/q-e-qe-7.3.1//include -I/home/thiago/Documents/spyn/qe/q-e-qe-7.3.1//upflib -I/home/thiago/Documents/spyn/qe/q-e-qe-7.3.1//XClib -I/home/thiago/Documents/spyn/qe/q-e-qe-7.3.1//Modules -I/home/thiago/Documents/spyn/qe/q-e-qe-7.3.1//FFTXlib/src -I/home/thiago/Documents/spyn/qe/q-e-qe-7.3.1//LAXlib -I/home/thiago/Documents/spyn/qe/q-e-qe-7.3.1//UtilXlib -I/home/thiago/Documents/spyn/qe/q-e-qe-7.3.1//MBD -I/home/thiago/Documents/spyn/qe/q-e-qe-7.3.1//KS_Solvers  -I../../dft-d3/ -c gcscf_module.f90
mpif90 -O2 -fallow-argument-mismatch -cpp -D__FFTW -D__MPI  -I/home/thiago/Documents/spyn/qe/q-e-qe-7.3.1//external/devxlib/src -I. -I/home/thiago/Documents/spyn/qe/q-e-qe-7.3.1//include -I/home/thiago/Documents/spyn/qe/q-e-qe-7.3.1//upflib -I/home/thiago/Documents/spyn/qe/q-e-qe-7.3.1//XClib -I/home/thiago/Documents/spyn/qe/q-e-qe-7.3.1//Modules -I/home/thiago/Documents/spyn/qe/q-e-qe-7.3.1//FFTXlib/src -I/home/thiago/Documents/spyn/qe/q-e-qe-7.3.1//LAXlib -I/home/thiago/Documents/spyn/qe/q-e-qe-7.3.1//UtilXlib -I/home/thiago/Documents/spyn/qe/q-e-qe-7.3.1//MBD -I/home/thiago/Documents/spyn/qe/q-e-qe-7.3.1//KS_Solvers  -I../../dft-d3/ -c fcp_input.f90
mpif90 -O2 -fallow-argument-mismatch -cpp -D__FFTW -D__MPI  -I/home/thiago/Documents/spyn/qe/q-e-qe-7.3.1//external/devxlib/src -I. -I/home/thiago/Documents/spyn/qe/q-e-qe-7.3.1//include -I/home/thiago/Documents/spyn/qe/q-e-qe-7.3.1//upflib -I/home/thiago/Documents/spyn/qe/q-e-qe-7.3.1//XClib -I/home/thiago/Documents/spyn/qe/q-e-qe-7.3.1//Modules -I/home/thiago/Documents/spyn/qe/q-e-qe-7.3.1//FFTXlib/src -I/home/thiago/Documents/spyn/qe/q-e-qe-7.3.1//LAXlib -I/home/thiago/Documents/spyn/qe/q-e-qe-7.3.1//UtilXlib -I/home/thiago/Documents/spyn/qe/q-e-qe-7.3.1//MBD -I/home/thiago/Documents/spyn/qe/q-e-qe-7.3.1//KS_Solvers  -I../../dft-d3/ -c c_bands.f90
mpif90 -O2 -fallow-argument-mismatch -cpp -D__FFTW -D__MPI  -I/home/thiago/Documents/spyn/qe/q-e-qe-7.3.1//external/devxlib/src -I. -I/home/thiago/Documents/spyn/qe/q-e-qe-7.3.1//include -I/home/thiago/Documents/spyn/qe/q-e-qe-7.3.1//upflib -I/home/thiago/Documents/spyn/qe/q-e-qe-7.3.1//XClib -I/home/thiago/Documents/spyn/qe/q-e-qe-7.3.1//Modules -I/home/thiago/Documents/spyn/qe/q-e-qe-7.3.1//FFTXlib/src -I/home/thiago/Documents/spyn/qe/q-e-qe-7.3.1//LAXlib -I/home/thiago/Documents/spyn/qe/q-e-qe-7.3.1//UtilXlib -I/home/thiago/Documents/spyn/qe/q-e-qe-7.3.1//MBD -I/home/thiago/Documents/spyn/qe/q-e-qe-7.3.1//KS_Solvers  -I../../dft-d3/ -c gcscf_input.f90
mpif90 -O2 -fallow-argument-mismatch -cpp -D__FFTW -D__MPI  -I/home/thiago/Documents/spyn/qe/q-e-qe-7.3.1//external/devxlib/src -I. -I/home/thiago/Documents/spyn/qe/q-e-qe-7.3.1//include -I/home/thiago/Documents/spyn/qe/q-e-qe-7.3.1//upflib -I/home/thiago/Documents/spyn/qe/q-e-qe-7.3.1//XClib -I/home/thiago/Documents/spyn/qe/q-e-qe-7.3.1//Modules -I/home/thiago/Documents/spyn/qe/q-e-qe-7.3.1//FFTXlib/src -I/home/thiago/Documents/spyn/qe/q-e-qe-7.3.1//LAXlib -I/home/thiago/Documents/spyn/qe/q-e-qe-7.3.1//UtilXlib -I/home/thiago/Documents/spyn/qe/q-e-qe-7.3.1//MBD -I/home/thiago/Documents/spyn/qe/q-e-qe-7.3.1//KS_Solvers  -I../../dft-d3/ -c mix_rho.f90
mpif90 -O2 -fallow-argument-mismatch -cpp -D__FFTW -D__MPI  -I/home/thiago/Documents/spyn/qe/q-e-qe-7.3.1//external/devxlib/src -I. -I/home/thiago/Documents/spyn/qe/q-e-qe-7.3.1//include -I/home/thiago/Documents/spyn/qe/q-e-qe-7.3.1//upflib -I/home/thiago/Documents/spyn/qe/q-e-qe-7.3.1//XClib -I/home/thiago/Documents/spyn/qe/q-e-qe-7.3.1//Modules -I/home/thiago/Documents/spyn/qe/q-e-qe-7.3.1//FFTXlib/src -I/home/thiago/Documents/spyn/qe/q-e-qe-7.3.1//LAXlib -I/home/thiago/Documents/spyn/qe/q-e-qe-7.3.1//UtilXlib -I/home/thiago/Documents/spyn/qe/q-e-qe-7.3.1//MBD -I/home/thiago/Documents/spyn/qe/q-e-qe-7.3.1//KS_Solvers  -I../../dft-d3/ -c weights.f90
mpif90 -O2 -fallow-argument-mismatch -cpp -D__FFTW -D__MPI  -I/home/thiago/Documents/spyn/qe/q-e-qe-7.3.1//external/devxlib/src -I. -I/home/thiago/Documents/spyn/qe/q-e-qe-7.3.1//include -I/home/thiago/Documents/spyn/qe/q-e-qe-7.3.1//upflib -I/home/thiago/Documents/spyn/qe/q-e-qe-7.3.1//XClib -I/home/thiago/Documents/spyn/qe/q-e-qe-7.3.1//Modules -I/home/thiago/Documents/spyn/qe/q-e-qe-7.3.1//FFTXlib/src -I/home/thiago/Documents/spyn/qe/q-e-qe-7.3.1//LAXlib -I/home/thiago/Documents/spyn/qe/q-e-qe-7.3.1//UtilXlib -I/home/thiago/Documents/spyn/qe/q-e-qe-7.3.1//MBD -I/home/thiago/Documents/spyn/qe/q-e-qe-7.3.1//KS_Solvers  -I../../dft-d3/ -c addusdens.f90
mpif90 -O2 -fallow-argument-mismatch -cpp -D__FFTW -D__MPI  -I/home/thiago/Documents/spyn/qe/q-e-qe-7.3.1//external/devxlib/src -I. -I/home/thiago/Documents/spyn/qe/q-e-qe-7.3.1//include -I/home/thiago/Documents/spyn/qe/q-e-qe-7.3.1//upflib -I/home/thiago/Documents/spyn/qe/q-e-qe-7.3.1//XClib -I/home/thiago/Documents/spyn/qe/q-e-qe-7.3.1//Modules -I/home/thiago/Documents/spyn/qe/q-e-qe-7.3.1//FFTXlib/src -I/home/thiago/Documents/spyn/qe/q-e-qe-7.3.1//LAXlib -I/home/thiago/Documents/spyn/qe/q-e-qe-7.3.1//UtilXlib -I/home/thiago/Documents/spyn/qe/q-e-qe-7.3.1//MBD -I/home/thiago/Documents/spyn/qe/q-e-qe-7.3.1//KS_Solvers  -I../../dft-d3/ -c addusforce.f90
mpif90 -O2 -fallow-argument-mismatch -cpp -D__FFTW -D__MPI  -I/home/thiago/Documents/spyn/qe/q-e-qe-7.3.1//external/devxlib/src -I. -I/home/thiago/Documents/spyn/qe/q-e-qe-7.3.1//include -I/home/thiago/Documents/spyn/qe/q-e-qe-7.3.1//upflib -I/home/thiago/Documents/spyn/qe/q-e-qe-7.3.1//XClib -I/home/thiago/Documents/spyn/qe/q-e-qe-7.3.1//Modules -I/home/thiago/Documents/spyn/qe/q-e-qe-7.3.1//FFTXlib/src -I/home/thiago/Documents/spyn/qe/q-e-qe-7.3.1//LAXlib -I/home/thiago/Documents/spyn/qe/q-e-qe-7.3.1//UtilXlib -I/home/thiago/Documents/spyn/qe/q-e-qe-7.3.1//MBD -I/home/thiago/Documents/spyn/qe/q-e-qe-7.3.1//KS_Solvers  -I../../dft-d3/ -c addusstress.f90
mpif90 -O2 -fallow-argument-mismatch -cpp -D__FFTW -D__MPI  -I/home/thiago/Documents/spyn/qe/q-e-qe-7.3.1//external/devxlib/src -I. -I/home/thiago/Documents/spyn/qe/q-e-qe-7.3.1//include -I/home/thiago/Documents/spyn/qe/q-e-qe-7.3.1//upflib -I/home/thiago/Documents/spyn/qe/q-e-qe-7.3.1//XClib -I/home/thiago/Documents/spyn/qe/q-e-qe-7.3.1//Modules -I/home/thiago/Documents/spyn/qe/q-e-qe-7.3.1//FFTXlib/src -I/home/thiago/Documents/spyn/qe/q-e-qe-7.3.1//LAXlib -I/home/thiago/Documents/spyn/qe/q-e-qe-7.3.1//UtilXlib -I/home/thiago/Documents/spyn/qe/q-e-qe-7.3.1//MBD -I/home/thiago/Documents/spyn/qe/q-e-qe-7.3.1//KS_Solvers  -I../../dft-d3/ -c newd.f90
addusstress.f90:195:31:

  160 |                                qgm, 2*ngm_l, tbecsum, nij, 0.0_dp, aux2, 2*ngm_l )
      |                                             2
......
  195 |                                aux2, 2*ngm_l, 0.0_dp, fac, 3 )
      |                               1
Warning: Type mismatch between actual argument at (1) and actual argument at (2) (COMPLEX(8)/REAL(8)).
addusstress.f90:195:54:

  160 |                                qgm, 2*ngm_l, tbecsum, nij, 0.0_dp, aux2, 2*ngm_l )
      |                                                                   2
......
  195 |                                aux2, 2*ngm_l, 0.0_dp, fac, 3 )
      |                                                      1
Warning: Type mismatch between actual argument at (1) and actual argument at (2) (REAL(8)/COMPLEX(8)).
mpif90 -O2 -fallow-argument-mismatch -cpp -D__FFTW -D__MPI  -I/home/thiago/Documents/spyn/qe/q-e-qe-7.3.1//external/devxlib/src -I. -I/home/thiago/Documents/spyn/qe/q-e-qe-7.3.1//include -I/home/thiago/Documents/spyn/qe/q-e-qe-7.3.1//upflib -I/home/thiago/Documents/spyn/qe/q-e-qe-7.3.1//XClib -I/home/thiago/Documents/spyn/qe/q-e-qe-7.3.1//Modules -I/home/thiago/Documents/spyn/qe/q-e-qe-7.3.1//FFTXlib/src -I/home/thiago/Documents/spyn/qe/q-e-qe-7.3.1//LAXlib -I/home/thiago/Documents/spyn/qe/q-e-qe-7.3.1//UtilXlib -I/home/thiago/Documents/spyn/qe/q-e-qe-7.3.1//MBD -I/home/thiago/Documents/spyn/qe/q-e-qe-7.3.1//KS_Solvers  -I../../dft-d3/ -c us_exx.f90
mpif90 -O2 -fallow-argument-mismatch -cpp -D__FFTW -D__MPI  -I/home/thiago/Documents/spyn/qe/q-e-qe-7.3.1//external/devxlib/src -I. -I/home/thiago/Documents/spyn/qe/q-e-qe-7.3.1//include -I/home/thiago/Documents/spyn/qe/q-e-qe-7.3.1//upflib -I/home/thiago/Documents/spyn/qe/q-e-qe-7.3.1//XClib -I/home/thiago/Documents/spyn/qe/q-e-qe-7.3.1//Modules -I/home/thiago/Documents/spyn/qe/q-e-qe-7.3.1//FFTXlib/src -I/home/thiago/Documents/spyn/qe/q-e-qe-7.3.1//LAXlib -I/home/thiago/Documents/spyn/qe/q-e-qe-7.3.1//UtilXlib -I/home/thiago/Documents/spyn/qe/q-e-qe-7.3.1//MBD -I/home/thiago/Documents/spyn/qe/q-e-qe-7.3.1//KS_Solvers  -I../../dft-d3/ -c data_structure.f90
mpif90 -O2 -fallow-argument-mismatch -cpp -D__FFTW -D__MPI  -I/home/thiago/Documents/spyn/qe/q-e-qe-7.3.1//external/devxlib/src -I. -I/home/thiago/Documents/spyn/qe/q-e-qe-7.3.1//include -I/home/thiago/Documents/spyn/qe/q-e-qe-7.3.1//upflib -I/home/thiago/Documents/spyn/qe/q-e-qe-7.3.1//XClib -I/home/thiago/Documents/spyn/qe/q-e-qe-7.3.1//Modules -I/home/thiago/Documents/spyn/qe/q-e-qe-7.3.1//FFTXlib/src -I/home/thiago/Documents/spyn/qe/q-e-qe-7.3.1//LAXlib -I/home/thiago/Documents/spyn/qe/q-e-qe-7.3.1//UtilXlib -I/home/thiago/Documents/spyn/qe/q-e-qe-7.3.1//MBD -I/home/thiago/Documents/spyn/qe/q-e-qe-7.3.1//KS_Solvers  -I../../dft-d3/ -c newd_gpu.f90
mpif90 -O2 -fallow-argument-mismatch -cpp -D__FFTW -D__MPI  -I/home/thiago/Documents/spyn/qe/q-e-qe-7.3.1//external/devxlib/src -I. -I/home/thiago/Documents/spyn/qe/q-e-qe-7.3.1//include -I/home/thiago/Documents/spyn/qe/q-e-qe-7.3.1//upflib -I/home/thiago/Documents/spyn/qe/q-e-qe-7.3.1//XClib -I/home/thiago/Documents/spyn/qe/q-e-qe-7.3.1//Modules -I/home/thiago/Documents/spyn/qe/q-e-qe-7.3.1//FFTXlib/src -I/home/thiago/Documents/spyn/qe/q-e-qe-7.3.1//LAXlib -I/home/thiago/Documents/spyn/qe/q-e-qe-7.3.1//UtilXlib -I/home/thiago/Documents/spyn/qe/q-e-qe-7.3.1//MBD -I/home/thiago/Documents/spyn/qe/q-e-qe-7.3.1//KS_Solvers  -I../../dft-d3/ -c hs_1psi.f90
mpif90 -O2 -fallow-argument-mismatch -cpp -D__FFTW -D__MPI  -I/home/thiago/Documents/spyn/qe/q-e-qe-7.3.1//external/devxlib/src -I. -I/home/thiago/Documents/spyn/qe/q-e-qe-7.3.1//include -I/home/thiago/Documents/spyn/qe/q-e-qe-7.3.1//upflib -I/home/thiago/Documents/spyn/qe/q-e-qe-7.3.1//XClib -I/home/thiago/Documents/spyn/qe/q-e-qe-7.3.1//Modules -I/home/thiago/Documents/spyn/qe/q-e-qe-7.3.1//FFTXlib/src -I/home/thiago/Documents/spyn/qe/q-e-qe-7.3.1//LAXlib -I/home/thiago/Documents/spyn/qe/q-e-qe-7.3.1//UtilXlib -I/home/thiago/Documents/spyn/qe/q-e-qe-7.3.1//MBD -I/home/thiago/Documents/spyn/qe/q-e-qe-7.3.1//KS_Solvers  -I../../dft-d3/ -c hinit0.f90
mpif90 -O2 -fallow-argument-mismatch -cpp -D__FFTW -D__MPI  -I/home/thiago/Documents/spyn/qe/q-e-qe-7.3.1//external/devxlib/src -I. -I/home/thiago/Documents/spyn/qe/q-e-qe-7.3.1//include -I/home/thiago/Documents/spyn/qe/q-e-qe-7.3.1//upflib -I/home/thiago/Documents/spyn/qe/q-e-qe-7.3.1//XClib -I/home/thiago/Documents/spyn/qe/q-e-qe-7.3.1//Modules -I/home/thiago/Documents/spyn/qe/q-e-qe-7.3.1//FFTXlib/src -I/home/thiago/Documents/spyn/qe/q-e-qe-7.3.1//LAXlib -I/home/thiago/Documents/spyn/qe/q-e-qe-7.3.1//UtilXlib -I/home/thiago/Documents/spyn/qe/q-e-qe-7.3.1//MBD -I/home/thiago/Documents/spyn/qe/q-e-qe-7.3.1//KS_Solvers  -I../../dft-d3/ -c print_clock_pw.f90
mpif90 -O2 -fallow-argument-mismatch -cpp -D__FFTW -D__MPI  -I/home/thiago/Documents/spyn/qe/q-e-qe-7.3.1//external/devxlib/src -I. -I/home/thiago/Documents/spyn/qe/q-e-qe-7.3.1//include -I/home/thiago/Documents/spyn/qe/q-e-qe-7.3.1//upflib -I/home/thiago/Documents/spyn/qe/q-e-qe-7.3.1//XClib -I/home/thiago/Documents/spyn/qe/q-e-qe-7.3.1//Modules -I/home/thiago/Documents/spyn/qe/q-e-qe-7.3.1//FFTXlib/src -I/home/thiago/Documents/spyn/qe/q-e-qe-7.3.1//LAXlib -I/home/thiago/Documents/spyn/qe/q-e-qe-7.3.1//UtilXlib -I/home/thiago/Documents/spyn/qe/q-e-qe-7.3.1//MBD -I/home/thiago/Documents/spyn/qe/q-e-qe-7.3.1//KS_Solvers  -I../../dft-d3/ -c s_1psi.f90
mpif90 -O2 -fallow-argument-mismatch -cpp -D__FFTW -D__MPI  -I/home/thiago/Documents/spyn/qe/q-e-qe-7.3.1//external/devxlib/src -I. -I/home/thiago/Documents/spyn/qe/q-e-qe-7.3.1//include -I/home/thiago/Documents/spyn/qe/q-e-qe-7.3.1//upflib -I/home/thiago/Documents/spyn/qe/q-e-qe-7.3.1//XClib -I/home/thiago/Documents/spyn/qe/q-e-qe-7.3.1//Modules -I/home/thiago/Documents/spyn/qe/q-e-qe-7.3.1//FFTXlib/src -I/home/thiago/Documents/spyn/qe/q-e-qe-7.3.1//LAXlib -I/home/thiago/Documents/spyn/qe/q-e-qe-7.3.1//UtilXlib -I/home/thiago/Documents/spyn/qe/q-e-qe-7.3.1//MBD -I/home/thiago/Documents/spyn/qe/q-e-qe-7.3.1//KS_Solvers  -I../../dft-d3/ -c s_psi.f90
mpif90 -O2 -fallow-argument-mismatch -cpp -D__FFTW -D__MPI  -I/home/thiago/Documents/spyn/qe/q-e-qe-7.3.1//external/devxlib/src -I. -I/home/thiago/Documents/spyn/qe/q-e-qe-7.3.1//include -I/home/thiago/Documents/spyn/qe/q-e-qe-7.3.1//upflib -I/home/thiago/Documents/spyn/qe/q-e-qe-7.3.1//XClib -I/home/thiago/Documents/spyn/qe/q-e-qe-7.3.1//Modules -I/home/thiago/Documents/spyn/qe/q-e-qe-7.3.1//FFTXlib/src -I/home/thiago/Documents/spyn/qe/q-e-qe-7.3.1//LAXlib -I/home/thiago/Documents/spyn/qe/q-e-qe-7.3.1//UtilXlib -I/home/thiago/Documents/spyn/qe/q-e-qe-7.3.1//MBD -I/home/thiago/Documents/spyn/qe/q-e-qe-7.3.1//KS_Solvers  -I../../dft-d3/ -c s_psi_acc.f90
s_psi.f90:253:56:

  240 |                                   qq_at(1,1,na), nhm, becp%r(ofsbeta(na)+1,1),&
      |                                  2                      
......
  253 |              CALL DGEMM( 'N', 'N', 2 * n, m, nkb, 1.D0, vkb, &
      |                                                        1
Warning: Type mismatch between actual argument at (1) and actual argument at (2) (COMPLEX(8)/REAL(8)).
s_psi.f90:254:42:

  241 |                                   nkb, 0.0_dp, ps(ofsbeta(na)+1,1), nkb )
      |                                               2
......
  254 |                   2 * lda, ps, nkb, 1.D0, spsi, 2*lda )
      |                                          1
Warning: Type mismatch between actual argument at (1) and actual argument at (2) (COMPLEX(8)/REAL(8)).
s_psi_acc.f90:320:58:

  303 |                                   qq_at(1,1,na), nhm, becpr(ofsbeta(na)+1,1),&
      |                                  2                        
......
  320 |              CALL MYDGEMM( 'N', 'N', 2 * n, m, nkb, 1.D0, vkb, &
      |                                                          1
Warning: Type mismatch between actual argument at (1) and actual argument at (2) (COMPLEX(8)/REAL(8)).
s_psi_acc.f90:321:42:

  304 |                                   nkb, 0.0_dp, ps(ofsbeta(na)+1,1), nkb )
      |                                               2
......
  321 |                   2 * lda, ps, nkb, 1.D0, spsi, 2*lda )
      |                                          1
Warning: Type mismatch between actual argument at (1) and actual argument at (2) (COMPLEX(8)/REAL(8)).
mpif90 -O2 -fallow-argument-mismatch -cpp -D__FFTW -D__MPI  -I/home/thiago/Documents/spyn/qe/q-e-qe-7.3.1//external/devxlib/src -I. -I/home/thiago/Documents/spyn/qe/q-e-qe-7.3.1//include -I/home/thiago/Documents/spyn/qe/q-e-qe-7.3.1//upflib -I/home/thiago/Documents/spyn/qe/q-e-qe-7.3.1//XClib -I/home/thiago/Documents/spyn/qe/q-e-qe-7.3.1//Modules -I/home/thiago/Documents/spyn/qe/q-e-qe-7.3.1//FFTXlib/src -I/home/thiago/Documents/spyn/qe/q-e-qe-7.3.1//LAXlib -I/home/thiago/Documents/spyn/qe/q-e-qe-7.3.1//UtilXlib -I/home/thiago/Documents/spyn/qe/q-e-qe-7.3.1//MBD -I/home/thiago/Documents/spyn/qe/q-e-qe-7.3.1//KS_Solvers  -I../../dft-d3/ -c hs_1psi_gpu.f90
mpif90 -O2 -fallow-argument-mismatch -cpp -D__FFTW -D__MPI  -I/home/thiago/Documents/spyn/qe/q-e-qe-7.3.1//external/devxlib/src -I. -I/home/thiago/Documents/spyn/qe/q-e-qe-7.3.1//include -I/home/thiago/Documents/spyn/qe/q-e-qe-7.3.1//upflib -I/home/thiago/Documents/spyn/qe/q-e-qe-7.3.1//XClib -I/home/thiago/Documents/spyn/qe/q-e-qe-7.3.1//Modules -I/home/thiago/Documents/spyn/qe/q-e-qe-7.3.1//FFTXlib/src -I/home/thiago/Documents/spyn/qe/q-e-qe-7.3.1//LAXlib -I/home/thiago/Documents/spyn/qe/q-e-qe-7.3.1//UtilXlib -I/home/thiago/Documents/spyn/qe/q-e-qe-7.3.1//MBD -I/home/thiago/Documents/spyn/qe/q-e-qe-7.3.1//KS_Solvers  -I../../dft-d3/ -c s_1psi_gpu.f90
mpif90 -O2 -fallow-argument-mismatch -cpp -D__FFTW -D__MPI  -I/home/thiago/Documents/spyn/qe/q-e-qe-7.3.1//external/devxlib/src -I. -I/home/thiago/Documents/spyn/qe/q-e-qe-7.3.1//include -I/home/thiago/Documents/spyn/qe/q-e-qe-7.3.1//upflib -I/home/thiago/Documents/spyn/qe/q-e-qe-7.3.1//XClib -I/home/thiago/Documents/spyn/qe/q-e-qe-7.3.1//Modules -I/home/thiago/Documents/spyn/qe/q-e-qe-7.3.1//FFTXlib/src -I/home/thiago/Documents/spyn/qe/q-e-qe-7.3.1//LAXlib -I/home/thiago/Documents/spyn/qe/q-e-qe-7.3.1//UtilXlib -I/home/thiago/Documents/spyn/qe/q-e-qe-7.3.1//MBD -I/home/thiago/Documents/spyn/qe/q-e-qe-7.3.1//KS_Solvers  -I../../dft-d3/ -c hinit1.f90
mpif90 -O2 -fallow-argument-mismatch -cpp -D__FFTW -D__MPI  -I/home/thiago/Documents/spyn/qe/q-e-qe-7.3.1//external/devxlib/src -I. -I/home/thiago/Documents/spyn/qe/q-e-qe-7.3.1//include -I/home/thiago/Documents/spyn/qe/q-e-qe-7.3.1//upflib -I/home/thiago/Documents/spyn/qe/q-e-qe-7.3.1//XClib -I/home/thiago/Documents/spyn/qe/q-e-qe-7.3.1//Modules -I/home/thiago/Documents/spyn/qe/q-e-qe-7.3.1//FFTXlib/src -I/home/thiago/Documents/spyn/qe/q-e-qe-7.3.1//LAXlib -I/home/thiago/Documents/spyn/qe/q-e-qe-7.3.1//UtilXlib -I/home/thiago/Documents/spyn/qe/q-e-qe-7.3.1//MBD -I/home/thiago/Documents/spyn/qe/q-e-qe-7.3.1//KS_Solvers  -I../../dft-d3/ -c init_run.f90
mpif90 -O2 -fallow-argument-mismatch -cpp -D__FFTW -D__MPI  -I/home/thiago/Documents/spyn/qe/q-e-qe-7.3.1//external/devxlib/src -I. -I/home/thiago/Documents/spyn/qe/q-e-qe-7.3.1//include -I/home/thiago/Documents/spyn/qe/q-e-qe-7.3.1//upflib -I/home/thiago/Documents/spyn/qe/q-e-qe-7.3.1//XClib -I/home/thiago/Documents/spyn/qe/q-e-qe-7.3.1//Modules -I/home/thiago/Documents/spyn/qe/q-e-qe-7.3.1//FFTXlib/src -I/home/thiago/Documents/spyn/qe/q-e-qe-7.3.1//LAXlib -I/home/thiago/Documents/spyn/qe/q-e-qe-7.3.1//UtilXlib -I/home/thiago/Documents/spyn/qe/q-e-qe-7.3.1//MBD -I/home/thiago/Documents/spyn/qe/q-e-qe-7.3.1//KS_Solvers  -I../../dft-d3/ -c move_ions.f90
mpif90 -O2 -fallow-argument-mismatch -cpp -D__FFTW -D__MPI  -I/home/thiago/Documents/spyn/qe/q-e-qe-7.3.1//external/devxlib/src -I. -I/home/thiago/Documents/spyn/qe/q-e-qe-7.3.1//include -I/home/thiago/Documents/spyn/qe/q-e-qe-7.3.1//upflib -I/home/thiago/Documents/spyn/qe/q-e-qe-7.3.1//XClib -I/home/thiago/Documents/spyn/qe/q-e-qe-7.3.1//Modules -I/home/thiago/Documents/spyn/qe/q-e-qe-7.3.1//FFTXlib/src -I/home/thiago/Documents/spyn/qe/q-e-qe-7.3.1//LAXlib -I/home/thiago/Documents/spyn/qe/q-e-qe-7.3.1//UtilXlib -I/home/thiago/Documents/spyn/qe/q-e-qe-7.3.1//MBD -I/home/thiago/Documents/spyn/qe/q-e-qe-7.3.1//KS_Solvers  -I../../dft-d3/ -c exx.f90
mpif90 -O2 -fallow-argument-mismatch -cpp -D__FFTW -D__MPI  -I/home/thiago/Documents/spyn/qe/q-e-qe-7.3.1//external/devxlib/src -I. -I/home/thiago/Documents/spyn/qe/q-e-qe-7.3.1//include -I/home/thiago/Documents/spyn/qe/q-e-qe-7.3.1//upflib -I/home/thiago/Documents/spyn/qe/q-e-qe-7.3.1//XClib -I/home/thiago/Documents/spyn/qe/q-e-qe-7.3.1//Modules -I/home/thiago/Documents/spyn/qe/q-e-qe-7.3.1//FFTXlib/src -I/home/thiago/Documents/spyn/qe/q-e-qe-7.3.1//LAXlib -I/home/thiago/Documents/spyn/qe/q-e-qe-7.3.1//UtilXlib -I/home/thiago/Documents/spyn/qe/q-e-qe-7.3.1//MBD -I/home/thiago/Documents/spyn/qe/q-e-qe-7.3.1//KS_Solvers  -I../../dft-d3/ -c sum_band.f90
mpif90 -O2 -fallow-argument-mismatch -cpp -D__FFTW -D__MPI  -I/home/thiago/Documents/spyn/qe/q-e-qe-7.3.1//external/devxlib/src -I. -I/home/thiago/Documents/spyn/qe/q-e-qe-7.3.1//include -I/home/thiago/Documents/spyn/qe/q-e-qe-7.3.1//upflib -I/home/thiago/Documents/spyn/qe/q-e-qe-7.3.1//XClib -I/home/thiago/Documents/spyn/qe/q-e-qe-7.3.1//Modules -I/home/thiago/Documents/spyn/qe/q-e-qe-7.3.1//FFTXlib/src -I/home/thiago/Documents/spyn/qe/q-e-qe-7.3.1//LAXlib -I/home/thiago/Documents/spyn/qe/q-e-qe-7.3.1//UtilXlib -I/home/thiago/Documents/spyn/qe/q-e-qe-7.3.1//MBD -I/home/thiago/Documents/spyn/qe/q-e-qe-7.3.1//KS_Solvers  -I../../dft-d3/ -c sum_band_gpu.f90
sum_band.f90:1036:30:

 1003 |                       1.0_dp, becp%r(ofsbeta(na)+1,1), nkb,    &
      |                              2
......
 1036 |                       1.0_dp, auxk1, 2*this_bgrp_nbnd, auxk2, 2*this_bgrp_nbnd, &
      |                              1
Warning: Type mismatch between actual argument at (1) and actual argument at (2) (COMPLEX(8)/REAL(8)).
sum_band.f90:1036:55:

 1004 |                       auxg, nbnd_loc, 0.0_dp, aux_gk, nh(np) )
      |                      2                                 
......
 1036 |                       1.0_dp, auxk1, 2*this_bgrp_nbnd, auxk2, 2*this_bgrp_nbnd, &
      |                                                       1
Warning: Type mismatch between actual argument at (1) and actual argument at (2) (COMPLEX(8)/REAL(8)).
sum_band_gpu.f90:1140:30:

 1107 |                       1.0_dp, auxg1_d, nbnd_loc,    &
      |                              2
......
 1140 |                       1.0_dp, auxk1_d, 2*this_bgrp_nbnd, auxk2_d, 2*this_bgrp_nbnd, &
      |                              1
Warning: Type mismatch between actual argument at (1) and actual argument at (2) (COMPLEX(8)/REAL(8)).
sum_band_gpu.f90:1140:57:

 1108 |                       auxg2_d, nbnd_loc, 0.0_dp, aux_gk_d, nhnt )
      |                      2                                   
......
 1140 |                       1.0_dp, auxk1_d, 2*this_bgrp_nbnd, auxk2_d, 2*this_bgrp_nbnd, &
      |                                                         1
Warning: Type mismatch between actual argument at (1) and actual argument at (2) (COMPLEX(8)/REAL(8)).
mpif90 -O2 -fallow-argument-mismatch -cpp -D__FFTW -D__MPI  -I/home/thiago/Documents/spyn/qe/q-e-qe-7.3.1//external/devxlib/src -I. -I/home/thiago/Documents/spyn/qe/q-e-qe-7.3.1//include -I/home/thiago/Documents/spyn/qe/q-e-qe-7.3.1//upflib -I/home/thiago/Documents/spyn/qe/q-e-qe-7.3.1//XClib -I/home/thiago/Documents/spyn/qe/q-e-qe-7.3.1//Modules -I/home/thiago/Documents/spyn/qe/q-e-qe-7.3.1//FFTXlib/src -I/home/thiago/Documents/spyn/qe/q-e-qe-7.3.1//LAXlib -I/home/thiago/Documents/spyn/qe/q-e-qe-7.3.1//UtilXlib -I/home/thiago/Documents/spyn/qe/q-e-qe-7.3.1//MBD -I/home/thiago/Documents/spyn/qe/q-e-qe-7.3.1//KS_Solvers  -I../../dft-d3/ -c clean_pw.f90
mpif90 -O2 -fallow-argument-mismatch -cpp -D__FFTW -D__MPI  -I/home/thiago/Documents/spyn/qe/q-e-qe-7.3.1//external/devxlib/src -I. -I/home/thiago/Documents/spyn/qe/q-e-qe-7.3.1//include -I/home/thiago/Documents/spyn/qe/q-e-qe-7.3.1//upflib -I/home/thiago/Documents/spyn/qe/q-e-qe-7.3.1//XClib -I/home/thiago/Documents/spyn/qe/q-e-qe-7.3.1//Modules -I/home/thiago/Documents/spyn/qe/q-e-qe-7.3.1//FFTXlib/src -I/home/thiago/Documents/spyn/qe/q-e-qe-7.3.1//LAXlib -I/home/thiago/Documents/spyn/qe/q-e-qe-7.3.1//UtilXlib -I/home/thiago/Documents/spyn/qe/q-e-qe-7.3.1//MBD -I/home/thiago/Documents/spyn/qe/q-e-qe-7.3.1//KS_Solvers  -I../../dft-d3/ -c loc_scdm.f90
mpif90 -O2 -fallow-argument-mismatch -cpp -D__FFTW -D__MPI  -I/home/thiago/Documents/spyn/qe/q-e-qe-7.3.1//external/devxlib/src -I. -I/home/thiago/Documents/spyn/qe/q-e-qe-7.3.1//include -I/home/thiago/Documents/spyn/qe/q-e-qe-7.3.1//upflib -I/home/thiago/Documents/spyn/qe/q-e-qe-7.3.1//XClib -I/home/thiago/Documents/spyn/qe/q-e-qe-7.3.1//Modules -I/home/thiago/Documents/spyn/qe/q-e-qe-7.3.1//FFTXlib/src -I/home/thiago/Documents/spyn/qe/q-e-qe-7.3.1//LAXlib -I/home/thiago/Documents/spyn/qe/q-e-qe-7.3.1//UtilXlib -I/home/thiago/Documents/spyn/qe/q-e-qe-7.3.1//MBD -I/home/thiago/Documents/spyn/qe/q-e-qe-7.3.1//KS_Solvers  -I../../dft-d3/ -c h_psi.f90
mpif90 -O2 -fallow-argument-mismatch -cpp -D__FFTW -D__MPI  -I/home/thiago/Documents/spyn/qe/q-e-qe-7.3.1//external/devxlib/src -I. -I/home/thiago/Documents/spyn/qe/q-e-qe-7.3.1//include -I/home/thiago/Documents/spyn/qe/q-e-qe-7.3.1//upflib -I/home/thiago/Documents/spyn/qe/q-e-qe-7.3.1//XClib -I/home/thiago/Documents/spyn/qe/q-e-qe-7.3.1//Modules -I/home/thiago/Documents/spyn/qe/q-e-qe-7.3.1//FFTXlib/src -I/home/thiago/Documents/spyn/qe/q-e-qe-7.3.1//LAXlib -I/home/thiago/Documents/spyn/qe/q-e-qe-7.3.1//UtilXlib -I/home/thiago/Documents/spyn/qe/q-e-qe-7.3.1//MBD -I/home/thiago/Documents/spyn/qe/q-e-qe-7.3.1//KS_Solvers  -I../../dft-d3/ -c memory_report.f90
mpif90 -O2 -fallow-argument-mismatch -cpp -D__FFTW -D__MPI  -I/home/thiago/Documents/spyn/qe/q-e-qe-7.3.1//external/devxlib/src -I. -I/home/thiago/Documents/spyn/qe/q-e-qe-7.3.1//include -I/home/thiago/Documents/spyn/qe/q-e-qe-7.3.1//upflib -I/home/thiago/Documents/spyn/qe/q-e-qe-7.3.1//XClib -I/home/thiago/Documents/spyn/qe/q-e-qe-7.3.1//Modules -I/home/thiago/Documents/spyn/qe/q-e-qe-7.3.1//FFTXlib/src -I/home/thiago/Documents/spyn/qe/q-e-qe-7.3.1//LAXlib -I/home/thiago/Documents/spyn/qe/q-e-qe-7.3.1//UtilXlib -I/home/thiago/Documents/spyn/qe/q-e-qe-7.3.1//MBD -I/home/thiago/Documents/spyn/qe/q-e-qe-7.3.1//KS_Solvers  -I../../dft-d3/ -c non_scf.f90
mpif90 -O2 -fallow-argument-mismatch -cpp -D__FFTW -D__MPI  -I/home/thiago/Documents/spyn/qe/q-e-qe-7.3.1//external/devxlib/src -I. -I/home/thiago/Documents/spyn/qe/q-e-qe-7.3.1//include -I/home/thiago/Documents/spyn/qe/q-e-qe-7.3.1//upflib -I/home/thiago/Documents/spyn/qe/q-e-qe-7.3.1//XClib -I/home/thiago/Documents/spyn/qe/q-e-qe-7.3.1//Modules -I/home/thiago/Documents/spyn/qe/q-e-qe-7.3.1//FFTXlib/src -I/home/thiago/Documents/spyn/qe/q-e-qe-7.3.1//LAXlib -I/home/thiago/Documents/spyn/qe/q-e-qe-7.3.1//UtilXlib -I/home/thiago/Documents/spyn/qe/q-e-qe-7.3.1//MBD -I/home/thiago/Documents/spyn/qe/q-e-qe-7.3.1//KS_Solvers  -I../../dft-d3/ -c pw_restart_new.f90
mpif90 -O2 -fallow-argument-mismatch -cpp -D__FFTW -D__MPI  -I/home/thiago/Documents/spyn/qe/q-e-qe-7.3.1//external/devxlib/src -I. -I/home/thiago/Documents/spyn/qe/q-e-qe-7.3.1//include -I/home/thiago/Documents/spyn/qe/q-e-qe-7.3.1//upflib -I/home/thiago/Documents/spyn/qe/q-e-qe-7.3.1//XClib -I/home/thiago/Documents/spyn/qe/q-e-qe-7.3.1//Modules -I/home/thiago/Documents/spyn/qe/q-e-qe-7.3.1//FFTXlib/src -I/home/thiago/Documents/spyn/qe/q-e-qe-7.3.1//LAXlib -I/home/thiago/Documents/spyn/qe/q-e-qe-7.3.1//UtilXlib -I/home/thiago/Documents/spyn/qe/q-e-qe-7.3.1//MBD -I/home/thiago/Documents/spyn/qe/q-e-qe-7.3.1//KS_Solvers  -I../../dft-d3/ -c pw2casino_write.f90
mpif90 -O2 -fallow-argument-mismatch -cpp -D__FFTW -D__MPI  -I/home/thiago/Documents/spyn/qe/q-e-qe-7.3.1//external/devxlib/src -I. -I/home/thiago/Documents/spyn/qe/q-e-qe-7.3.1//include -I/home/thiago/Documents/spyn/qe/q-e-qe-7.3.1//upflib -I/home/thiago/Documents/spyn/qe/q-e-qe-7.3.1//XClib -I/home/thiago/Documents/spyn/qe/q-e-qe-7.3.1//Modules -I/home/thiago/Documents/spyn/qe/q-e-qe-7.3.1//FFTXlib/src -I/home/thiago/Documents/spyn/qe/q-e-qe-7.3.1//LAXlib -I/home/thiago/Documents/spyn/qe/q-e-qe-7.3.1//UtilXlib -I/home/thiago/Documents/spyn/qe/q-e-qe-7.3.1//MBD -I/home/thiago/Documents/spyn/qe/q-e-qe-7.3.1//KS_Solvers  -I../../dft-d3/ -c run_pwscf.f90
mpif90 -O2 -fallow-argument-mismatch -cpp -D__FFTW -D__MPI  -I/home/thiago/Documents/spyn/qe/q-e-qe-7.3.1//external/devxlib/src -I. -I/home/thiago/Documents/spyn/qe/q-e-qe-7.3.1//include -I/home/thiago/Documents/spyn/qe/q-e-qe-7.3.1//upflib -I/home/thiago/Documents/spyn/qe/q-e-qe-7.3.1//XClib -I/home/thiago/Documents/spyn/qe/q-e-qe-7.3.1//Modules -I/home/thiago/Documents/spyn/qe/q-e-qe-7.3.1//FFTXlib/src -I/home/thiago/Documents/spyn/qe/q-e-qe-7.3.1//LAXlib -I/home/thiago/Documents/spyn/qe/q-e-qe-7.3.1//UtilXlib -I/home/thiago/Documents/spyn/qe/q-e-qe-7.3.1//MBD -I/home/thiago/Documents/spyn/qe/q-e-qe-7.3.1//KS_Solvers  -I../../dft-d3/ -c scale_h.f90
mpif90 -O2 -fallow-argument-mismatch -cpp -D__FFTW -D__MPI  -I/home/thiago/Documents/spyn/qe/q-e-qe-7.3.1//external/devxlib/src -I. -I/home/thiago/Documents/spyn/qe/q-e-qe-7.3.1//include -I/home/thiago/Documents/spyn/qe/q-e-qe-7.3.1//upflib -I/home/thiago/Documents/spyn/qe/q-e-qe-7.3.1//XClib -I/home/thiago/Documents/spyn/qe/q-e-qe-7.3.1//Modules -I/home/thiago/Documents/spyn/qe/q-e-qe-7.3.1//FFTXlib/src -I/home/thiago/Documents/spyn/qe/q-e-qe-7.3.1//LAXlib -I/home/thiago/Documents/spyn/qe/q-e-qe-7.3.1//UtilXlib -I/home/thiago/Documents/spyn/qe/q-e-qe-7.3.1//MBD -I/home/thiago/Documents/spyn/qe/q-e-qe-7.3.1//KS_Solvers  -I../../dft-d3/ -c setup.f90
mpif90 -O2 -fallow-argument-mismatch -cpp -D__FFTW -D__MPI  -I/home/thiago/Documents/spyn/qe/q-e-qe-7.3.1//external/devxlib/src -I. -I/home/thiago/Documents/spyn/qe/q-e-qe-7.3.1//include -I/home/thiago/Documents/spyn/qe/q-e-qe-7.3.1//upflib -I/home/thiago/Documents/spyn/qe/q-e-qe-7.3.1//XClib -I/home/thiago/Documents/spyn/qe/q-e-qe-7.3.1//Modules -I/home/thiago/Documents/spyn/qe/q-e-qe-7.3.1//FFTXlib/src -I/home/thiago/Documents/spyn/qe/q-e-qe-7.3.1//LAXlib -I/home/thiago/Documents/spyn/qe/q-e-qe-7.3.1//UtilXlib -I/home/thiago/Documents/spyn/qe/q-e-qe-7.3.1//MBD -I/home/thiago/Documents/spyn/qe/q-e-qe-7.3.1//KS_Solvers  -I../../dft-d3/ -c stress.f90
stress.f90:108:75:

  108 |                          nspin, dfftp, g, alat, omega, sigmaxc, rho%kin_r )
      |                                                                           1
Warning: More actual than formal arguments in procedure call at (1)
mpif90 -O2 -fallow-argument-mismatch -cpp -D__FFTW -D__MPI  -I/home/thiago/Documents/spyn/qe/q-e-qe-7.3.1//external/devxlib/src -I. -I/home/thiago/Documents/spyn/qe/q-e-qe-7.3.1//include -I/home/thiago/Documents/spyn/qe/q-e-qe-7.3.1//upflib -I/home/thiago/Documents/spyn/qe/q-e-qe-7.3.1//XClib -I/home/thiago/Documents/spyn/qe/q-e-qe-7.3.1//Modules -I/home/thiago/Documents/spyn/qe/q-e-qe-7.3.1//FFTXlib/src -I/home/thiago/Documents/spyn/qe/q-e-qe-7.3.1//LAXlib -I/home/thiago/Documents/spyn/qe/q-e-qe-7.3.1//UtilXlib -I/home/thiago/Documents/spyn/qe/q-e-qe-7.3.1//MBD -I/home/thiago/Documents/spyn/qe/q-e-qe-7.3.1//KS_Solvers  -I../../dft-d3/ -c summary.f90
mpif90 -O2 -fallow-argument-mismatch -cpp -D__FFTW -D__MPI  -I/home/thiago/Documents/spyn/qe/q-e-qe-7.3.1//external/devxlib/src -I. -I/home/thiago/Documents/spyn/qe/q-e-qe-7.3.1//include -I/home/thiago/Documents/spyn/qe/q-e-qe-7.3.1//upflib -I/home/thiago/Documents/spyn/qe/q-e-qe-7.3.1//XClib -I/home/thiago/Documents/spyn/qe/q-e-qe-7.3.1//Modules -I/home/thiago/Documents/spyn/qe/q-e-qe-7.3.1//FFTXlib/src -I/home/thiago/Documents/spyn/qe/q-e-qe-7.3.1//LAXlib -I/home/thiago/Documents/spyn/qe/q-e-qe-7.3.1//UtilXlib -I/home/thiago/Documents/spyn/qe/q-e-qe-7.3.1//MBD -I/home/thiago/Documents/spyn/qe/q-e-qe-7.3.1//KS_Solvers  -I../../dft-d3/ -c h_psi_gpu.f90
mpif90 -O2 -fallow-argument-mismatch -cpp -D__FFTW -D__MPI  -I/home/thiago/Documents/spyn/qe/q-e-qe-7.3.1//external/devxlib/src -I. -I/home/thiago/Documents/spyn/qe/q-e-qe-7.3.1//include -I/home/thiago/Documents/spyn/qe/q-e-qe-7.3.1//upflib -I/home/thiago/Documents/spyn/qe/q-e-qe-7.3.1//XClib -I/home/thiago/Documents/spyn/qe/q-e-qe-7.3.1//Modules -I/home/thiago/Documents/spyn/qe/q-e-qe-7.3.1//FFTXlib/src -I/home/thiago/Documents/spyn/qe/q-e-qe-7.3.1//LAXlib -I/home/thiago/Documents/spyn/qe/q-e-qe-7.3.1//UtilXlib -I/home/thiago/Documents/spyn/qe/q-e-qe-7.3.1//MBD -I/home/thiago/Documents/spyn/qe/q-e-qe-7.3.1//KS_Solvers  -I../../dft-d3/ -c loc_scdm_k.f90
mpif90 -O2 -fallow-argument-mismatch -cpp -D__FFTW -D__MPI  -I/home/thiago/Documents/spyn/qe/q-e-qe-7.3.1//external/devxlib/src -I. -I/home/thiago/Documents/spyn/qe/q-e-qe-7.3.1//include -I/home/thiago/Documents/spyn/qe/q-e-qe-7.3.1//upflib -I/home/thiago/Documents/spyn/qe/q-e-qe-7.3.1//XClib -I/home/thiago/Documents/spyn/qe/q-e-qe-7.3.1//Modules -I/home/thiago/Documents/spyn/qe/q-e-qe-7.3.1//FFTXlib/src -I/home/thiago/Documents/spyn/qe/q-e-qe-7.3.1//LAXlib -I/home/thiago/Documents/spyn/qe/q-e-qe-7.3.1//UtilXlib -I/home/thiago/Documents/spyn/qe/q-e-qe-7.3.1//MBD -I/home/thiago/Documents/spyn/qe/q-e-qe-7.3.1//KS_Solvers  -I../../dft-d3/ -c input.f90
mpif90 -O2 -fallow-argument-mismatch -cpp -D__FFTW -D__MPI  -I/home/thiago/Documents/spyn/qe/q-e-qe-7.3.1//external/devxlib/src -I. -I/home/thiago/Documents/spyn/qe/q-e-qe-7.3.1//include -I/home/thiago/Documents/spyn/qe/q-e-qe-7.3.1//upflib -I/home/thiago/Documents/spyn/qe/q-e-qe-7.3.1//XClib -I/home/thiago/Documents/spyn/qe/q-e-qe-7.3.1//Modules -I/home/thiago/Documents/spyn/qe/q-e-qe-7.3.1//FFTXlib/src -I/home/thiago/Documents/spyn/qe/q-e-qe-7.3.1//LAXlib -I/home/thiago/Documents/spyn/qe/q-e-qe-7.3.1//UtilXlib -I/home/thiago/Documents/spyn/qe/q-e-qe-7.3.1//MBD -I/home/thiago/Documents/spyn/qe/q-e-qe-7.3.1//KS_Solvers  -I../../dft-d3/ -c electrons.f90
mpif90 -O2 -fallow-argument-mismatch -cpp -D__FFTW -D__MPI  -I/home/thiago/Documents/spyn/qe/q-e-qe-7.3.1//external/devxlib/src -I. -I/home/thiago/Documents/spyn/qe/q-e-qe-7.3.1//include -I/home/thiago/Documents/spyn/qe/q-e-qe-7.3.1//upflib -I/home/thiago/Documents/spyn/qe/q-e-qe-7.3.1//XClib -I/home/thiago/Documents/spyn/qe/q-e-qe-7.3.1//Modules -I/home/thiago/Documents/spyn/qe/q-e-qe-7.3.1//FFTXlib/src -I/home/thiago/Documents/spyn/qe/q-e-qe-7.3.1//LAXlib -I/home/thiago/Documents/spyn/qe/q-e-qe-7.3.1//UtilXlib -I/home/thiago/Documents/spyn/qe/q-e-qe-7.3.1//MBD -I/home/thiago/Documents/spyn/qe/q-e-qe-7.3.1//KS_Solvers  -I../../dft-d3/ -c punch.f90
mpif90 -O2 -fallow-argument-mismatch -cpp -D__FFTW -D__MPI  -I/home/thiago/Documents/spyn/qe/q-e-qe-7.3.1//external/devxlib/src -I. -I/home/thiago/Documents/spyn/qe/q-e-qe-7.3.1//include -I/home/thiago/Documents/spyn/qe/q-e-qe-7.3.1//upflib -I/home/thiago/Documents/spyn/qe/q-e-qe-7.3.1//XClib -I/home/thiago/Documents/spyn/qe/q-e-qe-7.3.1//Modules -I/home/thiago/Documents/spyn/qe/q-e-qe-7.3.1//FFTXlib/src -I/home/thiago/Documents/spyn/qe/q-e-qe-7.3.1//LAXlib -I/home/thiago/Documents/spyn/qe/q-e-qe-7.3.1//UtilXlib -I/home/thiago/Documents/spyn/qe/q-e-qe-7.3.1//MBD -I/home/thiago/Documents/spyn/qe/q-e-qe-7.3.1//KS_Solvers  -I../../dft-d3/ -c read_file_new.f90
mpif90 -O2 -fallow-argument-mismatch -cpp -D__FFTW -D__MPI  -I/home/thiago/Documents/spyn/qe/q-e-qe-7.3.1//external/devxlib/src -I. -I/home/thiago/Documents/spyn/qe/q-e-qe-7.3.1//include -I/home/thiago/Documents/spyn/qe/q-e-qe-7.3.1//upflib -I/home/thiago/Documents/spyn/qe/q-e-qe-7.3.1//XClib -I/home/thiago/Documents/spyn/qe/q-e-qe-7.3.1//Modules -I/home/thiago/Documents/spyn/qe/q-e-qe-7.3.1//FFTXlib/src -I/home/thiago/Documents/spyn/qe/q-e-qe-7.3.1//LAXlib -I/home/thiago/Documents/spyn/qe/q-e-qe-7.3.1//UtilXlib -I/home/thiago/Documents/spyn/qe/q-e-qe-7.3.1//MBD -I/home/thiago/Documents/spyn/qe/q-e-qe-7.3.1//KS_Solvers  -I../../dft-d3/ -c wfcinit.f90
ar ruv libpw.a a2fmod.o add_bfield.o add_efield.o add_dmft_occ.o add_vuspsi.o add_gatefield.o add_paw_to_deeq.o add_vhub_to_deeq.o addusdens.o addusforce.o addusstress.o allocate_fft.o allocate_locpot.o allocate_nlpot.o allocate_wfc.o atomic_rho.o atomic_wfc.o atomic_wfc_mod.o average_pp.o acfdt_in_pw.o newd.o beef.o bp_mod.o bp_c_phase.o bp_strings.o buffers.o c_bands.o c_phase_field.o orbm_kubo.o cdiagh.o clean_pw.o close_files.o commutator_Hx_psi.o commutator_Vhubx_psi.o compute_becsum.o compute_deff.o compute_dip.o compute_rho.o compute_qdipol.o compute_qdipol_so.o compute_ux.o coset.o Coul_cut_2D.o d_matrix.o data_structure.o divide_class.o divide_class_so.o divide_et_impera.o rotate_wfc.o run_driver.o dynamics_module.o efermig.o efermit.o electrons.o environ_pw_module.o eqvect.o esm.o esm_common_mod.o esm_ewald_mod.o esm_force_mod.o esm_hartree_mod.o esm_local_mod.o esm_stres_mod.o ewald.o ewald_dipole.o extfield.o exx_base.o exx_band.o exx.o fcp_capacitance.o fcp_dyn_calcavg.o fcp_dyn_printavg.o fcp_dynamics.o fcp_hessian.o fcp_input.o fcp_module.o fcp_relaxation.o find_group.o forces_bp_efield.o force_cc.o force_corr.o force_ew.o force_hub.o force_lc.o force_us.o forces.o g_psi.o g_psi_mod.o gcscf_input.o gcscf_module.o gen_at_dj.o gen_at_dy.o get_locals.o gk_sort.o gradcorr.o gweights.o g2_kin.o hs_psi.o hs_1psi.o h_epsi_her_apply.o h_epsi_her_set.o h_psi.o h_psi_meta.o hinit0.o hinit1.o hubbard.o init_ns.o init_q_aeps.o init_run.o init_us_2.o init_vloc.o input.o io_rho_xml.o irrek.o iweights.o intersite_V.o init_nsg.o nsg_adj.o start_k.o kpoint_grid.o lchk_tauxk.o ldaU.o make_pointlists.o manypw.o martyna_tuckerman.o memory_report.o mix_rho.o move_ions.o multable.o n_plane_waves.o new_ns.o new_nsb.o new_nsg.o new_occ.o ns_adj.o non_scf.o offset_atom_wfc.o openfil.o orthoatwfc.o output_tau.o para.o paw_exx.o paw_init.o paw_onecenter.o paw_symmetry.o plugin_print_energies.o plugin_scf_energy.o plugin_scf_potential.o plugin_init_ions.o plugin_init_cell.o plugin_init_potential.o plugin_initbase.o plugin_clean.o plugin_check.o plugin_clock.o plugin_summary.o plugin_initialization.o plugin_ext_forces.o plugin_int_forces.o plugin_read_input.o plus_u_full.o potinit.o print_clock_pw.o print_ks_energies.o punch.o pw_restart_new.o add_qexsd_step.o pw_init_qexsd_input.o pwcom.o pw2blip.o pw2casino.o pw2casino_write.o rdiagh.o read_conf_from_file.o read_file_new.o realus.o remove_atomic_rho.o report_mag.o restart_in_electrons.o rho2zeta.o rism_module.o ruotaijk.o run_pwscf.o s_1psi.o s_psi.o s_psi_acc.o save_in_cbands.o save_in_electrons.o scale_h.o loc_scdm.o loc_scdm_k.o scf_mod.o set_kplusq.o set_kup_and_kdw.o set_occupations.o set_rhoc.o set_spin_vars.o set_vrs.o setlocal.o setup.o scissor.o sic.o stop_run.o stres_cc.o stres_ewa.o stres_gradcorr.o stres_har.o stres_hub.o stres_knl.o stres_loc.o stres_us.o stres_nonloc_dft.o stres_mgga.o stress.o struct_fact.o sum_band.o sumkg.o sumkt.o summary.o symme.o symm_base.o symmetrize_at.o tetra.o transform_becsum_so.o transform_becsum_nc.o trnvecc.o two_chem.o update_pot.o us_exx.o usnldiag.o v_of_rho.o vcsmd.o vcsubs.o vhpsi.o vloc_psi.o utils.o xdm_dispersion.o wfcinit.o write_ns.o wsweight.o weights.o ortho_wfc.o wannier_init.o wannier_check.o wannier_clean.o wannier_occ.o oscdft_input.o oscdft_context.o oscdft_base.o oscdft_enums.o oscdft_indices.o oscdft_wavefunction.o oscdft_wavefunction_subs.o oscdft_functions.o oscdft_occupations.o oscdft_wfcO.o oscdft_forces.o oscdft_forces_subs.o d3hess_mod.o g_psi_mod_gpu.o g_psi_gpu.o h_psi_gpu.o vhpsi_gpu.o vloc_psi_gpu.o pwcom_gpu.o scf_mod_gpu.o usnldiag_gpu.o add_vuspsi_gpu.o sum_band_gpu.o newd_gpu.o add_paw_to_deeq_gpu.o add_vhub_to_deeq_gpu.o rotate_wfc_gpu.o hs_1psi_gpu.o hs_psi_gpu.o s_1psi_gpu.o utils_gpu.o oscdft_functions_gpu.o
ar: `u' modifier ignored since `D' is the default (see `U')
ar: creating libpw.a
a - a2fmod.o
a - add_bfield.o
a - add_efield.o
a - add_dmft_occ.o
a - add_vuspsi.o
a - add_gatefield.o
a - add_paw_to_deeq.o
a - add_vhub_to_deeq.o
a - addusdens.o
a - addusforce.o
a - addusstress.o
a - allocate_fft.o
a - allocate_locpot.o
a - allocate_nlpot.o
a - allocate_wfc.o
a - atomic_rho.o
a - atomic_wfc.o
a - atomic_wfc_mod.o
a - average_pp.o
a - acfdt_in_pw.o
a - newd.o
a - beef.o
a - bp_mod.o
a - bp_c_phase.o
a - bp_strings.o
a - buffers.o
a - c_bands.o
a - c_phase_field.o
a - orbm_kubo.o
a - cdiagh.o
a - clean_pw.o
a - close_files.o
a - commutator_Hx_psi.o
a - commutator_Vhubx_psi.o
a - compute_becsum.o
a - compute_deff.o
a - compute_dip.o
a - compute_rho.o
a - compute_qdipol.o
a - compute_qdipol_so.o
a - compute_ux.o
a - coset.o
a - Coul_cut_2D.o
a - d_matrix.o
a - data_structure.o
a - divide_class.o
a - divide_class_so.o
a - divide_et_impera.o
a - rotate_wfc.o
a - run_driver.o
a - dynamics_module.o
a - efermig.o
a - efermit.o
a - electrons.o
a - environ_pw_module.o
a - eqvect.o
a - esm.o
a - esm_common_mod.o
a - esm_ewald_mod.o
a - esm_force_mod.o
a - esm_hartree_mod.o
a - esm_local_mod.o
a - esm_stres_mod.o
a - ewald.o
a - ewald_dipole.o
a - extfield.o
a - exx_base.o
a - exx_band.o
a - exx.o
a - fcp_capacitance.o
a - fcp_dyn_calcavg.o
a - fcp_dyn_printavg.o
a - fcp_dynamics.o
a - fcp_hessian.o
a - fcp_input.o
a - fcp_module.o
a - fcp_relaxation.o
a - find_group.o
a - forces_bp_efield.o
a - force_cc.o
a - force_corr.o
a - force_ew.o
a - force_hub.o
a - force_lc.o
a - force_us.o
a - forces.o
a - g_psi.o
a - g_psi_mod.o
a - gcscf_input.o
a - gcscf_module.o
a - gen_at_dj.o
a - gen_at_dy.o
a - get_locals.o
a - gk_sort.o
a - gradcorr.o
a - gweights.o
a - g2_kin.o
a - hs_psi.o
a - hs_1psi.o
a - h_epsi_her_apply.o
a - h_epsi_her_set.o
a - h_psi.o
a - h_psi_meta.o
a - hinit0.o
a - hinit1.o
a - hubbard.o
a - init_ns.o
a - init_q_aeps.o
a - init_run.o
a - init_us_2.o
a - init_vloc.o
a - input.o
a - io_rho_xml.o
a - irrek.o
a - iweights.o
a - intersite_V.o
a - init_nsg.o
a - nsg_adj.o
a - start_k.o
a - kpoint_grid.o
a - lchk_tauxk.o
a - ldaU.o
a - make_pointlists.o
a - manypw.o
a - martyna_tuckerman.o
a - memory_report.o
a - mix_rho.o
a - move_ions.o
a - multable.o
a - n_plane_waves.o
a - new_ns.o
a - new_nsb.o
a - new_nsg.o
a - new_occ.o
a - ns_adj.o
a - non_scf.o
a - offset_atom_wfc.o
a - openfil.o
a - orthoatwfc.o
a - output_tau.o
a - para.o
a - paw_exx.o
a - paw_init.o
a - paw_onecenter.o
a - paw_symmetry.o
a - plugin_print_energies.o
a - plugin_scf_energy.o
a - plugin_scf_potential.o
a - plugin_init_ions.o
a - plugin_init_cell.o
a - plugin_init_potential.o
a - plugin_initbase.o
a - plugin_clean.o
a - plugin_check.o
a - plugin_clock.o
a - plugin_summary.o
a - plugin_initialization.o
a - plugin_ext_forces.o
a - plugin_int_forces.o
a - plugin_read_input.o
a - plus_u_full.o
a - potinit.o
a - print_clock_pw.o
a - print_ks_energies.o
a - punch.o
a - pw_restart_new.o
a - add_qexsd_step.o
a - pw_init_qexsd_input.o
a - pwcom.o
a - pw2blip.o
a - pw2casino.o
a - pw2casino_write.o
a - rdiagh.o
a - read_conf_from_file.o
a - read_file_new.o
a - realus.o
a - remove_atomic_rho.o
a - report_mag.o
a - restart_in_electrons.o
a - rho2zeta.o
a - rism_module.o
a - ruotaijk.o
a - run_pwscf.o
a - s_1psi.o
a - s_psi.o
a - s_psi_acc.o
a - save_in_cbands.o
a - save_in_electrons.o
a - scale_h.o
a - loc_scdm.o
a - loc_scdm_k.o
a - scf_mod.o
a - set_kplusq.o
a - set_kup_and_kdw.o
a - set_occupations.o
a - set_rhoc.o
a - set_spin_vars.o
a - set_vrs.o
a - setlocal.o
a - setup.o
a - scissor.o
a - sic.o
a - stop_run.o
a - stres_cc.o
a - stres_ewa.o
a - stres_gradcorr.o
a - stres_har.o
a - stres_hub.o
a - stres_knl.o
a - stres_loc.o
a - stres_us.o
a - stres_nonloc_dft.o
a - stres_mgga.o
a - stress.o
a - struct_fact.o
a - sum_band.o
a - sumkg.o
a - sumkt.o
a - summary.o
a - symme.o
a - symm_base.o
a - symmetrize_at.o
a - tetra.o
a - transform_becsum_so.o
a - transform_becsum_nc.o
a - trnvecc.o
a - two_chem.o
a - update_pot.o
a - us_exx.o
a - usnldiag.o
a - v_of_rho.o
a - vcsmd.o
a - vcsubs.o
a - vhpsi.o
a - vloc_psi.o
a - utils.o
a - xdm_dispersion.o
a - wfcinit.o
a - write_ns.o
a - wsweight.o
a - weights.o
a - ortho_wfc.o
a - wannier_init.o
a - wannier_check.o
a - wannier_clean.o
a - wannier_occ.o
a - oscdft_input.o
a - oscdft_context.o
a - oscdft_base.o
a - oscdft_enums.o
a - oscdft_indices.o
a - oscdft_wavefunction.o
a - oscdft_wavefunction_subs.o
a - oscdft_functions.o
a - oscdft_occupations.o
a - oscdft_wfcO.o
a - oscdft_forces.o
a - oscdft_forces_subs.o
a - d3hess_mod.o
a - g_psi_mod_gpu.o
a - g_psi_gpu.o
a - h_psi_gpu.o
a - vhpsi_gpu.o
a - vloc_psi_gpu.o
a - pwcom_gpu.o
a - scf_mod_gpu.o
a - usnldiag_gpu.o
a - add_vuspsi_gpu.o
a - sum_band_gpu.o
a - newd_gpu.o
a - add_paw_to_deeq_gpu.o
a - add_vhub_to_deeq_gpu.o
a - rotate_wfc_gpu.o
a - hs_1psi_gpu.o
a - hs_psi_gpu.o
a - s_1psi_gpu.o
a - utils_gpu.o
a - oscdft_functions_gpu.o
ranlib libpw.a
make[2]: Leaving directory '/home/thiago/Documents/spyn/qe/q-e-qe-7.3.1/PW/src'
make[1]: Leaving directory '/home/thiago/Documents/spyn/qe/q-e-qe-7.3.1/PW'
if test -d PW ; then \
( cd PW ; make TLDEPS= all || exit 1) ; fi
make[1]: Entering directory '/home/thiago/Documents/spyn/qe/q-e-qe-7.3.1/PW'
( cd src ; make all || exit 1 )
make[2]: Entering directory '/home/thiago/Documents/spyn/qe/q-e-qe-7.3.1/PW/src'
if test -n "" ; then \
( cd ../.. ; make  || exit 1 ) ; fi
mpif90 -O2 -fallow-argument-mismatch -cpp -D__FFTW -D__MPI  -I/home/thiago/Documents/spyn/qe/q-e-qe-7.3.1//external/devxlib/src -I. -I/home/thiago/Documents/spyn/qe/q-e-qe-7.3.1//include -I/home/thiago/Documents/spyn/qe/q-e-qe-7.3.1//upflib -I/home/thiago/Documents/spyn/qe/q-e-qe-7.3.1//XClib -I/home/thiago/Documents/spyn/qe/q-e-qe-7.3.1//Modules -I/home/thiago/Documents/spyn/qe/q-e-qe-7.3.1//FFTXlib/src -I/home/thiago/Documents/spyn/qe/q-e-qe-7.3.1//LAXlib -I/home/thiago/Documents/spyn/qe/q-e-qe-7.3.1//UtilXlib -I/home/thiago/Documents/spyn/qe/q-e-qe-7.3.1//MBD -I/home/thiago/Documents/spyn/qe/q-e-qe-7.3.1//KS_Solvers  -I../../dft-d3/ -c pwscf.f90
mpif90 -g -o pw.x \
   pwscf.o  libpw.a ../../KS_Solvers/libks_solvers.a ../../dft-d3/libdftd3qe.a /home/thiago/Documents/spyn/qe/q-e-qe-7.3.1//Modules/libqemod.a /home/thiago/Documents/spyn/qe/q-e-qe-7.3.1//upflib/libupf.a /home/thiago/Documents/spyn/qe/q-e-qe-7.3.1//XClib/xc_lib.a /home/thiago/Documents/spyn/qe/q-e-qe-7.3.1//FFTXlib/src/libqefft.a /home/thiago/Documents/spyn/qe/q-e-qe-7.3.1//LAXlib/libqela.a /home/thiago/Documents/spyn/qe/q-e-qe-7.3.1//UtilXlib/libutil.a /home/thiago/Documents/spyn/qe/q-e-qe-7.3.1//MBD/libmbd.a  -L/home/thiago/Documents/spyn/qe/q-e-qe-7.3.1//external/devxlib/src -ldevXlib  -L/usr/local/lib -llapack  -lblas    -lblas      
/usr/bin/ld: warning: efermig.o: requires executable stack (because the .note.GNU-stack section is executable)
( cd ../../bin; ln -fs ../PW/src/pw.x . ; \
               ln -fs ../PW/src/pw.x dist.x ; ln -fs ../PW/src/pw.x manypw.x ; )
make[2]: Leaving directory '/home/thiago/Documents/spyn/qe/q-e-qe-7.3.1/PW/src'
( cd tools ; make all || exit 1 )
make[2]: Entering directory '/home/thiago/Documents/spyn/qe/q-e-qe-7.3.1/PW/tools'
if test -n "" ; then \
( cd ../.. ; make  || exit 1 ) ; fi
mpif90 -O2 -fallow-argument-mismatch -cpp -D__FFTW -D__MPI  -I/home/thiago/Documents/spyn/qe/q-e-qe-7.3.1//external/devxlib/src -I. -I/home/thiago/Documents/spyn/qe/q-e-qe-7.3.1//include -I/home/thiago/Documents/spyn/qe/q-e-qe-7.3.1//upflib -I/home/thiago/Documents/spyn/qe/q-e-qe-7.3.1//XClib -I/home/thiago/Documents/spyn/qe/q-e-qe-7.3.1//Modules -I/home/thiago/Documents/spyn/qe/q-e-qe-7.3.1//FFTXlib/src -I/home/thiago/Documents/spyn/qe/q-e-qe-7.3.1//LAXlib -I/home/thiago/Documents/spyn/qe/q-e-qe-7.3.1//UtilXlib -I/home/thiago/Documents/spyn/qe/q-e-qe-7.3.1//MBD -I/home/thiago/Documents/spyn/qe/q-e-qe-7.3.1//KS_Solvers  -I../src -I../../dft-d3/ -c ev.f90
mpif90 -O2 -fallow-argument-mismatch -cpp -D__FFTW -D__MPI  -I/home/thiago/Documents/spyn/qe/q-e-qe-7.3.1//external/devxlib/src -I. -I/home/thiago/Documents/spyn/qe/q-e-qe-7.3.1//include -I/home/thiago/Documents/spyn/qe/q-e-qe-7.3.1//upflib -I/home/thiago/Documents/spyn/qe/q-e-qe-7.3.1//XClib -I/home/thiago/Documents/spyn/qe/q-e-qe-7.3.1//Modules -I/home/thiago/Documents/spyn/qe/q-e-qe-7.3.1//FFTXlib/src -I/home/thiago/Documents/spyn/qe/q-e-qe-7.3.1//LAXlib -I/home/thiago/Documents/spyn/qe/q-e-qe-7.3.1//UtilXlib -I/home/thiago/Documents/spyn/qe/q-e-qe-7.3.1//MBD -I/home/thiago/Documents/spyn/qe/q-e-qe-7.3.1//KS_Solvers  -I../src -I../../dft-d3/ -c kpoints.f90
mpif90 -O2 -fallow-argument-mismatch -cpp -D__FFTW -D__MPI  -I/home/thiago/Documents/spyn/qe/q-e-qe-7.3.1//external/devxlib/src -I. -I/home/thiago/Documents/spyn/qe/q-e-qe-7.3.1//include -I/home/thiago/Documents/spyn/qe/q-e-qe-7.3.1//upflib -I/home/thiago/Documents/spyn/qe/q-e-qe-7.3.1//XClib -I/home/thiago/Documents/spyn/qe/q-e-qe-7.3.1//Modules -I/home/thiago/Documents/spyn/qe/q-e-qe-7.3.1//FFTXlib/src -I/home/thiago/Documents/spyn/qe/q-e-qe-7.3.1//LAXlib -I/home/thiago/Documents/spyn/qe/q-e-qe-7.3.1//UtilXlib -I/home/thiago/Documents/spyn/qe/q-e-qe-7.3.1//MBD -I/home/thiago/Documents/spyn/qe/q-e-qe-7.3.1//KS_Solvers  -I../src -I../../dft-d3/ -c pwi2xsf.f90
mpif90 -O2 -fallow-argument-mismatch -cpp -D__FFTW -D__MPI  -I/home/thiago/Documents/spyn/qe/q-e-qe-7.3.1//external/devxlib/src -I. -I/home/thiago/Documents/spyn/qe/q-e-qe-7.3.1//include -I/home/thiago/Documents/spyn/qe/q-e-qe-7.3.1//upflib -I/home/thiago/Documents/spyn/qe/q-e-qe-7.3.1//XClib -I/home/thiago/Documents/spyn/qe/q-e-qe-7.3.1//Modules -I/home/thiago/Documents/spyn/qe/q-e-qe-7.3.1//FFTXlib/src -I/home/thiago/Documents/spyn/qe/q-e-qe-7.3.1//LAXlib -I/home/thiago/Documents/spyn/qe/q-e-qe-7.3.1//UtilXlib -I/home/thiago/Documents/spyn/qe/q-e-qe-7.3.1//MBD -I/home/thiago/Documents/spyn/qe/q-e-qe-7.3.1//KS_Solvers  -I../src -I../../dft-d3/ -c ibrav2cell.f90
mpif90 -O2 -fallow-argument-mismatch -cpp -D__FFTW -D__MPI  -I/home/thiago/Documents/spyn/qe/q-e-qe-7.3.1//external/devxlib/src -I. -I/home/thiago/Documents/spyn/qe/q-e-qe-7.3.1//include -I/home/thiago/Documents/spyn/qe/q-e-qe-7.3.1//upflib -I/home/thiago/Documents/spyn/qe/q-e-qe-7.3.1//XClib -I/home/thiago/Documents/spyn/qe/q-e-qe-7.3.1//Modules -I/home/thiago/Documents/spyn/qe/q-e-qe-7.3.1//FFTXlib/src -I/home/thiago/Documents/spyn/qe/q-e-qe-7.3.1//LAXlib -I/home/thiago/Documents/spyn/qe/q-e-qe-7.3.1//UtilXlib -I/home/thiago/Documents/spyn/qe/q-e-qe-7.3.1//MBD -I/home/thiago/Documents/spyn/qe/q-e-qe-7.3.1//KS_Solvers  -I../src -I../../dft-d3/ -c cell2ibrav.f90
mpif90 -O2 -fallow-argument-mismatch -cpp -D__FFTW -D__MPI  -I/home/thiago/Documents/spyn/qe/q-e-qe-7.3.1//external/devxlib/src -I. -I/home/thiago/Documents/spyn/qe/q-e-qe-7.3.1//include -I/home/thiago/Documents/spyn/qe/q-e-qe-7.3.1//upflib -I/home/thiago/Documents/spyn/qe/q-e-qe-7.3.1//XClib -I/home/thiago/Documents/spyn/qe/q-e-qe-7.3.1//Modules -I/home/thiago/Documents/spyn/qe/q-e-qe-7.3.1//FFTXlib/src -I/home/thiago/Documents/spyn/qe/q-e-qe-7.3.1//LAXlib -I/home/thiago/Documents/spyn/qe/q-e-qe-7.3.1//UtilXlib -I/home/thiago/Documents/spyn/qe/q-e-qe-7.3.1//MBD -I/home/thiago/Documents/spyn/qe/q-e-qe-7.3.1//KS_Solvers  -I../src -I../../dft-d3/ -c scan_ibrav.f90
mpif90 -O2 -fallow-argument-mismatch -cpp -D__FFTW -D__MPI  -I/home/thiago/Documents/spyn/qe/q-e-qe-7.3.1//external/devxlib/src -I. -I/home/thiago/Documents/spyn/qe/q-e-qe-7.3.1//include -I/home/thiago/Documents/spyn/qe/q-e-qe-7.3.1//upflib -I/home/thiago/Documents/spyn/qe/q-e-qe-7.3.1//XClib -I/home/thiago/Documents/spyn/qe/q-e-qe-7.3.1//Modules -I/home/thiago/Documents/spyn/qe/q-e-qe-7.3.1//FFTXlib/src -I/home/thiago/Documents/spyn/qe/q-e-qe-7.3.1//LAXlib -I/home/thiago/Documents/spyn/qe/q-e-qe-7.3.1//UtilXlib -I/home/thiago/Documents/spyn/qe/q-e-qe-7.3.1//MBD -I/home/thiago/Documents/spyn/qe/q-e-qe-7.3.1//KS_Solvers  -I../src -I../../dft-d3/ -c rism1d.f90
mpif90 -g -o kpoints.x \
	kpoints.o ../src/libpw.a ../../KS_Solvers/libks_solvers.a ../../dft-d3/libdftd3qe.a /home/thiago/Documents/spyn/qe/q-e-qe-7.3.1//Modules/libqemod.a /home/thiago/Documents/spyn/qe/q-e-qe-7.3.1//upflib/libupf.a /home/thiago/Documents/spyn/qe/q-e-qe-7.3.1//XClib/xc_lib.a /home/thiago/Documents/spyn/qe/q-e-qe-7.3.1//FFTXlib/src/libqefft.a /home/thiago/Documents/spyn/qe/q-e-qe-7.3.1//LAXlib/libqela.a /home/thiago/Documents/spyn/qe/q-e-qe-7.3.1//UtilXlib/libutil.a /home/thiago/Documents/spyn/qe/q-e-qe-7.3.1//MBD/libmbd.a  -L/home/thiago/Documents/spyn/qe/q-e-qe-7.3.1//external/devxlib/src -ldevXlib  -L/usr/local/lib -llapack  -lblas    -lblas      
( cd ../../bin ; ln -fs ../PW/tools/kpoints.x . )
mpif90 -g -o pwi2xsf.x \
	pwi2xsf.o ../src/libpw.a ../../KS_Solvers/libks_solvers.a ../../dft-d3/libdftd3qe.a /home/thiago/Documents/spyn/qe/q-e-qe-7.3.1//Modules/libqemod.a /home/thiago/Documents/spyn/qe/q-e-qe-7.3.1//upflib/libupf.a /home/thiago/Documents/spyn/qe/q-e-qe-7.3.1//XClib/xc_lib.a /home/thiago/Documents/spyn/qe/q-e-qe-7.3.1//FFTXlib/src/libqefft.a /home/thiago/Documents/spyn/qe/q-e-qe-7.3.1//LAXlib/libqela.a /home/thiago/Documents/spyn/qe/q-e-qe-7.3.1//UtilXlib/libutil.a /home/thiago/Documents/spyn/qe/q-e-qe-7.3.1//MBD/libmbd.a  -L/home/thiago/Documents/spyn/qe/q-e-qe-7.3.1//external/devxlib/src -ldevXlib  -L/usr/local/lib -llapack  -lblas    -lblas      
mpif90 -g -o ibrav2cell.x \
	ibrav2cell.o ../src/libpw.a ../../KS_Solvers/libks_solvers.a ../../dft-d3/libdftd3qe.a /home/thiago/Documents/spyn/qe/q-e-qe-7.3.1//Modules/libqemod.a /home/thiago/Documents/spyn/qe/q-e-qe-7.3.1//upflib/libupf.a /home/thiago/Documents/spyn/qe/q-e-qe-7.3.1//XClib/xc_lib.a /home/thiago/Documents/spyn/qe/q-e-qe-7.3.1//FFTXlib/src/libqefft.a /home/thiago/Documents/spyn/qe/q-e-qe-7.3.1//LAXlib/libqela.a /home/thiago/Documents/spyn/qe/q-e-qe-7.3.1//UtilXlib/libutil.a /home/thiago/Documents/spyn/qe/q-e-qe-7.3.1//MBD/libmbd.a  -L/home/thiago/Documents/spyn/qe/q-e-qe-7.3.1//external/devxlib/src -ldevXlib  -L/usr/local/lib -llapack  -lblas    -lblas      
mpif90 -g -o rism1d.x \
	rism1d.o ../src/libpw.a ../../KS_Solvers/libks_solvers.a ../../dft-d3/libdftd3qe.a /home/thiago/Documents/spyn/qe/q-e-qe-7.3.1//Modules/libqemod.a /home/thiago/Documents/spyn/qe/q-e-qe-7.3.1//upflib/libupf.a /home/thiago/Documents/spyn/qe/q-e-qe-7.3.1//XClib/xc_lib.a /home/thiago/Documents/spyn/qe/q-e-qe-7.3.1//FFTXlib/src/libqefft.a /home/thiago/Documents/spyn/qe/q-e-qe-7.3.1//LAXlib/libqela.a /home/thiago/Documents/spyn/qe/q-e-qe-7.3.1//UtilXlib/libutil.a /home/thiago/Documents/spyn/qe/q-e-qe-7.3.1//MBD/libmbd.a   -L/home/thiago/Documents/spyn/qe/q-e-qe-7.3.1//external/devxlib/src -ldevXlib  -L/usr/local/lib -llapack  -lblas    -lblas      
mpif90 -g -o ev.x \
	ev.o ../src/libpw.a ../../KS_Solvers/libks_solvers.a ../../dft-d3/libdftd3qe.a /home/thiago/Documents/spyn/qe/q-e-qe-7.3.1//Modules/libqemod.a /home/thiago/Documents/spyn/qe/q-e-qe-7.3.1//upflib/libupf.a /home/thiago/Documents/spyn/qe/q-e-qe-7.3.1//XClib/xc_lib.a /home/thiago/Documents/spyn/qe/q-e-qe-7.3.1//FFTXlib/src/libqefft.a /home/thiago/Documents/spyn/qe/q-e-qe-7.3.1//LAXlib/libqela.a /home/thiago/Documents/spyn/qe/q-e-qe-7.3.1//UtilXlib/libutil.a /home/thiago/Documents/spyn/qe/q-e-qe-7.3.1//MBD/libmbd.a  -L/home/thiago/Documents/spyn/qe/q-e-qe-7.3.1//external/devxlib/src -ldevXlib  -L/usr/local/lib -llapack  -lblas    -lblas      
( cd ../../bin ; ln -fs ../PW/tools/ibrav2cell.x . )
mpif90 -g -o cell2ibrav.x \
	cell2ibrav.o ../src/libpw.a ../../KS_Solvers/libks_solvers.a ../../dft-d3/libdftd3qe.a /home/thiago/Documents/spyn/qe/q-e-qe-7.3.1//Modules/libqemod.a /home/thiago/Documents/spyn/qe/q-e-qe-7.3.1//upflib/libupf.a /home/thiago/Documents/spyn/qe/q-e-qe-7.3.1//XClib/xc_lib.a /home/thiago/Documents/spyn/qe/q-e-qe-7.3.1//FFTXlib/src/libqefft.a /home/thiago/Documents/spyn/qe/q-e-qe-7.3.1//LAXlib/libqela.a /home/thiago/Documents/spyn/qe/q-e-qe-7.3.1//UtilXlib/libutil.a /home/thiago/Documents/spyn/qe/q-e-qe-7.3.1//MBD/libmbd.a  -L/home/thiago/Documents/spyn/qe/q-e-qe-7.3.1//external/devxlib/src -ldevXlib  -L/usr/local/lib -llapack  -lblas    -lblas      
/usr/bin/ld: warning: ev.o: requires executable stack (because the .note.GNU-stack section is executable)
( cd ../../bin ; ln -fs ../PW/tools/ev.x . )
( cd ../../bin ; ln -fs ../PW/tools/pwi2xsf.x . )
mpif90 -g -o scan_ibrav.x \
	scan_ibrav.o ../src/libpw.a ../../KS_Solvers/libks_solvers.a ../../dft-d3/libdftd3qe.a /home/thiago/Documents/spyn/qe/q-e-qe-7.3.1//Modules/libqemod.a /home/thiago/Documents/spyn/qe/q-e-qe-7.3.1//upflib/libupf.a /home/thiago/Documents/spyn/qe/q-e-qe-7.3.1//XClib/xc_lib.a /home/thiago/Documents/spyn/qe/q-e-qe-7.3.1//FFTXlib/src/libqefft.a /home/thiago/Documents/spyn/qe/q-e-qe-7.3.1//LAXlib/libqela.a /home/thiago/Documents/spyn/qe/q-e-qe-7.3.1//UtilXlib/libutil.a /home/thiago/Documents/spyn/qe/q-e-qe-7.3.1//MBD/libmbd.a  -L/home/thiago/Documents/spyn/qe/q-e-qe-7.3.1//external/devxlib/src -ldevXlib  -L/usr/local/lib -llapack  -lblas    -lblas      
( cd ../../bin ; ln -fs ../PW/tools/cell2ibrav.x . )
/usr/bin/ld: warning: scan_ibrav.o: requires executable stack (because the .note.GNU-stack section is executable)
/usr/bin/ld: warning: efermig.o: requires executable stack (because the .note.GNU-stack section is executable)
( cd ../../bin ; ln -fs ../PW/tools/scan_ibrav.x . )
( cd ../../bin ; ln -fs ../PW/tools/rism1d.x . )
make[2]: Leaving directory '/home/thiago/Documents/spyn/qe/q-e-qe-7.3.1/PW/tools'
make[1]: Leaving directory '/home/thiago/Documents/spyn/qe/q-e-qe-7.3.1/PW'
make: Leaving directory '/home/thiago/Documents/spyn/qe/q-e-qe-7.3.1'
